source_center,destination_center,route_type,trip_count,median_delay_ratio,mean_factor,sla_breach_pct,severe_breach_pct,avg_actual_min,avg_osrm_min,avg_dist_km,edge_weight
IND000000ACA,IND140406AAA,FTL,6,1.7421052631578946,2.1973684210526314,1.0,1.0,21.5,12.166666666666666,17.194283333333335,1.7421052631578946
IND854326AAB,IND854334AAA,FTL,3,3.6923076923076925,3.9159544159544164,1.0,1.0,57.0,15.666666666666666,22.459533333333336,3.6923076923076925
IND854334AAA,IND852118AAA,FTL,7,1.3333333333333333,1.3197278911564625,1.0,0.0,28.285714285714285,21.428571428571427,23.88137142857143,1.3333333333333333
IND509124AAA,IND509103AAB,FTL,18,1.8571428571428572,1.987968586424469,1.0,0.7777777777777778,38.44444444444444,19.444444444444443,22.840094444444443,1.8571428571428572
IND509124AAA,IND509103AAC,FTL,7,1.6363636363636365,1.7658040488922844,1.0,0.5714285714285714,42.714285714285715,22.0,25.711442857142856,1.6363636363636365
IND509124AAA,IND518002AAA,FTL,3,2.1363636363636362,2.971380471380471,1.0,1.0,63.0,20.666666666666668,27.84613333333333,2.1363636363636362
IND509124AAA,IND584101AAA,FTL,6,1.517777777777778,1.7427375201288244,1.0,0.5,27.666666666666668,18.333333333333332,17.25855,1.517777777777778
IND509216AAC,IND501359AAE,FTL,10,2.829710144927536,2.454578392621871,1.0,0.7,33.5,12.5,15.74063,2.829710144927536
IND509301AAA,IND509216AAC,FTL,9,1.588235294117647,2.483841684822077,1.0,0.5555555555555556,29.444444444444443,12.666666666666666,17.830177777777777,1.588235294117647
IND509324AAA,IND508248AAB,FTL,16,2.1176470588235294,2.308041101055807,1.0,1.0,37.25,16.4375,23.87810625,2.1176470588235294
IND509358AAA,IND508248AAB,FTL,24,2.1470588235294117,2.1651775988173045,1.0,0.9583333333333334,43.875,20.583333333333332,28.794808333333332,2.1470588235294117
IND515004AAA,IND515411AAA,FTL,6,2.1911764705882355,2.645658263305322,1.0,1.0,32.666666666666664,13.166666666666666,19.189333333333334,2.1911764705882355
IND515004AAA,IND515671AAA,FTL,26,1.875,3.3334126984126984,1.0,0.8846153846153846,43.03846153846154,16.307692307692307,19.924646153846155,1.875
IND515004AAA,IND515801AAA,FTL,6,2.34375,2.254372024846163,1.0,0.8333333333333334,47.166666666666664,19.0,26.721466666666668,2.34375
IND848101AAA,IND844505AAB,FTL,20,2.9705882352941178,4.4072927416580665,1.0,1.0,48.1,14.7,20.890705,2.9705882352941178
IND848114AAA,IND848210AAA,FTL,21,1.72,1.7963997113997114,1.0,0.8571428571428571,43.80952380952381,24.38095238095238,23.708871428571427,1.72
IND848210AAA,IND842001AAA,FTL,12,3.7666666666666666,3.8878156565656568,1.0,0.9166666666666666,70.75,17.0,21.629041666666666,3.7666666666666666
IND851127AAA,IND842001AAA,FTL,80,3.414285714285714,4.194553408301407,1.0,0.975,79.625,19.1,22.41364375,3.414285714285714
IND851127AAA,IND851112AAB,FTL,4,2.269230769230769,2.293091168091168,1.0,1.0,60.25,26.25,32.246375,2.269230769230769
IND000000ACB,IND301705AAA,FTL,3,4.0,3.705882352941176,1.0,1.0,69.66666666666667,18.666666666666668,20.9742,4.0
IND852111AAA,IND854311AAA,FTL,3,1.930232558139535,1.9414500683994529,1.0,1.0,48.666666666666664,25.0,32.6201,1.930232558139535
IND852111AAA,IND854335AAA,FTL,1,1.5,1.5,1.0,0.0,24.0,16.0,23.403,1.5
IND852113AAA,IND852139AAB,FTL,20,2.708333333333333,2.9783065111217284,1.0,1.0,71.45,24.0,33.726684999999996,2.708333333333333
IND852113AAA,IND852201AAA,FTL,1,3.9411764705882355,3.941176470588236,1.0,1.0,67.0,17.0,22.5405,3.9411764705882355
IND852118A1B,IND854326AAB,FTL,3,1.7777777777777777,2.2800925925925926,1.0,1.0,52.0,22.333333333333332,30.054999999999996,1.7777777777777777
IND843329AAB,IND843301AAA,FTL,13,2.789473684210526,3.050629779577148,1.0,1.0,58.30769230769231,19.23076923076923,26.747207692307693,2.789473684210526
IND844101AAB,IND841207AAB,FTL,1,2.611111111111111,2.611111111111111,1.0,1.0,47.0,18.0,23.8946,2.611111111111111
IND844505AAB,IND842001AAA,FTL,16,11.357466063348415,10.975082659505633,1.0,1.0,537.375,45.0,64.34305625,11.357466063348415
IND845418AAB,IND845438AAA,FTL,36,2.1176470588235294,2.2167588085708516,1.0,0.8888888888888888,40.666666666666664,18.694444444444443,24.192144444444445,2.1176470588235294
IND845438AAA,IND845455AAB,FTL,29,1.875,2.25894432632593,1.0,0.896551724137931,33.793103448275865,16.689655172413794,19.602020689655173,1.875
IND845455AAB,IND842001AAA,FTL,119,2.125,2.438249993029579,1.0,0.865546218487395,44.94117647058823,18.327731092436974,25.147553781512606,2.125
IND845455AAB,IND845418AAB,FTL,12,2.1413690476190474,2.225188538452661,1.0,0.9166666666666666,48.916666666666664,22.583333333333332,28.250483333333335,2.1413690476190474
IND846004AAA,IND847103AAA,FTL,39,2.3333333333333335,3.1359172228737444,1.0,0.9743589743589743,30.487179487179485,12.512820512820513,14.022046153846153,2.3333333333333335
IND846004AAA,IND847404AAB,FTL,2,2.7677484787018254,2.767748478701826,1.0,1.0,66.5,23.0,23.566450000000003,2.7677484787018254
IND847223AAA,IND842001AAA,FTL,19,9.953846153846154,10.394977950509084,1.0,0.9473684210526315,505.1578947368421,52.526315789473685,70.16298421052632,9.953846153846154
IND847226AAA,IND842001AAA,FTL,104,2.207792207792208,10.330220073998467,1.0,0.9711538461538461,149.83653846153845,16.528846153846153,23.954261538461537,2.207792207792208
IND842001AAA,IND845438AAA,FTL,30,2.5277777777777777,3.019790653103347,1.0,0.9,38.266666666666666,15.033333333333333,21.94176,2.5277777777777777
IND842001AAA,IND847212AAA,FTL,88,1.8210526315789473,2.4667028768699013,1.0,0.7727272727272727,41.38636363636363,17.96590909090909,24.63420340909091,1.8210526315789473
IND842001AAA,IND848101AAA,FTL,3,5.0,4.481481481481481,1.0,1.0,47.666666666666664,11.666666666666666,17.46976666666667,5.0
IND842001AAA,IND848114AAA,FTL,60,2.0625,2.3316016214177977,1.0,1.0,36.35,15.633333333333333,22.896261666666664,2.0625
IND842003AAB,IND480661AAA,FTL,14,2.0,2.0876345274952084,1.0,0.7142857142857143,30.642857142857142,15.714285714285714,22.48075714285714,2.0
IND842003AAB,IND480886AAA,FTL,30,2.19375,2.241845126551009,1.0,1.0,41.13333333333333,17.866666666666667,25.37505666666667,2.19375
IND842003AAB,IND482002AAA,Carting,4,23.1875,28.53125,1.0,1.0,228.25,8.0,10.846075,23.1875
IND842003AAB,IND483225AAA,FTL,6,2.78125,2.8395833333333336,1.0,1.0,32.166666666666664,11.5,16.9323,2.78125
IND842003AAB,IND483501AAA,FTL,42,2.375,2.6132062181597786,1.0,1.0,40.61904761904762,14.833333333333334,21.060533333333336,2.375
IND842003AAB,IND487001AAA,FTL,8,1.688095238095238,1.7558440970261624,1.0,0.875,38.0,22.125,26.6346,1.688095238095238
IND843109AAB,IND842001AAA,Carting,4,2.333333333333333,3.8854166666666665,1.0,1.0,13.0,5.0,7.29635,2.333333333333333
IND843126AAA,IND842001AAA,Carting,24,2.5,4.976140873015873,1.0,0.9583333333333334,37.208333333333336,7.583333333333333,11.548404166666666,2.5
IND843301AAA,IND843320AAA,FTL,28,1.88,10.173586160216596,1.0,0.6428571428571429,42.035714285714285,17.892857142857142,20.078667857142857,1.88
IND843320AAA,IND847223AAA,FTL,8,2.425,3.2610902255639096,1.0,1.0,64.375,20.0,23.3774875,2.425
IND110037AAM,IND110020AAB,Carting,20,2.9,8.629421411921411,1.0,1.0,44.85,11.35,12.021755,2.9
IND110037AAM,IND110024AAA,Carting,29,2.5,2.5152703618220857,1.0,0.9655172413793104,30.06896551724138,11.89655172413793,12.583389655172413,2.5
IND110037AAM,IND110064AAA,Carting,2,5.39375,5.39375,1.0,1.0,103.5,18.0,14.17905,5.39375
IND110037AAM,IND110092AAC,Carting,3,2.0,1.968671679197995,1.0,0.6666666666666666,22.333333333333332,12.0,11.143500000000001,2.0
IND000000ADM,IND683511AAA,Carting,3,1.5454545454545454,5.43939393939394,1.0,0.6666666666666666,28.333333333333332,8.666666666666666,8.149833333333333,1.5454545454545454
IND000000AET,IND000000AAS,FTL,24,2.9761904761904763,3.053000414160479,1.0,1.0,38.333333333333336,15.75,22.7910875,2.9761904761904763
IND000000AFF,IND734203AAA,FTL,3,4.842105263157895,4.5964912280701755,1.0,1.0,87.33333333333333,19.0,27.9396,4.842105263157895
IND000000AFG,IND673027AAB,FTL,2,1.8255360623781676,1.8255360623781678,1.0,1.0,41.5,23.0,22.171349999999997,1.8255360623781676
IND000000AFG,IND673632AAA,FTL,6,2.176245210727969,2.266016574002055,1.0,0.8333333333333334,51.666666666666664,23.5,22.696433333333335,2.176245210727969
IND000000AFJ,IND695572AAB,Carting,2,2.333333333333333,2.333333333333333,1.0,1.0,30.0,13.0,11.389050000000001,2.333333333333333
IND000000AFR,IND683511AAA,Carting,24,1.8,2.205886937136937,1.0,0.875,23.875,10.791666666666666,9.661933333333334,1.8
IND000000AFT,IND400701AAA,Carting,2,3.25,3.25,1.0,1.0,28.0,9.0,12.52195,3.25
IND000000AFT,IND400706AAA,Carting,2,3.511111111111111,3.511111111111111,1.0,1.0,56.0,14.0,14.15335,3.511111111111111
IND000000AFT,IND410206AAB,Carting,2,2.8,2.8,1.0,1.0,26.0,9.0,10.288499999999999,2.8
IND515134AAA,IND515591AAA,FTL,16,1.5239651416122004,1.6550814599344013,1.0,0.6875,38.875,24.25,22.7663,1.5239651416122004
IND515201AAA,IND515301AAA,Carting,42,2.3095238095238093,2.960808767951625,1.0,1.0,19.404761904761905,6.880952380952381,10.354830952380953,2.3095238095238093
IND515301AAA,IND561202AAB,Carting,32,1.8,1.972348484848485,1.0,0.8125,15.53125,8.03125,8.714921875,1.8
IND515401AAB,IND515801AAA,FTL,35,2.4375,2.8271802054154995,1.0,1.0,28.942857142857143,10.628571428571428,15.420382857142856,2.4375
IND515411AAA,IND516360AAB,FTL,6,1.9583333333333335,1.871771967318952,1.0,0.8333333333333334,39.666666666666664,21.666666666666668,28.602083333333336,1.9583333333333335
IND515591AAA,IND516269AAA,FTL,30,1.6125,1.7277183296006826,1.0,0.7666666666666667,36.766666666666666,21.4,23.614106666666668,1.6125
IND515671AAA,IND515134AAA,FTL,26,1.5,1.6567721035227667,1.0,0.46153846153846156,26.115384615384617,16.846153846153847,18.282015384615384,1.5
IND515671AAA,IND515591AAA,FTL,3,1.6111111111111112,1.9917881682587566,1.0,0.6666666666666666,51.333333333333336,26.0,25.855900000000002,1.6111111111111112
IND515801AAA,IND515761AAA,FTL,4,1.7692307692307692,1.9074725274725277,1.0,1.0,50.0,27.5,29.309800000000003,1.7692307692307692
IND515865AAB,IND515761AAA,FTL,36,1.7003205128205128,1.8716830794004704,1.0,0.8611111111111112,26.88888888888889,15.833333333333334,20.00226388888889,1.7003205128205128
IND508206AAA,IND507002AAA,FTL,4,1.925,1.93125,1.0,1.0,27.0,14.0,18.22145,1.925
IND508206AAA,IND508207AAB,FTL,8,2.0900735294117645,2.0757761437908497,1.0,1.0,35.75,17.25,24.924325,2.0900735294117645
IND508207AAB,IND507002AAA,FTL,20,2.375,3.0993575851393187,1.0,1.0,50.1,16.1,22.294565,2.375
IND508207AAB,IND508206AAA,FTL,2,2.7534722222222223,2.7534722222222223,1.0,1.0,46.0,17.0,24.92745,2.7534722222222223
IND110037AAM,IND282001AAC,FTL,8,1.9444444444444446,2.01817384004884,1.0,0.875,39.25,19.0,25.41555,1.9444444444444446
IND110037AAM,IND282002AAD,FTL,8,1.9210526315789473,1.9232676513587892,1.0,1.0,36.875,19.0,25.5794,1.9210526315789473
IND834002AAB,IND829122AAA,FTL,28,2.45,2.522821257689679,1.0,0.9285714285714286,36.42857142857143,15.535714285714286,21.829935714285714,2.45
IND841101AAA,IND841207AAB,FTL,3,2.611111111111111,4.714814814814814,1.0,1.0,70.33333333333333,15.666666666666666,21.911233333333332,2.611111111111111
IND841226AAB,IND841428AAA,Carting,2,4.5,4.5,1.0,1.0,28.0,11.5,16.5874,4.5
IND841226AAB,IND841428AAA,FTL,2,3.2279411764705883,3.2279411764705883,1.0,1.0,30.5,10.5,15.6228,3.2279411764705883
IND841424AAA,IND841226AAB,FTL,9,2.1333333333333333,2.254459628969433,1.0,1.0,33.22222222222222,14.555555555555555,20.968322222222223,2.1333333333333333
IND841424AAA,IND841428AAA,FTL,24,2.6076923076923078,3.5113276128756006,1.0,1.0,60.708333333333336,16.75,24.236158333333332,2.6076923076923078
IND842001AAA,IND843105AAB,FTL,20,2.8125,2.7976102941176473,1.0,1.0,44.85,16.05,23.226435000000002,2.8125
IND842001AAA,IND843109AAB,Carting,29,3.5714285714285716,3.8448275862068964,1.0,0.9655172413793104,18.862068965517242,5.0344827586206895,7.703641379310344,3.5714285714285716
IND842001AAA,IND843126AAA,Carting,9,3.0,3.896014073645653,1.0,0.8888888888888888,31.666666666666668,8.11111111111111,10.274888888888889,3.0
IND842001AAA,IND843320AAA,FTL,3,1.5,2.601449275362319,1.0,0.3333333333333333,100.0,32.333333333333336,37.19263333333333,1.5
IND110014AAA,IND110024AAA,Carting,14,3.1720779220779223,3.06389146567718,1.0,1.0,26.357142857142858,8.785714285714286,9.482657142857144,3.1720779220779223
IND110020AAB,IND110037AAM,Carting,7,2.4615384615384617,5.534505494505495,1.0,0.8571428571428571,103.85714285714286,14.0,15.7475,2.4615384615384617
IND110024AAA,IND110014AAA,Carting,10,1.7738095238095237,2.0692460317460317,1.0,0.8,14.9,7.3,9.29031,1.7738095238095237
IND826004AAA,IND828205AAA,Carting,3,1.8333333333333333,2.388888888888889,1.0,0.6666666666666666,14.333333333333334,6.0,9.096066666666667,1.8333333333333333
IND827013AAA,IND829121AAA,Carting,8,1.9603174603174602,2.375347222222222,1.0,0.875,15.125,6.875,10.0502,1.9603174603174602
IND827013AAA,IND829121AAA,FTL,6,2.068421052631579,2.494298245614035,1.0,0.8333333333333334,23.0,11.833333333333334,17.187316666666668,2.068421052631579
IND828111AAA,IND826004AAA,Carting,12,5.045454545454545,9.847890671420084,1.0,1.0,102.41666666666667,8.916666666666666,10.590291666666667,5.045454545454545
IND828401AAB,IND826004AAA,Carting,22,2.3095238095238093,3.078061332606787,1.0,1.0,19.545454545454547,6.590909090909091,9.58855,2.3095238095238093
IND829121AAA,IND834002AAB,FTL,3,7.409836065573771,6.990607923497268,1.0,1.0,432.3333333333333,62.0,85.81456666666668,7.409836065573771
IND832109AAB,IND834002AAB,FTL,106,2.41875,2.6177886077466446,1.0,0.9716981132075472,49.301886792452834,17.77358490566038,24.936546226415096,2.41875
IND834002AAB,IND825102AAA,FTL,8,3.092307692307692,3.2644399418516263,1.0,1.0,77.5,25.75,27.1189875,3.092307692307692
IND110037AAM,IND125001AAA,FTL,7,1.75,2.477192023359271,1.0,0.8571428571428571,76.0,25.857142857142858,28.639614285714288,1.75
IND110037AAM,IND201301AAD,Carting,9,2.8333333333333335,4.290957190957191,1.0,1.0,49.333333333333336,12.0,11.732199999999999,2.8333333333333335
IND110037AAM,IND201301AAF,Carting,15,1.9090909090909092,2.1538709438709436,1.0,0.8,27.533333333333335,13.2,11.6159,1.9090909090909092
IND110037AAM,IND282001AAA,FTL,32,1.7893772893772892,2.0610352079210923,1.0,0.875,44.75,19.40625,25.942,1.7893772893772892
IND821115AAB,IND821109AAA,FTL,18,1.7662337662337662,2.0032741332741333,1.0,1.0,31.166666666666668,16.555555555555557,22.5136,1.7662337662337662
IND821115AAB,IND824101AAA,FTL,2,2.0775401069518717,2.0775401069518717,1.0,1.0,28.5,14.0,19.72865,2.0775401069518717
IND824101AAA,IND821115AAB,FTL,14,1.9337606837606838,2.226574538751721,1.0,1.0,34.142857142857146,14.642857142857142,20.23772857142857,1.9337606837606838
IND825102AAA,IND827013AAA,Carting,3,2.125,2.1083333333333334,1.0,1.0,17.333333333333332,8.0,10.521199999999999,2.125
IND825102AAA,IND827013AAA,FTL,2,2.0576923076923075,2.0576923076923075,1.0,1.0,53.5,26.0,32.3568,2.0576923076923075
IND825301AAA,IND825409AAA,FTL,42,2.6636363636363636,3.4949852361506495,1.0,0.9761904761904762,36.214285714285715,13.404761904761905,19.4405880952381,2.6636363636363636
IND826001AAC,IND828111AAA,Carting,2,2.5555555555555554,2.5555555555555554,1.0,1.0,23.0,9.0,10.5381,2.5555555555555554
IND826004AAA,IND815301AAA,FTL,15,1.8333333333333333,2.3279440366396886,1.0,0.9333333333333333,37.6,18.533333333333335,21.685873333333333,1.8333333333333333
IND110044AAB,IND110037AAM,Carting,6,2.0666666666666664,1.9947089947089947,1.0,0.8333333333333334,23.0,12.0,12.485283333333333,2.0666666666666664
IND110044AAB,IND201007AAA,Carting,21,2.375,2.513024250104082,1.0,0.8095238095238095,32.857142857142854,11.619047619047619,10.40617619047619,2.375
IND110064AAA,IND110005AAA,Carting,2,2.6538461538461537,2.6538461538461537,1.0,1.0,31.5,12.0,11.3041,2.6538461538461537
IND110064AAA,IND110046AAA,Carting,1,3.0,3.0,1.0,1.0,45.0,15.0,13.586200000000002,3.0
IND110077AAA,IND110043AAA,Carting,1,1.3333333333333333,1.3333333333333333,1.0,0.0,20.0,15.0,11.7786,1.3333333333333333
IND826004AAA,IND828111AAA,Carting,4,2.4444444444444446,2.3472222222222223,1.0,0.75,13.25,5.5,6.4737,2.4444444444444446
IND122001AAA,IND122050AAA,Carting,2,4.65,4.65,1.0,1.0,68.5,14.0,12.72295,4.65
IND122001AAA,IND122101AAC,Carting,2,1.6153846153846154,1.6153846153846154,1.0,0.5,11.0,8.0,6.83775,1.6153846153846154
IND122002AAD,IND122503AAA,Carting,7,2.2,2.3392290249433105,1.0,1.0,14.142857142857142,6.0,8.442214285714286,2.2
IND122004AAA,IND000000ACB,Carting,3,1.5454545454545454,1.692929292929293,1.0,1.0,18.0,11.0,11.898200000000001,1.5454545454545454
IND814112AAA,IND814133AAA,FTL,6,2.245614035087719,2.3105549822268086,1.0,1.0,42.666666666666664,18.5,26.549583333333334,2.245614035087719
IND815301AAA,IND814112AAA,FTL,3,2.5,2.260919540229885,1.0,0.6666666666666666,39.0,19.333333333333332,21.739733333333334,2.5
IND815301AAA,IND814133AAB,FTL,24,2.142156862745098,2.3164952937484853,1.0,0.9166666666666666,42.458333333333336,18.666666666666668,24.1496875,2.142156862745098
IND815301AAA,IND815353AAA,FTL,6,2.1142857142857143,1.9660401002506267,1.0,0.8333333333333334,34.166666666666664,17.333333333333332,24.6572,2.1142857142857143
IND821109AAA,IND802213AAB,FTL,24,5.2976190476190474,5.337934757236227,1.0,1.0,79.0,14.791666666666666,21.0285875,5.2976190476190474
IND110085AAB,IND110083AAA,Carting,3,4.0,3.711111111111111,1.0,1.0,54.333333333333336,14.666666666666666,12.0205,4.0
IND110085AAB,IND110085AAA,Carting,1,2.076923076923077,2.076923076923077,1.0,1.0,27.0,13.0,11.4111,2.076923076923077
IND110092AAC,IND110093AAA,Carting,1,3.25,3.25,1.0,1.0,52.0,16.0,12.8317,3.25
IND110093AAA,IND110092AAC,Carting,1,3.2222222222222223,3.2222222222222223,1.0,1.0,58.0,18.0,15.547,3.2222222222222223
IND121002AAA,IND121004AAB,Carting,1,19.083333333333332,19.08333333333333,1.0,1.0,229.0,12.0,11.2338,19.083333333333332
IND805110AAD,IND803116AAA,FTL,9,2.3333333333333335,2.43787306430327,1.0,1.0,50.44444444444444,20.77777777777778,24.47071111111111,2.3333333333333335
IND811105AAA,IND803212AAB,FTL,6,2.0740740740740744,6.931386514719848,1.0,1.0,43.5,18.0,21.980666666666668,2.0740740740740744
IND811201AAB,IND811213AAA,FTL,4,2.238095238095238,2.046130952380952,1.0,0.75,27.5,12.75,17.104875,2.238095238095238
IND811201AAB,IND813213AAA,FTL,4,1.903846153846154,2.144230769230769,1.0,1.0,55.75,26.0,35.924475,1.903846153846154
IND811213AAA,IND811201AAB,FTL,2,2.975,2.975,1.0,1.0,32.5,12.5,17.0968,2.975
IND811213AAA,IND813213AAA,FTL,2,1.6139162561576355,1.6139162561576355,1.0,1.0,46.0,28.5,39.1146,1.6139162561576355
IND811307AAA,IND811201AAB,FTL,3,2.0,2.0142857142857142,1.0,1.0,38.666666666666664,19.333333333333332,26.771833333333333,2.0
IND811307AAA,IND811213AAA,FTL,2,1.9588235294117649,1.9588235294117644,1.0,1.0,31.5,16.0,22.88315,1.9588235294117649
IND812002AAA,IND813203AAA,FTL,36,3.074404761904762,3.743354678480865,1.0,0.8888888888888888,51.69444444444444,16.916666666666668,19.677355555555557,3.074404761904762
IND813102AAA,IND812002AAA,FTL,34,2.051150895140665,2.144946187845052,1.0,1.0,42.44117647058823,19.823529411764707,21.742279411764706,2.051150895140665
IND813102AAA,IND813203AAA,FTL,3,3.347826086956522,3.136144049187527,1.0,1.0,77.0,22.0,25.80633333333334,3.347826086956522
IND121004AAB,IND121002AAA,Carting,1,2.909090909090909,2.909090909090909,1.0,1.0,32.0,11.0,10.3547,2.909090909090909
IND121004AAB,IND121004AAC,Carting,18,1.95,2.3859567901234566,1.0,0.7777777777777778,14.777777777777779,6.222222222222222,8.509638888888889,1.95
IND122001AAA,IND110037AAM,Carting,1,3.8666666666666667,3.8666666666666663,1.0,1.0,58.0,15.0,13.2356,3.8666666666666667
IND125047AAB,IND125050AAA,FTL,2,2.7222222222222223,2.7222222222222223,1.0,1.0,47.5,17.5,22.34885,2.7222222222222223
IND125047AAB,IND125051AAA,FTL,28,1.7648648648648648,2.0216324597509003,1.0,0.8571428571428571,43.214285714285715,20.678571428571427,24.818339285714284,1.7648648648648648
IND125050AAA,IND125051AAA,FTL,3,1.6363636363636365,1.7518037518037517,1.0,1.0,24.666666666666668,15.0,16.165066666666668,1.6363636363636365
IND125104AAA,IND125005AAA,FTL,7,2.111111111111111,2.1839181286549705,1.0,0.8571428571428571,40.142857142857146,18.714285714285715,23.2096,2.111111111111111
IND123001AAA,IND123401AAB,FTL,26,1.75,1.9305933809779963,1.0,0.5384615384615384,33.88461538461539,19.03846153846154,20.667938461538462,1.75
IND123401AAB,IND000000ACB,FTL,9,1.9230769230769231,2.108523698523699,1.0,1.0,43.77777777777778,20.22222222222222,21.979799999999997,1.9230769230769231
IND124001AAB,IND126102AAA,FTL,12,2.0,3.140625,1.0,0.9166666666666666,39.75,14.333333333333334,20.18189166666667,2.0
IND124112AAA,IND125001AAA,FTL,6,2.6666666666666665,2.9618055555555554,1.0,1.0,41.666666666666664,14.666666666666666,18.630883333333333,2.6666666666666665
IND124112AAA,IND125005AAA,FTL,6,1.8666666666666667,2.2993055555555557,1.0,1.0,37.0,14.833333333333334,19.633583333333334,1.8666666666666667
IND124112AAA,IND125033AAA,FTL,8,1.7823529411764705,1.7504858961128311,1.0,0.75,24.625,13.875,18.245325,1.7823529411764705
IND124507AAA,IND131028AAB,FTL,18,2.025,2.4719573549162766,1.0,1.0,55.888888888888886,23.666666666666668,22.392611111111112,2.025
IND124507AAA,IND131028AAE,FTL,6,2.324675324675325,2.2246648562438036,1.0,0.8333333333333334,56.833333333333336,22.5,20.639083333333335,2.324675324675325
IND125001AAA,IND125047AAB,FTL,14,1.9423076923076923,2.175829448329448,1.0,0.8571428571428571,35.857142857142854,17.214285714285715,20.8642,1.9423076923076923
IND804420AAA,IND803101AAA,FTL,33,2.625,4.000504207121854,1.0,1.0,40.36363636363637,12.636363636363637,18.395654545454544,2.625
IND804452AAA,IND804420AAA,FTL,6,2.962121212121212,3.1136363636363633,1.0,1.0,37.166666666666664,11.833333333333334,17.1275,2.962121212121212
IND798601AAA,IND785001AAA,Carting,40,2.7702020202020203,3.2942723787652257,1.0,1.0,61.5,14.85,21.560965,2.7702020202020203
IND799250AAA,IND799008AAA,FTL,5,2.5,2.7382899459361227,1.0,1.0,67.2,24.4,34.2649,2.5
IND801103AAA,IND802301AAA,FTL,11,2.6666666666666665,3.0222816399286985,1.0,1.0,47.45454545454545,15.727272727272727,22.867536363636365,2.6666666666666665
IND802101AAA,IND802119AAA,FTL,14,2.7916666666666665,2.9508110936682366,1.0,1.0,38.357142857142854,13.0,18.21902857142857,2.7916666666666665
IND802101AAA,IND802158AAB,FTL,3,2.8620689655172415,2.4013914095583786,1.0,0.6666666666666666,45.666666666666664,22.666666666666668,27.536533333333335,2.8620689655172415
IND802213AAB,IND802212AAA,FTL,5,3.5,3.5341993464052286,1.0,1.0,61.0,17.4,20.46022,3.5
IND803101AAA,IND805110AAD,FTL,18,2.3428571428571425,2.578713429816371,1.0,1.0,26.22222222222222,11.11111111111111,16.092222222222222,2.3428571428571425
IND803116AAA,IND803108AAB,FTL,26,2.414285714285714,2.4816353589430515,1.0,1.0,38.88461538461539,16.576923076923077,20.519115384615382,2.414285714285714
IND803213AAA,IND803212AAB,FTL,4,2.5384615384615383,2.765080066804205,1.0,1.0,74.25,27.0,32.420325,2.5384615384615383
IND803213AAA,IND811105AAA,FTL,6,1.7466931216931219,2.1278659611992947,1.0,0.8333333333333334,50.666666666666664,24.333333333333332,27.783216666666664,1.7466931216931219
IND125001AAA,IND125051AAA,FTL,3,2.6333333333333333,2.48989898989899,1.0,1.0,70.33333333333333,27.333333333333332,33.114066666666666,2.6333333333333333
IND125001AAA,IND335501AAA,FTL,4,2.1363636363636362,2.1784506969003536,1.0,0.5,156.75,56.0,58.974275,2.1363636363636362
IND125005AAA,IND125047AAB,FTL,6,2.02,2.0262962962962963,1.0,1.0,37.166666666666664,17.333333333333332,20.848766666666666,2.02
IND125033AAA,IND125001AAA,FTL,3,2.0,1.9948400412796696,1.0,1.0,35.0,17.666666666666668,21.276433333333333,2.0
IND125033AAA,IND125005AAA,FTL,2,2.0620915032679736,2.0620915032679736,1.0,1.0,36.0,17.5,21.5574,2.0620915032679736
IND508213AAB,IND508001AAA,FTL,28,1.7291666666666665,1.9038200153883384,1.0,0.7857142857142857,35.785714285714285,18.214285714285715,25.701810714285717,1.7291666666666665
IND508248AAB,IND508377AAB,FTL,33,1.7058823529411764,2.0037419008007245,1.0,0.8787878787878788,26.90909090909091,15.303030303030303,22.13672424242424,1.7058823529411764
IND508277AAB,IND508223AAA,FTL,11,1.3846153846153846,1.4357735817405983,1.0,0.09090909090909091,36.09090909090909,25.0,25.669663636363637,1.3846153846153846
IND509103AAB,IND509103AAC,FTL,1,1.9411764705882353,1.9411764705882355,1.0,1.0,33.0,17.0,18.9512,1.9411764705882353
IND509103AAC,IND518002AAA,FTL,17,1.7777777777777777,2.2534209534840013,1.0,0.8823529411764706,43.0,19.41176470588235,26.062164705882353,1.7777777777777777
IND507002AAA,IND507159AAA,FTL,3,1.9411764705882353,2.0891884531590414,1.0,1.0,35.333333333333336,17.0,22.804133333333336,1.9411764705882353
IND507002AAA,IND507167AAA,FTL,18,2.8888888888888893,2.940111431778098,1.0,1.0,30.61111111111111,10.944444444444445,15.970744444444446,2.8888888888888893
IND507002AAA,IND508001AAA,FTL,5,1.8823529411764706,2.391549953314659,1.0,1.0,40.6,16.2,23.0681,1.8823529411764706
IND507002AAA,IND508206AAA,FTL,24,2.041666666666667,2.9409875627754882,1.0,0.9583333333333334,37.916666666666664,14.958333333333334,19.257270833333333,2.041666666666667
IND507002AAA,IND508207AAB,FTL,8,1.9808612440191389,1.955813015995872,1.0,1.0,32.125,16.5,23.06195,1.9808612440191389
IND507303AAA,IND507002AAA,FTL,72,2.41875,2.9670003576479322,1.0,1.0,38.583333333333336,13.291666666666666,19.435845833333335,2.41875
IND505326AAB,IND505425AAA,FTL,1,1.631578947368421,1.631578947368421,1.0,1.0,31.0,19.0,26.8409,1.631578947368421
IND131028AAB,IND250611AAA,FTL,6,3.0064102564102564,2.9216783216783218,1.0,1.0,57.666666666666664,17.166666666666668,19.45525,3.0064102564102564
IND131028AAE,IND124507AAA,FTL,2,1.793103448275862,1.793103448275862,1.0,1.0,39.0,22.5,21.39555,1.793103448275862
IND131301AAA,IND131028AAB,FTL,6,3.219298245614035,3.8053706570347434,1.0,1.0,39.5,13.0,18.421899999999997,3.219298245614035
IND125121AAA,IND125001AAA,FTL,6,2.0238095238095237,2.830682602421733,1.0,1.0,49.5,14.5,18.300283333333333,2.0238095238095237
IND126102AAA,IND126116AAA,FTL,10,2.267857142857143,2.2762079831932773,1.0,1.0,25.6,11.4,16.623870000000004,2.267857142857143
IND126102AAA,IND131301AAA,FTL,4,2.091503267973856,2.1898488562091503,1.0,1.0,37.5,17.25,23.349225,2.091503267973856
IND126116AAA,IND131301AAA,FTL,20,2.55,2.8525240798073614,1.0,1.0,43.05,14.9,20.74367,2.55
IND127021AAA,IND127201AAA,FTL,24,2.0,2.374107219642243,1.0,0.9583333333333334,25.833333333333332,12.583333333333334,18.454733333333333,2.0
IND127201AAA,IND124141AAA,FTL,7,1.8928571428571428,2.0418950913698812,1.0,0.8571428571428571,36.0,17.428571428571427,21.9735,1.8928571428571428
IND131028AAB,IND124001AAB,FTL,12,1.673160173160173,1.7371142846686325,1.0,0.75,31.083333333333332,19.166666666666668,19.976941666666665,1.673160173160173
IND131028AAB,IND124507AAA,FTL,20,1.8819444444444444,1.9633765984395186,1.0,0.95,45.45,23.35,22.18235,1.8819444444444444
IND131028AAB,IND132103AAA,FTL,6,2.0161290322580645,4.7531526475898795,1.0,0.8333333333333334,84.83333333333333,17.833333333333332,23.12365,2.0161290322580645
IND796081AAA,IND788026AAC,FTL,3,2.625,2.6805555555555554,1.0,1.0,62.333333333333336,23.333333333333332,33.6826,2.625
IND796321AAB,IND796009AAA,FTL,8,4.332107843137255,5.5663226938502675,1.0,1.0,376.875,48.625,69.3755625,4.332107843137255
IND136128AAA,IND136027AAA,FTL,43,2.0588235294117645,2.616345569235446,1.0,1.0,21.162790697674417,10.0,14.492783720930232,2.0588235294117645
IND791102AAA,IND784168AAB,FTL,10,1.973684210526316,2.5604298435482646,1.0,1.0,56.6,20.6,29.156760000000002,1.973684210526316
IND791109AAA,IND787001AAA,FTL,2,3.882591093117409,3.882591093117409,1.0,1.0,59.0,16.0,23.44545,3.882591093117409
IND791110AAA,IND787001AAA,FTL,2,3.607638888888889,3.607638888888889,1.0,1.0,59.5,17.0,24.49105,3.607638888888889
IND791125AAB,IND791102AAA,FTL,16,1.9511904761904761,2.0346229403019094,1.0,1.0,39.9375,19.625,27.2079375,1.9511904761904761
IND792001AAA,IND792110AAA,Carting,3,1.5555555555555556,1.5591021938491159,1.0,0.6666666666666666,45.0,28.666666666666668,41.231633333333335,1.5555555555555556
IND792120AAB,IND786181AAC,Carting,6,2.9523809523809526,3.081456555140766,1.0,1.0,48.5,16.166666666666668,23.252433333333332,2.9523809523809526
IND792130AAB,IND786001AAB,Carting,83,3.0,3.327632835991503,1.0,0.8554216867469879,29.93975903614458,9.63855421686747,12.527834939759037,3.0
IND793001AAA,IND793150AAA,FTL,4,2.332894736842105,2.3106781376518217,1.0,1.0,52.5,22.75,32.3579,2.332894736842105
IND794101AAA,IND781018AAB,FTL,72,2.246212121212121,2.541625812847974,1.0,0.9583333333333334,47.666666666666664,20.375,26.650648611111112,2.246212121212121
IND796009AAA,IND796321AAB,FTL,13,4.583333333333333,6.569240578542904,1.0,1.0,206.23076923076923,40.07692307692308,57.313669230769236,4.583333333333333
IND131028AAB,IND250002AAA,FTL,3,1.6071428571428572,1.7582122178896373,1.0,1.0,43.666666666666664,24.0,29.857766666666667,1.6071428571428572
IND131028AAB,IND250002AAC,FTL,1,5.625,5.625,1.0,1.0,405.0,72.0,89.7878,5.625
IND131028AAB,IND250609AAA,FTL,1,2.9545454545454546,2.9545454545454546,1.0,1.0,65.0,22.0,24.9115,2.9545454545454546
IND790001AAB,IND784001AAA,Carting,8,2.6666666666666665,6.2273486134691565,1.0,0.875,105.375,14.5,19.237125,2.6666666666666665
IND140301AAA,IND140901AAA,Carting,29,1.9230769230769231,3.5666414045724393,1.0,0.9655172413793104,19.0,9.482758620689655,10.160037931034482,1.9230769230769231
IND140401AAA,IND142401AAA,FTL,6,1.5479166666666666,1.5784722222222223,1.0,0.6666666666666666,25.0,15.833333333333334,22.4502,1.5479166666666666
IND140401AAA,IND147301AAA,FTL,2,1.5952380952380953,1.595238095238095,1.0,0.5,16.5,11.0,16.41695,1.5952380952380953
IND141003AAB,IND142026AAA,FTL,42,1.626984126984127,1.6617624827708861,1.0,0.8095238095238095,26.928571428571427,16.333333333333332,21.727264285714288,1.626984126984127
IND141010AAA,IND000000ACA,Carting,1,1.8181818181818181,1.818181818181818,1.0,1.0,20.0,11.0,15.531,1.8181818181818181
IND142026AAA,IND000000ACA,FTL,2,2.854166666666667,2.8541666666666665,1.0,1.0,54.0,20.0,26.775750000000002,2.854166666666667
IND132001AAA,IND132103AAA,FTL,2,3.2964285714285717,3.2964285714285717,1.0,1.0,53.5,17.0,19.0426,3.2964285714285717
IND132001AAA,IND132103AAB,FTL,5,3.0526315789473686,6.271849067112225,1.0,1.0,138.0,19.6,23.23368,3.0526315789473686
IND132103AAA,IND131028AAB,FTL,9,1.75,4.256234184495054,1.0,1.0,52.333333333333336,16.333333333333332,21.964355555555557,1.75
IND132103AAB,IND131028AAB,FTL,18,1.8697478991596639,4.324258944942808,1.0,0.9444444444444444,50.72222222222222,14.555555555555555,19.786894444444446,1.8697478991596639
IND134102AAA,IND174103AAA,FTL,16,2.75,2.9194395065718597,1.0,1.0,41.5,14.1875,19.956018750000002,2.75
IND134203AAA,IND160002AAC,Carting,5,2.0,1.9345294874706638,1.0,0.8,24.4,14.2,13.989320000000001,2.0
IND135001AAA,IND173025AAA,FTL,29,2.1923076923076925,2.334094187723952,1.0,1.0,43.96551724137931,18.413793103448278,24.193996551724137,2.1923076923076925
IND136027AAA,IND132039AAA,FTL,41,1.8571428571428572,2.164196219074268,1.0,0.926829268292683,35.951219512195124,17.536585365853657,20.404434146341462,1.8571428571428572
IND144514AAA,IND000000ACA,FTL,2,1.7644230769230769,1.7644230769230769,1.0,0.5,50.0,29.0,27.66075,1.7644230769230769
IND144514AAA,IND141115AAA,FTL,7,1.75,2.2844642130356414,1.0,0.7142857142857143,33.714285714285715,20.285714285714285,19.02781428571429,1.75
IND787001AAA,IND787057AAA,FTL,24,2.323076923076923,4.03151800966923,1.0,1.0,43.333333333333336,15.5,22.31962916666667,2.323076923076923
IND787057AAA,IND787059AAB,FTL,10,2.12,2.292277591973244,1.0,1.0,56.2,24.6,27.51596,2.12
IND787059AAB,IND791102AAA,FTL,4,2.1869565217391305,3.2243606138107417,1.0,1.0,48.0,17.5,24.64895,2.1869565217391305
IND788026AAC,IND781018AAB,FTL,141,2.375,2.4654914153316962,1.0,0.950354609929078,74.26950354609929,30.75177304964539,42.92447234042553,2.375
IND788026AAC,IND788121AAA,FTL,2,4.05,4.05,1.0,1.0,81.0,20.0,28.34085,4.05
IND788026AAC,IND788151AAA,FTL,16,2.5852272727272725,4.235420489836251,1.0,1.0,51.0625,18.625,25.32695625,2.5852272727272725
IND788026AAC,IND799250AAA,FTL,4,4.23792270531401,4.336104209799862,1.0,1.0,83.75,20.0,28.695675,4.23792270531401
IND788121AAA,IND796081AAA,FTL,9,3.5789473684210527,3.591582878765541,1.0,0.8888888888888888,58.44444444444444,16.444444444444443,24.013144444444446,3.5789473684210527
IND788151AAA,IND788713AAA,FTL,24,2.780701754385965,3.6425010590505145,1.0,1.0,45.625,17.375,24.268695833333336,2.780701754385965
IND788151AAA,IND788806AAA,FTL,1,2.611111111111111,2.611111111111111,1.0,1.0,47.0,18.0,25.9829,2.611111111111111
IND788713AAA,IND788026AAC,FTL,1,12.033333333333333,12.033333333333331,1.0,1.0,361.0,30.0,43.217,12.033333333333333
IND788713AAA,IND788806AAA,FTL,10,2.9230769230769234,3.069322344322344,1.0,1.0,41.0,13.3,19.7549,2.9230769230769234
IND788806AAA,IND788026AAC,FTL,9,3.75,4.74708605664488,1.0,1.0,75.66666666666667,15.88888888888889,23.226122222222223,3.75
IND788806AAA,IND788713AAA,FTL,1,4.230769230769231,4.230769230769231,1.0,1.0,55.0,13.0,19.7019,4.230769230769231
IND145001AAA,IND176201AAA,FTL,7,1.7916666666666667,1.9461193568336426,1.0,0.7142857142857143,43.142857142857146,22.142857142857142,17.881985714285715,1.7916666666666667
IND147001AAD,IND147201AAA,FTL,2,1.7115384615384617,1.7115384615384617,1.0,0.5,20.5,14.0,13.47335,1.7115384615384617
IND147001AAD,IND148023AAA,FTL,3,1.3333333333333333,1.3034188034188035,1.0,0.0,26.333333333333332,20.333333333333332,19.64193333333333,1.3333333333333333
IND147101AAA,IND147105AAA,FTL,16,1.4047619047619047,1.52245670995671,1.0,0.1875,17.9375,12.875,14.49831875,1.4047619047619047
IND147101AAA,IND160002AAC,FTL,3,1.8695652173913044,6.337834870443566,1.0,0.6666666666666666,135.33333333333334,19.0,25.35076666666667,1.8695652173913044
IND147105AAA,IND147101AAA,FTL,2,1.8257575757575757,1.8257575757575755,1.0,0.5,18.0,12.5,14.0546,1.8257575757575757
IND147105AAA,IND160002AAC,FTL,28,1.8361204013377925,7.522556972013494,1.0,0.8214285714285714,167.07142857142858,20.75,26.286853571428573,1.8361204013377925
IND147301AAA,IND000000ACA,FTL,2,1.4821428571428572,1.4821428571428572,1.0,0.5,22.5,15.0,18.4938,1.4821428571428572
IND142026AAA,IND141109AAA,FTL,18,1.436904761904762,1.4349322380024134,1.0,0.2222222222222222,50.888888888888886,35.44444444444444,23.807261111111114,1.436904761904762
IND143001AAA,IND144001AAB,FTL,76,2.072916666666667,2.3062707997468466,1.0,0.9210526315789473,36.276315789473685,15.93421052631579,22.109511842105263,2.072916666666667
IND144001AAA,IND144040AAA,FTL,28,1.7777777777777777,2.3209471288515404,1.0,0.9285714285714286,22.821428571428573,11.178571428571429,14.604474999999999,1.7777777777777777
IND144001AAB,IND000000ACA,FTL,69,2.0714285714285716,2.3901009574172036,1.0,1.0,41.333333333333336,17.3768115942029,25.15176811594203,2.0714285714285716
IND144001AAB,IND144601AAA,FTL,4,3.53125,3.4878472222222223,1.0,1.0,52.25,15.25,17.3494,3.53125
IND144001AAB,IND160002AAC,FTL,7,3.375,5.010448092280391,1.0,1.0,95.85714285714286,18.0,25.607457142857147,3.375
IND144001AAC,IND000000ACA,Carting,7,1.7142857142857142,1.6804267161410018,1.0,0.7142857142857143,13.285714285714286,8.142857142857142,11.174728571428572,1.7142857142857142
IND144001AAC,IND000000ACA,FTL,33,1.8823529411764706,2.1013591601420014,1.0,0.9090909090909091,36.15151515151515,17.21212121212121,24.420348484848486,1.8823529411764706
IND148023AAA,IND148024AAB,FTL,1,2.0,2.0,1.0,1.0,36.0,18.0,19.4578,2.0
IND151103AAA,IND151001AAA,FTL,2,15.672364672364672,15.672364672364672,1.0,1.0,416.0,26.5,28.80985,15.672364672364672
IND152026AAA,IND152024AAA,FTL,4,2.2,2.2875,1.0,1.0,20.75,10.25,15.310325,2.2
IND152026AAA,IND152107AAA,FTL,2,2.0588235294117645,2.0588235294117645,1.0,1.0,22.0,10.5,15.0335,2.0588235294117645
IND785690AAB,IND785682AAA,Carting,68,3.380952380952381,3.7247127280347154,1.0,1.0,37.61764705882353,10.205882352941176,12.347966176470589,3.380952380952381
IND786001AAB,IND786125AAA,Carting,4,2.3095238095238093,2.3422619047619047,1.0,0.75,16.25,6.75,10.42285,2.3095238095238093
IND786125AAA,IND786190AAA,Carting,19,2.3333333333333335,7.071303258145364,1.0,1.0,17.63157894736842,5.2105263157894735,8.166752631578948,2.3333333333333335
IND786171AAA,IND786181AAC,Carting,16,2.25,2.9182787698412698,1.0,1.0,14.0,5.875,9.0595375,2.25
IND786181AAC,IND792120AAB,Carting,22,5.282608695652174,10.061539117294267,1.0,1.0,69.95454545454545,13.454545454545455,19.343804545454546,5.282608695652174
IND786181AAC,IND792121AAB,Carting,44,2.866071428571429,4.12958152958153,1.0,0.9772727272727273,26.386363636363637,6.818181818181818,10.357329545454546,2.866071428571429
IND786184AAA,IND786125AAA,Carting,10,2.6833333333333336,2.8953968253968254,1.0,1.0,21.2,7.2,10.4542,2.6833333333333336
IND144527AAA,IND141115AAA,FTL,8,1.923076923076923,2.1532560032560033,1.0,0.75,31.625,16.875,17.294587500000002,1.923076923076923
IND144601AAA,IND144001AAA,FTL,2,2.0018382352941178,2.0018382352941178,1.0,1.0,33.0,16.5,21.46695,2.0018382352941178
IND160002AAC,IND135001AAA,FTL,3,1.7391304347826086,1.8896516653953725,1.0,1.0,37.666666666666664,20.0,22.394166666666667,1.7391304347826086
IND784125AAA,IND784110AAA,FTL,9,2.36,2.4337274054921116,1.0,1.0,42.44444444444444,16.555555555555557,23.98473333333333,2.36
IND784168AAB,IND791111AAC,FTL,3,3.1739130434782608,3.1313043478260867,1.0,1.0,57.0,16.666666666666668,24.031066666666664,3.1739130434782608
IND785001AAA,IND785112AAC,Carting,9,2.2,2.4574074074074073,1.0,0.7777777777777778,13.777777777777779,6.0,8.954888888888888,2.2
IND785001AAA,IND785682AAA,FTL,33,1.8235294117647058,3.80953273459987,1.0,0.8484848484848485,33.18181818181818,14.454545454545455,20.46956666666667,1.8235294117647058
IND785001AAA,IND798601AAA,Carting,7,3.2857142857142856,5.515224756569294,1.0,1.0,43.42857142857143,10.285714285714286,14.799414285714287,3.2857142857142856
IND785112AAC,IND785001AAA,Carting,2,15.085526315789474,15.085526315789474,1.0,1.0,292.0,19.5,28.3002,15.085526315789474
IND785112AAC,IND785634AAA,Carting,5,2.375,3.26475468975469,1.0,0.8,37.8,11.6,16.27612,2.375
IND785612AAB,IND781018AAB,FTL,9,2.0,2.1420206184138073,1.0,1.0,39.111111111111114,18.11111111111111,26.162544444444443,2.0
IND785612AAB,IND785621AAA,FTL,2,1.7110389610389611,1.7110389610389611,1.0,1.0,30.5,18.0,24.390900000000002,1.7110389610389611
IND785621AAA,IND785001AAA,FTL,6,1.606837606837607,1.732701849807113,1.0,0.5,36.166666666666664,21.5,24.592383333333334,1.606837606837607
IND785634AAA,IND785001AAA,Carting,3,31.2,31.108333333333334,1.0,1.0,487.3333333333333,15.666666666666666,20.0,31.2
IND785675AAA,IND785612AAB,FTL,7,2.1538461538461537,2.2230760050308924,1.0,1.0,37.42857142857143,16.714285714285715,24.6316,2.1538461538461537
IND785682AAA,IND785690AAB,Carting,10,2.7857142857142856,3.0784210526315787,1.0,1.0,23.3,7.8,10.78555,2.7857142857142856
IND785682AAA,IND786001AAB,FTL,30,2.0,2.1380986911639086,1.0,1.0,45.0,20.566666666666666,29.357129999999998,2.0
IND781335AAA,IND000000AET,FTL,11,1.826086956521739,2.0676731078904993,1.0,0.9090909090909091,33.63636363636363,18.0,25.170527272727274,1.826086956521739
IND781354AAA,IND781335AAA,FTL,2,3.1333333333333333,3.133333333333333,1.0,1.0,47.0,15.0,19.553350000000002,3.1333333333333333
IND783129AAA,IND794101AAA,FTL,4,1.975146198830409,2.0809525460555207,1.0,1.0,51.75,26.0,33.6487,1.975146198830409
IND783301AAA,IND783348AAA,FTL,22,1.9615384615384617,2.1335362006414638,1.0,1.0,33.72727272727273,16.045454545454547,21.622,1.9615384615384617
IND783348AAA,IND783129AAA,FTL,30,1.6962962962962962,1.737154497583783,1.0,0.7333333333333333,56.46666666666667,32.1,41.434200000000004,1.6962962962962962
IND783370AAB,IND783301AAA,FTL,6,2.15,2.291269841269841,1.0,1.0,33.0,15.333333333333334,22.115966666666665,2.15
IND784001AAA,IND784101AAA,Carting,3,2.1666666666666665,11.166666666666664,1.0,1.0,37.666666666666664,5.0,7.218333333333334,2.1666666666666665
IND784001AAA,IND784168AAB,FTL,4,2.1577380952380953,2.1099362990810357,1.0,1.0,47.5,23.0,32.774125,2.1577380952380953
IND784001AAA,IND790114AAA,Carting,4,3.2857142857142856,4.0,1.0,1.0,36.5,12.5,15.08835,3.2857142857142856
IND784001AAA,IND791111AAC,FTL,15,2.230769230769231,2.366985602939391,1.0,0.9333333333333333,56.46666666666667,23.533333333333335,33.55678666666667,2.230769230769231
IND784101AAA,IND790114AAA,Carting,3,1.2777777777777777,1.502849002849003,1.0,0.3333333333333333,13.666666666666666,10.666666666666666,11.820066666666667,1.2777777777777777
IND784110AAA,IND784001AAA,FTL,4,2.975,3.3375000000000004,1.0,1.0,35.5,12.5,17.71975,2.975
IND152026AAA,IND160002AAC,FTL,10,2.095833333333333,3.4061052545831836,1.0,0.8,80.7,20.3,25.699959999999997,2.095833333333333
IND152116AAA,IND152107AAA,FTL,1,1.2666666666666666,1.2666666666666666,1.0,0.0,19.0,15.0,22.495,1.2666666666666666
IND173212AAA,IND173220AAA,FTL,5,3.3076923076923075,3.2189458689458688,1.0,1.0,88.2,27.4,36.80204,3.3076923076923075
IND173212AAA,IND174103AAA,FTL,2,3.9,3.9,1.0,1.0,81.0,24.0,29.3899,3.9
IND173220AAA,IND173212AAA,FTL,1,3.53125,3.53125,1.0,1.0,113.0,32.0,41.0419,3.53125
IND173220AAA,IND174103AAA,FTL,2,2.628571428571429,2.628571428571429,1.0,1.0,49.0,18.0,21.279449999999997,2.628571428571429
IND781018AAB,IND781354AAA,FTL,16,1.686231884057971,1.7611436784128096,1.0,0.6875,47.6875,26.75,32.50323125,1.686231884057971
IND781018AAB,IND784168AAB,FTL,8,2.22733918128655,3.0771657314241487,1.0,0.875,63.5,27.625,37.404375,2.22733918128655
IND781018AAB,IND785612AAB,FTL,20,1.8125,6.940024347076741,1.0,0.8,49.15,19.55,26.77325,1.8125
IND160002AAC,IND147001AAB,FTL,6,2.1783216783216783,2.253746253746254,1.0,0.8333333333333334,36.166666666666664,17.333333333333332,22.7432,2.1783216783216783
IND160002AAC,IND147001AAD,FTL,14,1.9166666666666665,2.059873247544632,1.0,1.0,35.714285714285715,17.785714285714285,23.979971428571428,1.9166666666666665
IND160002AAC,IND147101AAA,FTL,27,2.1904761904761907,2.377463204786906,1.0,0.8148148148148148,46.51851851851852,19.814814814814813,25.559959259259262,2.1904761904761907
IND781102AAA,IND781018AAB,Carting,2,4.345588235294118,4.345588235294118,1.0,1.0,154.5,35.0,38.87455,4.345588235294118
IND781124AAA,IND781018AAB,Carting,14,3.9215686274509807,4.291607933495979,1.0,1.0,67.35714285714286,12.857142857142858,13.777007142857142,3.9215686274509807
IND505425AAA,IND504215AAA,FTL,1,3.4166666666666665,3.4166666666666665,1.0,1.0,41.0,12.0,18.1203,3.4166666666666665
IND505425AAA,IND505001AAB,FTL,3,1.9411764705882353,1.8650075414781295,1.0,0.6666666666666666,38.666666666666664,20.333333333333332,23.5876,1.9411764705882353
IND505467AAA,IND505122AAA,FTL,26,1.5657407407407407,1.787352446873238,1.0,0.5,38.76923076923077,22.73076923076923,25.46025,1.5657407407407407
IND505503AAA,IND506164AAA,FTL,3,2.3076923076923075,2.4505173189383718,1.0,1.0,29.666666666666668,12.666666666666666,18.443933333333334,2.3076923076923075
IND506001AAC,IND505122AAA,FTL,4,2.1011904761904763,2.911706349206349,1.0,0.75,35.0,17.0,20.902124999999998,2.1011904761904763
IND506002AAA,IND506143AAA,FTL,34,2.0,1.9635188389081122,1.0,0.9117647058823529,21.08823529411765,10.382352941176471,14.686641176470587,2.0
IND506002AAA,IND506343AAA,FTL,4,1.6258169934640523,1.6013071895424837,1.0,0.75,28.0,17.5,24.660425,1.6258169934640523
IND506143AAA,IND506167AAB,FTL,24,1.7647058823529411,2.2856924019607843,1.0,0.9583333333333334,19.708333333333332,11.291666666666666,16.629525,1.7647058823529411
IND506167AAB,IND501359AAE,FTL,76,1.7697368421052633,2.7693273576325943,1.0,0.8289473684210527,41.06578947368421,17.55263157894737,25.159575,1.7697368421052633
IND506169AAB,IND505503AAA,FTL,1,2.125,2.125,1.0,1.0,34.0,16.0,23.4994,2.125
IND516101AAA,IND516115AAA,Carting,69,2.4285714285714284,3.4560631519988796,1.0,1.0,16.73913043478261,6.173913043478261,9.303208695652176,2.4285714285714284
IND516115AAA,IND517501AAB,Carting,135,2.4285714285714284,2.582818647099693,1.0,0.9925925925925926,19.822222222222223,7.9185185185185185,11.27424074074074,2.4285714285714284
IND516227AAA,IND515004AAA,FTL,16,1.9705882352941178,2.144242344376292,1.0,1.0,39.25,18.0,24.45760625,1.9705882352941178
IND176048AAA,IND175015AAA,FTL,31,1.951219512195122,3.9798728565255237,1.0,0.967741935483871,66.0,33.16129032258065,28.103629032258063,1.951219512195122
IND176110AAB,IND177033AAA,FTL,9,2.1,2.0468480557468323,1.0,1.0,60.44444444444444,29.555555555555557,27.333144444444443,2.1
IND176215AAA,IND176061AAA,FTL,4,1.8898550724637682,1.8095108695652173,1.0,0.75,61.0,35.0,25.090025,1.8898550724637682
IND767001AAA,IND762001AAA,Carting,9,2.0,2.70929878975856,1.0,0.8888888888888888,29.11111111111111,12.88888888888889,18.863677777777777,2.0
IND767001AAA,IND767017AAA,FTL,7,1.9444444444444444,2.005718954248366,1.0,0.8571428571428571,27.285714285714285,14.714285714285714,21.02397142857143,1.9444444444444444
IND767017AAA,IND767001AAA,Carting,5,3.0,3.0121212121212126,1.0,1.0,16.4,6.2,9.679440000000001,3.0
IND767017AAA,IND768004AAD,FTL,8,2.3266666666666667,2.112064710651667,1.0,0.75,41.125,19.25,21.785075,2.3266666666666667
IND768004AAD,IND768028AAA,FTL,4,2.857142857142857,2.6666666666666665,1.0,1.0,45.0,17.75,24.519425,2.857142857142857
IND768004AAD,IND768028AAB,FTL,2,2.58125,2.58125,1.0,1.0,40.0,15.5,22.04615,2.58125
IND768201AAA,IND770001AAA,FTL,2,8.333333333333334,8.333333333333334,1.0,1.0,65.0,15.0,16.1644,8.333333333333334
IND781003AAA,IND781018AAB,Carting,6,3.2794117647058822,4.101254138018844,1.0,1.0,54.666666666666664,18.5,14.114366666666667,3.2794117647058822
IND781014AAA,IND781102AAA,Carting,8,2.4642857142857144,2.4943001443001442,1.0,1.0,20.625,8.25,11.7306375,2.4642857142857144
IND173025AAA,IND160002AAC,FTL,44,2.1634408602150534,2.323174075589059,1.0,0.9545454545454546,60.36363636363637,25.704545454545453,30.526129545454545,2.1634408602150534
IND173212AAA,IND134102AAA,FTL,2,3.8484848484848486,3.8484848484848486,1.0,1.0,127.0,33.0,43.25705000000001,3.8484848484848486
IND173212AAA,IND160002AAC,FTL,1,2.0105263157894737,2.0105263157894737,1.0,1.0,191.0,95.0,101.7296,2.0105263157894737
IND758001AAA,IND757037AAA,FTL,6,1.7100840336134453,1.7857525076307326,1.0,1.0,41.166666666666664,22.833333333333332,27.578950000000003,1.7100840336134453
IND758001AAA,IND758035AAA,FTL,8,2.224310776942356,2.231546935624995,1.0,1.0,38.25,18.75,26.58325,2.224310776942356
IND758034AAA,IND757037AAA,FTL,6,1.9879629629629627,1.988619648016811,1.0,1.0,61.333333333333336,31.166666666666668,40.20225,1.9879629629629627
IND758034AAA,IND758001AAA,FTL,3,2.0526315789473686,2.1993620414673045,1.0,1.0,33.0,15.333333333333334,21.421833333333336,2.0526315789473686
IND758035AAA,IND758001AAA,FTL,2,1.7133333333333334,1.7133333333333334,1.0,1.0,42.0,24.5,34.055049999999994,1.7133333333333334
IND760003AAB,IND754022AAA,FTL,5,2.3157894736842106,2.4612280701754385,1.0,1.0,41.2,15.6,20.63624,2.3157894736842106
IND760003AAB,IND761020AAA,FTL,1,2.5,2.5,1.0,1.0,35.0,14.0,20.2236,2.5
IND764020AAC,IND764001AAC,Carting,1,2.25,2.25,1.0,1.0,27.0,12.0,17.1324,2.25
IND764059AAA,IND764071AAB,Carting,6,2.4166666666666665,2.845238095238095,1.0,1.0,8.333333333333334,4.0,6.321266666666666,2.4166666666666665
IND174001AAA,IND175018AAA,FTL,15,2.5185185185185186,2.6731922398589063,1.0,1.0,71.0,26.533333333333335,37.964173333333335,2.5185185185185186
IND174021AAA,IND176048AAA,FTL,12,2.086666666666667,2.0948292644988045,1.0,1.0,56.666666666666664,26.916666666666668,28.455250000000003,2.086666666666667
IND174101AAB,IND134102AAA,FTL,2,2.6125,2.6125,1.0,1.0,27.5,10.5,15.13325,2.6125
IND174103AAA,IND160002AAC,FTL,18,2.1921739130434785,2.7640429296951035,1.0,0.8888888888888888,58.888888888888886,22.055555555555557,23.04416111111111,2.1921739130434785
IND175015AAA,IND174001AAA,FTL,49,2.0,7.187699810998291,1.0,0.7755102040816326,257.734693877551,37.06122448979592,31.501297959183674,2.0
IND175018AAA,IND175001AAA,FTL,16,2.9333333333333336,3.071472223757924,1.0,1.0,47.25,15.375,22.3863,2.9333333333333336
IND756019AAA,IND757001AAA,FTL,3,2.875,2.6618589743589745,1.0,1.0,39.666666666666664,15.0,21.843333333333334,2.875
IND756019AAA,IND757025AAA,FTL,9,2.1052631578947367,2.332878492527615,1.0,1.0,38.888888888888886,16.88888888888889,23.829055555555556,2.1052631578947367
IND756029AAA,IND712311AAA,FTL,8,1.85,1.838564612172758,1.0,0.875,34.125,18.625,26.4007125,1.85
IND756045AAB,IND756019AAA,FTL,1,1.6875,1.6875,1.0,1.0,27.0,16.0,23.0528,1.6875
IND757001AAA,IND757041AAA,FTL,5,2.1904761904761907,2.142401458190932,1.0,0.8,33.4,17.0,18.57824,2.1904761904761907
IND757024AAA,IND756019AAA,FTL,2,1.8659680088251518,1.8659680088251518,1.0,0.5,83.0,43.0,43.8951,1.8659680088251518
IND757025AAA,IND757001AAA,FTL,10,2.033333333333333,3.79343137254902,1.0,1.0,23.4,10.1,14.67502,2.033333333333333
IND757037AAA,IND758001AAA,FTL,2,1.6972727272727273,1.6972727272727273,1.0,0.5,39.5,23.5,28.226399999999998,1.6972727272727273
IND757041AAA,IND757001AAA,FTL,2,1.7198067632850242,1.7198067632850242,1.0,0.5,36.5,20.5,22.482599999999998,1.7198067632850242
IND177001AAA,IND176110AAB,FTL,7,1.8095238095238095,1.8615917458710347,1.0,1.0,43.857142857142854,23.571428571428573,24.6327,1.8095238095238095
IND177203AAA,IND177101AAA,FTL,3,1.5135135135135136,2.0205920205920207,1.0,0.6666666666666666,72.66666666666667,36.333333333333336,31.82626666666667,1.5135135135135136
IND181152AAB,IND184121AAA,FTL,8,1.8958333333333335,2.046875,1.0,0.625,26.375,15.75,18.0898625,1.8958333333333335
IND181201AAB,IND181152AAB,Carting,24,3.0,4.563050144300145,1.0,1.0,41.416666666666664,8.458333333333334,10.436016666666667,3.0
IND184121AAA,IND181152AAA,FTL,2,1.4871794871794872,1.4871794871794872,1.0,0.5,22.0,16.0,18.36795,1.4871794871794872
IND201306AAA,IND201304AAA,Carting,1,2.1333333333333333,2.1333333333333333,1.0,1.0,32.0,15.0,13.3895,2.1333333333333333
IND202001AAB,IND110037AAM,FTL,6,2.032608695652174,2.215500697973524,1.0,0.8333333333333334,44.833333333333336,22.0,24.402316666666668,2.032608695652174
IND202001AAB,IND205001AAB,FTL,47,2.588235294117647,2.752704025110681,1.0,0.8936170212765957,45.680851063829785,17.425531914893618,23.68923829787234,2.588235294117647
IND202001AAB,IND282002AAD,FTL,40,1.8198529411764706,2.1954726449304625,1.0,0.9,38.325,18.375,22.83211,1.8198529411764706
IND202001AAC,IND204215AAA,Carting,16,2.619047619047619,2.8866071428571427,1.0,1.0,16.75,5.5625,8.540625,2.619047619047619
IND203001AAA,IND203131AAA,FTL,5,3.6153846153846154,3.5412587412587415,1.0,1.0,42.6,12.0,17.2137,3.6153846153846154
IND201001AAA,IND201007AAA,Carting,5,3.076923076923077,3.0164835164835164,1.0,1.0,40.4,13.4,10.6581,3.076923076923077
IND201005AAA,IND201007AAA,Carting,1,3.2857142857142856,3.2857142857142856,1.0,1.0,46.0,14.0,10.9884,3.2857142857142856
IND201007AAA,IND201001AAA,Carting,4,1.4455128205128205,1.4622668997668997,1.0,0.5,17.75,12.25,10.72615,1.4455128205128205
IND201007AAA,IND201007AAB,Carting,2,5.5476190476190474,5.5476190476190474,1.0,1.0,51.0,10.0,7.6333,5.5476190476190474
IND201007AAA,IND245101AAA,Carting,10,1.9,2.1663636363636365,1.0,0.9,21.5,10.2,9.18938,1.9
IND201007AAB,IND201007AAA,Carting,2,4.035714285714286,4.035714285714286,1.0,0.5,56.5,14.0,11.77685,4.035714285714286
IND201007AAB,IND201301AAF,Carting,5,2.933333333333333,3.0020588235294117,1.0,1.0,47.4,15.8,12.75952,2.933333333333333
IND201301AAD,IND110037AAM,Carting,6,6.115384615384615,6.066570004070004,1.0,1.0,62.5,11.833333333333334,12.01235,6.115384615384615
IND201301AAF,IND201301AAL,Carting,2,1.3928571428571428,1.3928571428571428,1.0,0.0,16.5,12.0,10.7908,1.3928571428571428
IND201301AAF,IND201304AAA,Carting,13,1.6666666666666667,2.9114522732169794,1.0,0.6153846153846154,31.0,15.23076923076923,10.791484615384615,1.6666666666666667
IND205135AAA,IND283203AAA,Carting,3,2.0,3.3333333333333335,1.0,1.0,14.666666666666666,6.666666666666667,8.9976,2.0
IND205135AAA,IND283203AAA,FTL,12,2.1764705882352944,2.407060543515652,1.0,1.0,44.333333333333336,18.25,22.708408333333335,2.1764705882352944
IND751015AAA,IND752055AAA,Carting,6,2.0357142857142856,2.000793650793651,1.0,0.8333333333333334,14.333333333333334,7.166666666666667,8.798383333333334,2.0357142857142856
IND751021AAA,IND751002AAB,Carting,1,3.2,3.2,1.0,1.0,32.0,10.0,14.1166,3.2
IND752030AAA,IND754022AAA,FTL,2,1.6,1.6,1.0,0.5,18.5,11.0,12.7568,1.6
IND752050AAA,IND752056AAA,Carting,1,2.3333333333333335,2.333333333333333,1.0,1.0,14.0,6.0,9.6907,2.3333333333333335
IND752056AAA,IND751002AAB,Carting,3,2.0,2.0476190476190474,1.0,1.0,11.666666666666666,5.666666666666667,9.0929,2.0
IND754022AAA,IND751002AAB,FTL,5,2.125,2.1376050420168067,1.0,0.8,46.2,20.4,27.680020000000003,2.125
IND754103AAA,IND754142AAA,FTL,2,2.2608695652173916,2.2608695652173916,1.0,1.0,59.0,26.5,28.582900000000002,2.2608695652173916
IND754142AAA,IND754211AAA,FTL,2,2.9696296296296296,2.9696296296296296,1.0,1.0,76.5,26.0,37.515950000000004,2.9696296296296296
IND754160AAA,IND754142AAA,FTL,1,2.0,2.0,1.0,1.0,56.0,28.0,30.898,2.0
IND754202AAA,IND751002AAB,FTL,2,8.833333333333332,8.833333333333332,1.0,1.0,50.5,15.0,19.3298,8.833333333333332
IND754211AAA,IND754202AAA,FTL,1,2.606060606060606,2.606060606060606,1.0,1.0,86.0,33.0,36.1261,2.606060606060606
IND756019AAA,IND756029AAA,FTL,1,1.3157894736842106,1.3157894736842106,1.0,0.0,25.0,19.0,27.9843,1.3157894736842106
IND756019AAA,IND756032AAA,FTL,2,1.5130718954248366,1.5130718954248366,1.0,0.5,26.5,17.5,25.4385,1.5130718954248366
IND201306AAA,IND201301AAF,Carting,16,2.1923076923076925,2.4194139194139193,1.0,1.0,31.5625,13.0625,10.67063125,2.1923076923076925
IND751015AAA,IND752050AAA,Carting,2,1.5833333333333335,1.5833333333333335,1.0,0.5,8.5,5.5,7.5475,1.5833333333333335
IND207123AAA,IND202001AAB,FTL,1,8.098039215686274,8.098039215686274,1.0,1.0,413.0,51.0,70.0116,8.098039215686274
IND207247AAB,IND205001AAB,FTL,20,2.3,2.4284581646423753,1.0,0.9,58.85,26.75,25.709715,2.3
IND208006AAA,IND209304AAA,Carting,9,1.8571428571428572,4.973753829016987,1.0,0.6666666666666666,65.55555555555556,11.222222222222221,11.389155555555554,1.8571428571428572
IND209111AAA,IND285001AAD,FTL,54,2.0,4.2474036511940705,1.0,0.9074074074074074,31.166666666666668,13.666666666666666,19.464772222222223,2.0
IND204101AAA,IND202001AAB,FTL,4,2.708074534161491,3.52864044168392,1.0,1.0,47.0,15.0,20.19315,2.708074534161491
IND204101AAA,IND282002AAD,FTL,8,2.928104575163399,3.9181048220570283,1.0,1.0,79.5,20.375,26.5851,2.928104575163399
IND204215AAA,IND207001AAA,Carting,24,2.875,4.874553571428572,1.0,1.0,20.541666666666668,5.291666666666667,8.039179166666667,2.875
IND205001AAB,IND205135AAA,Carting,5,1.75,2.058333333333333,1.0,0.6,16.0,7.4,8.7299,1.75
IND205001AAB,IND205135AAA,FTL,14,2.158333333333333,4.379426404949331,1.0,0.8571428571428571,77.85714285714286,19.357142857142858,21.791535714285715,2.158333333333333
IND205001AAB,IND209625AAA,FTL,3,2.7,2.304761904761905,1.0,0.6666666666666666,52.333333333333336,24.0,26.9224,2.7
IND205001AAB,IND209721AAB,FTL,30,2.25,2.411692220747948,1.0,1.0,31.166666666666668,13.4,17.803713333333334,2.25
IND205001AAB,IND283203AAA,FTL,1,4.689655172413793,4.689655172413793,1.0,1.0,272.0,58.0,66.034,4.689655172413793
IND742225AAA,IND742223AAA,Carting,32,4.535714285714286,4.872209821428571,1.0,1.0,20.28125,4.4375,6.9671,4.535714285714286
IND742303AAB,IND741165AAB,Carting,72,2.7817460317460316,3.2832092675842675,1.0,1.0,28.333333333333332,8.916666666666666,13.326566666666666,2.7817460317460316
IND210001AAA,IND210427AAA,FTL,30,3.9,4.159067542221567,1.0,1.0,51.333333333333336,13.033333333333333,18.25818,3.9
IND210431AAA,IND209304AAA,FTL,25,2.4285714285714284,2.891177692208832,1.0,0.92,64.64,24.28,31.860304,2.4285714285714284
IND211002AAB,IND211011AAA,Carting,13,4.428571428571429,4.795329670329671,1.0,1.0,31.615384615384617,6.615384615384615,10.169115384615385,4.428571428571429
IND211002AAB,IND211013AAA,Carting,14,5.309523809523809,5.376757369614512,1.0,1.0,38.92857142857143,7.142857142857143,10.219921428571428,5.309523809523809
IND743235AAA,IND743270AAA,FTL,6,2.1,2.2312013694366635,1.0,1.0,36.833333333333336,16.666666666666668,18.191133333333337,2.1
IND743270AAA,IND712311AAA,FTL,5,15.35135135135135,15.364718720162125,1.0,1.0,1133.6,73.8,98.7449,15.35135135135135
IND743347AAA,IND700053AAA,Carting,48,2.72463768115942,3.0764443558980807,1.0,1.0,28.166666666666668,9.166666666666666,10.93748125,2.72463768115942
IND743395AAA,IND700053AAA,FTL,7,2.6666666666666665,3.13262853730834,1.0,1.0,120.57142857142857,36.42857142857143,35.144642857142856,2.6666666666666665
IND743513AAA,IND743347AAA,Carting,60,1.8571428571428572,2.0689242239242236,1.0,0.85,15.8,7.616666666666666,10.219481666666667,1.8571428571428572
IND751002AAB,IND754103AAA,FTL,11,10.25,9.567957752849525,1.0,1.0,275.72727272727275,26.09090909090909,37.114763636363634,10.25
IND751014AAA,IND751002AAB,Carting,6,4.25,4.824404761904762,1.0,1.0,30.0,6.166666666666667,8.995383333333335,4.25
IND751015AAA,IND751002AAB,Carting,4,2.0,2.1785714285714284,1.0,1.0,15.25,7.0,10.19745,2.0
IND221303AAA,IND231001AAA,FTL,3,1.625,1.641735679779158,1.0,0.6666666666666666,37.0,22.666666666666668,28.935533333333336,1.625
IND221313AAA,IND211002AAB,FTL,36,3.0596491228070177,3.3043364330735123,1.0,0.9166666666666666,60.611111111111114,18.944444444444443,27.35326388888889,3.0596491228070177
IND221313AAA,IND221010AAA,Carting,3,5.0,4.75,1.0,1.0,21.333333333333332,5.0,7.145700000000001,5.0
IND221313AAA,IND221401AAA,FTL,1,16.714285714285715,16.714285714285715,1.0,1.0,585.0,35.0,47.8665,16.714285714285715
IND221313AAA,IND222136AAA,FTL,2,15.11875,15.11875,1.0,1.0,367.0,20.5,28.5001,15.11875
IND742121AAA,IND742101AAC,Carting,11,3.4,4.29863394181576,1.0,1.0,58.27272727272727,11.181818181818182,13.095209090909092,3.4
IND742121AAA,IND742102AAB,Carting,24,3.366071428571429,3.8091956654456656,1.0,1.0,42.75,10.583333333333334,12.4549875,3.366071428571429
IND742121AAB,IND742101AAC,Carting,4,3.3714285714285714,3.5607142857142855,1.0,1.0,30.5,8.5,10.248925000000002,3.3714285714285714
IND742121AAB,IND742121AAA,Carting,32,3.25,3.3210069444444446,1.0,1.0,21.25,6.25,7.31470625,3.25
IND742137AAA,IND742401AAA,Carting,18,2.303030303030303,3.021956746956747,1.0,1.0,23.77777777777778,9.5,8.915272222222221,2.303030303030303
IND742147AAA,IND742137AAA,Carting,5,1.5,1.7298039215686274,1.0,0.4,20.4,10.8,9.37704,1.5
IND742148AAA,IND742225AAA,Carting,45,3.5,4.59037037037037,1.0,1.0,19.533333333333335,4.844444444444444,7.404286666666667,3.5
IND742149AAA,IND742225AAA,Carting,5,2.6666666666666665,4.189177489177489,1.0,1.0,32.4,7.6,10.98882,2.6666666666666665
IND742202AAA,IND712311AAA,FTL,19,2.875,2.947812005348261,1.0,1.0,54.68421052631579,18.57894736842105,26.829589473684212,2.875
IND742202AAA,IND732103AAA,FTL,2,4.571207430340557,4.571207430340558,1.0,1.0,84.5,18.0,25.594250000000002,4.571207430340557
IND516360AAB,IND516001AAA,FTL,4,1.5978260869565217,1.557029926595144,1.0,0.5,34.25,22.0,27.163275,1.5978260869565217
IND517325AAA,IND517408AAA,FTL,1,2.15625,2.15625,1.0,1.0,69.0,32.0,46.6587,2.15625
IND517501AAB,IND517583AAA,Carting,57,2.142857142857143,2.2149553175868966,1.0,1.0,18.385964912280702,8.421052631578947,11.476129824561404,2.142857142857143
IND517501AAB,IND517644AAA,FTL,32,2.443627450980392,2.4887395955652534,1.0,1.0,38.84375,15.875,20.033378125,2.443627450980392
IND517583AAA,IND516101AAA,Carting,127,2.2,2.3108033370828647,1.0,1.0,15.031496062992126,6.653543307086614,10.11911653543307,2.2
IND517644AAA,IND524132AAA,FTL,30,2.162280701754386,2.136983144134847,1.0,1.0,36.5,17.133333333333333,22.288206666666667,2.162280701754386
IND518002AAA,IND509103AAB,FTL,8,2.0130434782608697,2.051709709954847,1.0,0.75,102.875,43.875,47.398025000000004,2.0130434782608697
IND518002AAA,IND518206AAA,FTL,2,13.127076411960132,13.127076411960136,1.0,1.0,563.5,42.5,46.91355,13.127076411960132
IND505001AAB,IND504208AAB,FTL,34,1.4741379310344827,1.7067992401356873,1.0,0.4411764705882353,32.44117647058823,19.676470588235293,27.693508823529413,1.4741379310344827
IND505001AAB,IND504251AAA,FTL,4,1.7803030303030303,2.3953598484848486,1.0,0.5,46.0,20.75,27.432175,1.7803030303030303
IND505001AAB,IND505172AAA,FTL,2,1.9722222222222223,1.9722222222222223,1.0,0.5,20.5,12.0,17.0741,1.9722222222222223
IND505001AAB,IND505184AAC,FTL,9,1.8095238095238095,3.0282186948853616,1.0,0.5555555555555556,52.666666666666664,20.333333333333332,23.099044444444445,1.8095238095238095
IND224001AAA,IND224141AAB,FTL,4,3.4017857142857144,3.482142857142857,1.0,1.0,40.0,11.75,16.962425,3.4017857142857144
IND224141AAB,IND224122AAA,FTL,2,4.4411764705882355,4.4411764705882355,1.0,1.0,27.5,9.0,13.6581,4.4411764705882355
IND226004AAA,IND226024AAA,Carting,2,2.791666666666667,2.7916666666666665,1.0,1.0,17.0,6.5,9.5385,2.791666666666667
IND231205AAA,IND231216AAA,FTL,3,3.3,2.9476190476190474,1.0,1.0,65.33333333333333,22.0,24.039266666666666,3.3
IND231208AAA,IND231217AAA,FTL,6,1.8070652173913042,1.9302536231884055,1.0,1.0,45.5,23.5,33.5619,1.8070652173913042
IND231217AAA,IND231225AAB,FTL,14,2.424603174603175,2.8030015514977924,1.0,1.0,30.5,12.428571428571429,18.273642857142857,2.424603174603175
IND211002AAB,IND485001AAC,FTL,78,2.359210526315789,2.5658107264017063,1.0,0.9487179487179487,55.12820512820513,21.794871794871796,30.944733333333332,2.359210526315789
IND211008AAA,IND211002AAB,Carting,18,4.166666666666667,19.821362433862433,1.0,1.0,147.11111111111111,6.0,7.870500000000001,4.166666666666667
IND211010AAB,IND211002AAB,Carting,1,4.0,4.0,1.0,1.0,24.0,6.0,9.8043,4.0
IND211011AAA,IND212501AAA,Carting,38,3.9,4.609434736379817,1.0,1.0,31.263157894736842,7.657894736842105,10.513134210526315,3.9
IND212402AAA,IND211002AAB,Carting,65,4.285714285714286,24.645398490398488,1.0,1.0,209.75384615384615,7.769230769230769,10.474952307692307,4.285714285714286
IND221010AAA,IND221005A1A,Carting,1,4.166666666666667,4.166666666666667,1.0,1.0,50.0,12.0,13.1201,4.166666666666667
IND221010AAB,IND222001AAA,FTL,3,2.625,2.815476190476191,1.0,1.0,37.333333333333336,13.0,19.330933333333334,2.625
IND221010AAB,IND233001AAA,FTL,8,9.084415584415584,26.717838840081487,1.0,1.0,221.875,20.625,29.588062500000003,9.084415584415584
IND741156AAA,IND742101AAC,Carting,36,2.5584415584415585,3.808315885276669,1.0,0.9722222222222222,21.583333333333332,7.0,9.988436111111112,2.5584415584415585
IND741156AAA,IND742102AAB,Carting,64,2.4,4.456248308982684,1.0,0.96875,21.71875,6.46875,9.049925,2.4
IND741201AAC,IND712311AAA,FTL,4,15.271929824561404,15.179824561403509,1.0,1.0,865.25,57.0,80.15415,15.271929824561404
IND742101AAC,IND712311AAA,FTL,53,2.3333333333333335,2.770485611824171,1.0,0.9433962264150944,60.660377358490564,23.69811320754717,33.240801886792454,2.3333333333333335
IND742101AAC,IND731237AAB,Carting,28,2.854166666666667,2.971641156462585,1.0,0.8214285714285714,19.892857142857142,6.678571428571429,9.934921428571428,2.854166666666667
IND742101AAC,IND741123AAB,Carting,10,2.246794871794872,2.441152287428883,1.0,0.8,34.7,15.9,20.544800000000002,2.246794871794872
IND742101AAC,IND742202AAA,FTL,4,2.1403508771929824,2.540763673890609,1.0,1.0,37.75,14.75,20.954175,2.1403508771929824
IND742102AAB,IND731237AAB,Carting,44,3.0069444444444446,3.0856317293817295,1.0,0.9090909090909091,22.454545454545453,7.090909090909091,10.424518181818183,3.0069444444444446
IND221313AAA,IND232101AAB,Carting,9,2.2,15.143840364428602,1.0,1.0,201.22222222222223,13.11111111111111,15.080999999999998,2.2
IND221313AAA,IND276128AAA,FTL,9,2.7142857142857144,12.90808429497155,1.0,0.7777777777777778,184.44444444444446,25.333333333333332,28.532333333333334,2.7142857142857144
IND221401AAA,IND221303AAA,FTL,2,2.71875,2.71875,1.0,1.0,43.5,16.0,17.918,2.71875
IND221706AAA,IND273014AAB,FTL,56,2.533333333333333,3.0431350972110036,1.0,0.9821428571428571,67.375,23.767857142857142,29.56868928571429,2.533333333333333
IND222001AAA,IND222136AAA,FTL,1,2.9166666666666665,2.9166666666666665,1.0,1.0,35.0,12.0,17.665200000000002,2.9166666666666665
IND222125AAB,IND222001AAA,FTL,2,2.65625,2.65625,1.0,1.0,25.0,9.0,13.16765,2.65625
IND244301AAA,IND244412AAA,FTL,21,1.6666666666666667,1.8359797047810187,1.0,0.7619047619047619,26.142857142857142,15.952380952380953,15.279695238095238,1.6666666666666667
IND244713AAA,IND263401AAA,FTL,16,2.0217391304347827,2.1145186335403725,1.0,1.0,47.0,22.25,24.10099375,2.0217391304347827
IND244901AAB,IND243201AAA,Carting,4,1.9742547425474255,2.43802022841657,1.0,0.75,44.5,18.0,18.7778,1.9742547425474255
IND244901AAB,IND243503AAB,FTL,4,3.6375,4.995220588235294,1.0,1.0,86.0,16.0,23.328500000000002,3.6375
IND231225AAB,IND486886AAA,FTL,7,1.6296296296296295,1.6767480667480668,1.0,1.0,42.857142857142854,25.571428571428573,23.124657142857142,1.6296296296296295
IND232101AAB,IND232104AAB,Carting,13,2.0,4.143293885601579,1.0,0.7692307692307693,19.153846153846153,6.230769230769231,7.885284615384616,2.0
IND233001AAA,IND275101AAA,FTL,6,3.3918269230769234,3.6047542735042732,1.0,1.0,49.833333333333336,14.166666666666666,20.916833333333333,3.3918269230769234
IND233001AAA,IND275503AAA,FTL,3,3.5,3.4635854341736696,1.0,1.0,48.0,13.666666666666666,19.93883333333333,3.5
IND241124AAB,IND242001AAA,FTL,4,2.1856617647058822,2.1947916666666667,1.0,1.0,35.5,16.25,23.465925,2.1856617647058822
IND242001AAA,IND242307AAB,FTL,1,6.230769230769231,6.230769230769231,1.0,1.0,81.0,13.0,19.7927,6.230769230769231
IND242221AAA,IND207247AAB,FTL,15,2.3225806451612905,2.585377111456088,1.0,1.0,86.8,32.86666666666667,32.429186666666666,2.3225806451612905
IND242307AAB,IND207247AAB,FTL,20,1.8774630541871922,1.9345355634632735,1.0,0.95,70.9,35.85,34.186525,1.8774630541871922
IND243001AAA,IND243503AAB,FTL,25,1.9375,1.9739286222656032,1.0,0.8,35.04,17.28,21.594935999999997,1.9375
IND243001AAA,IND244901AAB,FTL,6,1.5909090909090908,1.864550106326422,1.0,0.8333333333333334,30.0,16.0,21.881833333333333,1.5909090909090908
IND243002AAA,IND243503AAB,FTL,2,1.807843137254902,1.8078431372549018,1.0,1.0,29.0,16.0,20.53675,1.807843137254902
IND244901AAC,IND244921AAB,Carting,3,1.5,1.5555555555555556,1.0,0.3333333333333333,13.666666666666666,8.666666666666666,8.120800000000001,1.5
IND245101AAA,IND201007AAA,Carting,10,2.4642857142857144,2.8021031746031744,1.0,1.0,26.5,9.8,9.47991,2.4642857142857144
IND246149AAA,IND249407AAA,FTL,30,2.713333333333333,2.8238475141077966,1.0,1.0,83.56666666666666,31.066666666666666,34.02902666666667,2.713333333333333
IND246444AAB,IND246424AAA,FTL,15,1.4090909090909092,1.4069786721158486,1.0,0.2,58.666666666666664,41.733333333333334,28.121973333333337,1.4090909090909092
IND733140AAA,IND732103AAA,FTL,3,2.263157894736842,2.9264992546726294,1.0,1.0,52.0,18.0,25.9605,2.263157894736842
IND733140AAA,IND733102AAA,Carting,23,1.8181818181818181,2.277329192546584,1.0,0.7391304347826086,16.47826086956522,8.521739130434783,9.096765217391305,1.8181818181818181
IND733140AAA,IND733102AAA,FTL,1,1.5,1.5,1.0,0.0,36.0,24.0,33.0799,1.5
IND733202AAB,IND733210AAA,FTL,1,1.3225806451612903,1.3225806451612905,1.0,0.0,41.0,31.0,30.623,1.3225806451612903
IND733202AAC,IND733210AAA,FTL,1,2.1538461538461537,2.1538461538461537,1.0,1.0,56.0,26.0,25.6387,2.1538461538461537
IND734214AAB,IND000000AFF,FTL,3,3.1794871794871793,3.1153846153846154,1.0,1.0,115.33333333333333,37.0,41.025933333333334,3.1794871794871793
IND736135AAA,IND736101AAA,FTL,6,2.0890269151138714,2.072803657694962,1.0,1.0,48.0,23.166666666666668,22.503983333333334,2.0890269151138714
IND736135AAA,IND736165AAA,FTL,10,2.4691666666666667,2.6234289044289043,1.0,1.0,46.7,18.1,19.24038,2.4691666666666667
IND741101AAB,IND741502AAB,FTL,1,2.6666666666666665,2.6666666666666665,1.0,1.0,32.0,12.0,16.773400000000002,2.6666666666666665
IND741121AAA,IND741201AAC,FTL,1,2.789473684210526,2.789473684210526,1.0,1.0,53.0,19.0,20.7476,2.789473684210526
IND741123AAB,IND741126AAB,Carting,52,2.5555555555555554,2.4050757635896955,1.0,0.9423076923076923,27.423076923076923,10.865384615384615,15.102248076923077,2.5555555555555554
IND246763AAA,IND246761AAA,FTL,22,2.4092105263157895,2.5039036348506913,1.0,0.9545454545454546,39.36363636363637,15.545454545454545,21.716686363636363,2.4092105263157895
IND247667AAA,IND249407AAA,FTL,28,1.9285714285714286,2.1996558654809886,1.0,0.8214285714285714,41.42857142857143,18.25,15.460667857142857,1.9285714285714286
IND247667AAB,IND249407AAA,FTL,4,2.4642857142857144,2.305555555555556,1.0,0.75,47.5,18.0,15.1969,2.4642857142857144
IND247776AAA,IND251309AAB,FTL,9,1.7777777777777777,1.786549707602339,1.0,1.0,32.333333333333336,18.11111111111111,24.521044444444446,1.7777777777777777
IND248122AAB,IND248001AAA,FTL,15,2.210526315789474,2.1648706314610204,1.0,1.0,74.53333333333333,34.733333333333334,33.20879333333333,2.210526315789474
IND732103AAB,IND732202AAA,Carting,24,3.25,7.446428571428572,1.0,1.0,25.541666666666668,5.666666666666667,7.895379166666667,3.25
IND732103AAB,IND733128AAA,Carting,36,1.75,3.1861772486772484,1.0,0.6944444444444444,16.63888888888889,7.222222222222222,10.315394444444443,1.75
IND732123AAC,IND732139AAA,Carting,2,1.3452380952380953,1.3452380952380953,1.0,0.0,11.5,8.5,5.8811,1.3452380952380953
IND732138AAA,IND733102AAA,FTL,4,1.6714285714285715,1.902106227106227,1.0,0.75,64.5,32.0,36.149275,1.6714285714285715
IND732138AAA,IND733124AAA,Carting,8,1.7888888888888888,2.201686507936508,1.0,1.0,18.125,8.375,10.0236875,1.7888888888888888
IND732138AAA,IND733124AAA,FTL,2,1.75,1.75,1.0,1.0,32.5,18.0,20.678649999999998,1.75
IND732138AAA,IND733140AAA,Carting,9,2.625,2.7787037037037035,1.0,0.8888888888888888,22.555555555555557,8.666666666666666,10.721322222222222,2.625
IND732139AAA,IND732123AAC,Carting,2,2.1470588235294117,2.1470588235294117,1.0,0.5,12.5,9.0,6.396,2.1470588235294117
IND732202AAA,IND732204AAB,Carting,22,3.0,2.9537337662337664,1.0,1.0,21.227272727272727,7.181818181818182,10.155063636363638,3.0
IND733128AAA,IND733129AAB,Carting,8,2.583333333333333,2.3584096459096457,1.0,0.625,28.25,11.25,13.3363625,2.583333333333333
IND733128AAA,IND733134AAA,Carting,15,1.8333333333333333,1.9777777777777779,1.0,0.9333333333333333,12.866666666666667,6.466666666666667,8.905106666666667,1.8333333333333333
IND251309AAB,IND131028AAB,FTL,30,1.7777777777777777,1.9325398228846504,1.0,0.9333333333333333,45.5,22.833333333333332,23.091413333333332,1.7777777777777777
IND261001AAA,IND262701AAA,FTL,59,1.8214285714285714,2.102913842344064,1.0,0.9152542372881356,39.66101694915254,19.915254237288135,21.796981355932203,1.8214285714285714
IND722151AAA,IND723130AAA,FTL,10,14.207738095238096,10.85948313701275,1.0,0.8,744.4,56.6,71.09548,14.207738095238096
IND722154AAA,IND712311AAA,FTL,3,3.6923076923076925,3.940128836680561,1.0,1.0,148.0,28.333333333333332,31.047366666666665,3.6923076923076925
IND722154AAA,IND712602AAA,FTL,2,3.0,3.0,1.0,1.0,29.0,14.0,15.55685,3.0
IND722202AAA,IND713205AAB,Carting,2,2.375,2.375,1.0,1.0,23.0,8.5,10.0865,2.375
IND723101AAA,IND723202AAA,FTL,27,1.7142857142857142,1.990043962305258,1.0,0.8518518518518519,39.888888888888886,19.703703703703702,23.958170370370368,1.7142857142857142
IND731204AAB,IND731301AAA,FTL,13,2.4285714285714284,2.297245831091985,1.0,1.0,49.23076923076923,21.46153846153846,19.68196923076923,2.4285714285714284
IND731224AAA,IND742147AAA,Carting,33,2.1818181818181817,2.9460149970845158,1.0,0.9696969696969697,22.21212121212121,9.606060606060606,9.293169696969697,2.1818181818181817
IND731237AAB,IND731224AAA,Carting,45,3.3333333333333335,3.50855619688953,1.0,0.9777777777777777,21.488888888888887,6.377777777777778,9.45412,3.3333333333333335
IND731301AAA,IND713205AAB,FTL,53,1.75,1.9615167546218677,1.0,0.8679245283018868,53.339622641509436,25.20754716981132,27.55291509433962,1.75
IND732103AAA,IND732138AAA,FTL,4,3.34,3.40951048951049,1.0,1.0,52.75,18.0,20.069025,3.34
IND246701AAA,IND246763AAA,FTL,24,1.8640350877192982,2.07301761347814,1.0,0.9166666666666666,25.458333333333332,12.541666666666666,17.1196125,1.8640350877192982
IND246725AAB,IND246701AAA,FTL,20,1.4907407407407407,1.612276044517424,1.0,0.45,24.35,16.6,18.52005,1.4907407407407407
IND263153AAB,IND244713AAA,FTL,3,5.125,4.232142857142857,1.0,1.0,66.0,17.333333333333332,18.504033333333332,5.125
IND263153AAB,IND263139AAA,FTL,14,1.8839285714285714,2.725040396111825,1.0,0.7142857142857143,48.357142857142854,20.214285714285715,17.581785714285715,1.8839285714285714
IND263153AAB,IND263401AAA,FTL,2,2.7061688311688314,2.7061688311688314,1.0,1.0,49.5,19.5,20.39995,2.7061688311688314
IND263401AAA,IND244713AAA,FTL,1,2.409090909090909,2.409090909090909,1.0,1.0,53.0,22.0,24.3682,2.409090909090909
IND263401AAA,IND263153AAB,FTL,30,1.7596153846153846,2.1485480705710884,1.0,0.7,44.2,19.266666666666666,20.093863333333335,1.7596153846153846
IND249201AAA,IND246174AAA,FTL,12,1.6513800683927697,2.025915394613047,1.0,0.5833333333333334,92.16666666666667,53.916666666666664,36.83573333333333,1.6513800683927697
IND249201AAA,IND249407AAA,FTL,17,7.88,11.06258558435029,1.0,1.0,292.6470588235294,26.294117647058822,21.412041176470588,7.88
IND249407AAA,IND131028AAB,FTL,116,2.0805626598465476,2.751017831889045,1.0,0.9224137931034483,77.05172413793103,28.28448275862069,27.756329310344828,2.0805626598465476
IND249407AAA,IND246149AAA,FTL,34,2.1838803088803087,2.6211716778785026,1.0,1.0,80.32352941176471,31.205882352941178,39.71414411764706,2.1838803088803087
IND249407AAA,IND249201AAA,FTL,18,1.8397435897435899,2.164255804412393,1.0,0.9444444444444444,56.22222222222222,25.5,20.650394444444444,1.8397435897435899
IND250002AAA,IND131028AAB,FTL,14,1.930952380952381,2.532600492445213,1.0,0.9285714285714286,58.285714285714285,23.5,28.941185714285716,1.930952380952381
IND250221AAA,IND251201AAA,FTL,1,3.125,3.125,1.0,1.0,50.0,16.0,19.9858,3.125
IND250611AAA,IND247776AAA,FTL,22,2.0,1.9154375927103202,1.0,0.9090909090909091,30.90909090909091,15.863636363636363,19.538554545454545,2.0
IND251001AAA,IND247554AAA,FTL,22,1.696969696969697,6.144461269955342,1.0,0.7727272727272727,28.636363636363637,12.909090909090908,14.064422727272728,1.696969696969697
IND251201AAA,IND131028AAB,FTL,4,2.4342751842751844,5.821033696033696,1.0,0.5,155.75,24.5,27.012225,2.4342751842751844
IND251201AAA,IND250002AAA,FTL,2,1.9464285714285714,1.9464285714285714,1.0,1.0,38.5,20.0,19.76695,1.9464285714285714
IND272001AAA,IND272175AAA,FTL,4,1.5625,2.0804924242424243,1.0,0.5,22.0,12.25,17.450924999999998,1.5625
IND272207AAB,IND272153AAC,Carting,7,2.888888888888889,3.1462585034013606,1.0,1.0,21.571428571428573,6.714285714285714,9.633657142857142,2.888888888888889
IND721306AAA,IND721102AAA,FTL,5,2.0,2.7444444444444445,1.0,1.0,49.4,18.0,18.8609,2.0
IND721306AAA,IND721133AAA,FTL,2,2.167763157894737,2.167763157894737,1.0,1.0,38.0,17.5,19.788800000000002,2.167763157894737
IND721306AAA,IND721253AAC,FTL,3,2.0,2.9473684210526314,1.0,1.0,45.333333333333336,13.666666666666666,17.67546666666667,2.0
IND721306AAA,IND721507AAA,FTL,26,2.0869565217391304,2.68585050532991,1.0,0.9615384615384616,57.23076923076923,21.692307692307693,25.28892307692308,2.0869565217391304
IND721401AAA,IND721306AAA,FTL,8,1.7613636363636362,1.8768452742909265,1.0,1.0,38.875,20.25,22.8696875,1.7613636363636362
IND721434AAB,IND721401AAA,FTL,4,2.488095238095238,2.4613095238095237,1.0,1.0,61.5,24.5,24.863825,2.488095238095238
IND721501AAC,IND721306AAA,FTL,4,1.7919254658385093,2.1552219921785136,1.0,1.0,41.75,21.75,24.62535,1.7919254658385093
IND722101AAA,IND722122AAA,Carting,24,1.8571428571428572,2.0991071428571426,1.0,0.9583333333333334,13.166666666666666,6.75,10.266383333333334,1.8571428571428572
IND722101AAB,IND713205AAB,Carting,5,1.375,1.5009740259740258,1.0,0.4,13.6,9.0,10.12026,1.375
IND722140AAA,IND723130AAA,FTL,1,19.130434782608695,19.130434782608692,1.0,1.0,1320.0,69.0,77.2476,19.130434782608695
IND262405AAA,IND263153AAB,FTL,3,2.75,5.6474175035868015,1.0,0.6666666666666666,204.66666666666666,27.333333333333332,27.706733333333332,2.75
IND262701AAA,IND262802AAA,FTL,40,2.299107142857143,2.6086688842203545,1.0,1.0,26.975,11.5,16.46244,2.299107142857143
IND262802AAA,IND262723AAB,FTL,63,2.2972972972972974,2.743939784460203,1.0,1.0,59.77777777777778,22.634920634920636,30.77738888888889,2.2972972972972974
IND713205AAB,IND722202AAA,Carting,8,2.4488636363636367,4.28814935064935,1.0,0.875,37.375,8.875,8.20835,2.4488636363636367
IND713205AAB,IND723133AAA,FTL,3,1.4,1.9703703703703705,1.0,0.3333333333333333,60.666666666666664,25.0,28.1887,1.4
IND713303AAA,IND713364AAB,FTL,6,4.166666666666666,3.865468409586057,1.0,1.0,69.16666666666667,17.833333333333332,23.349016666666667,4.166666666666666
IND721102AAA,IND712311AAA,FTL,19,7.478260869565218,6.273945731183107,1.0,1.0,476.7894736842105,62.73684210526316,85.60767894736843,7.478260869565218
IND721133AAA,IND721434AAB,FTL,4,2.935483870967742,2.9214132641551993,1.0,1.0,79.75,27.5,27.83065,2.935483870967742
IND721134AAB,IND712310AAE,Carting,4,1.55,1.9851351351351352,1.0,0.5,38.75,13.5,17.23025,1.55
IND721253AAC,IND721306AAA,FTL,31,2.32,4.756012039620034,1.0,1.0,35.774193548387096,13.935483870967742,18.131609677419352,2.32
IND721253AAC,IND721501AAC,FTL,3,1.8,1.788931788931789,1.0,0.6666666666666666,55.0,30.666666666666668,33.70366666666667,1.8
IND263601AAA,IND263645AAA,FTL,2,1.8452380952380953,1.8452380952380953,1.0,1.0,52.5,27.0,26.2592,1.8452380952380953
IND263645AAA,IND262501AAA,FTL,4,2.043181818181818,2.0595811051693405,1.0,0.5,83.75,39.5,38.3979,2.043181818181818
IND263645AAA,IND263601AAA,FTL,15,2.0392156862745097,3.1103135938327577,1.0,1.0,83.93333333333334,38.4,38.77268,2.0392156862745097
IND271001AAA,IND271201AAA,Carting,25,2.7777777777777777,27.133111111111113,1.0,1.0,114.24,6.2,8.924888,2.7777777777777777
IND271001AAA,IND271210AAA,Carting,7,2.0,45.72721088435374,1.0,1.0,361.85714285714283,6.714285714285714,10.099214285714286,2.0
IND271201AAA,IND271210AAA,Carting,18,2.142857142857143,2.5224206349206346,1.0,1.0,15.5,6.388888888888889,9.914244444444444,2.142857142857143
IND281401AAA,IND121004AAB,Carting,21,1.8571428571428572,2.1784659784659786,1.0,0.9047619047619048,21.61904761904762,8.904761904761905,13.288095238095238,1.8571428571428572
IND273014AAB,IND274001AAA,FTL,48,2.378654970760234,2.5528483898211065,1.0,0.9791666666666666,40.541666666666664,15.645833333333334,18.857608333333335,2.378654970760234
IND273155AAA,IND273014AAB,Carting,4,2.3428571428571425,2.7642857142857142,1.0,1.0,21.75,7.25,11.084175,2.3428571428571425
IND273303AAA,IND273304AAA,Carting,3,1.8571428571428572,2.6746031746031744,1.0,1.0,32.0,13.0,12.242333333333335,1.8571428571428572
IND274001AAA,IND273014AAB,FTL,3,3.066666666666667,4.987134502923976,1.0,1.0,78.66666666666667,13.666666666666666,19.4477,3.066666666666667
IND274001AAA,IND274509AAB,FTL,18,1.94,2.411716159893909,1.0,1.0,38.44444444444444,17.11111111111111,20.919655555555558,1.94
IND274301AAB,IND273014AAB,FTL,30,2.7256006006006004,3.610416736787272,1.0,1.0,99.73333333333333,29.7,37.00151666666667,2.7256006006006004
IND274304AAA,IND274304AAB,FTL,6,5.038461538461538,4.769230769230769,1.0,1.0,60.5,12.666666666666666,18.897033333333336,5.038461538461538
IND274304AAB,IND274301AAB,FTL,17,2.235294117647059,2.355536332179931,1.0,1.0,29.705882352941178,12.823529411764707,18.811329411764707,2.235294117647059
IND274304AAB,IND274304AAA,FTL,1,2.909090909090909,2.909090909090909,1.0,1.0,32.0,11.0,15.9321,2.909090909090909
IND274402AAA,IND274301AAB,FTL,2,3.4117647058823533,3.4117647058823533,1.0,1.0,50.0,15.0,21.5529,3.4117647058823533
IND274402AAA,IND274304AAB,FTL,4,2.833333333333333,3.1858974358974357,1.0,1.0,40.0,12.5,17.928625,2.833333333333333
IND274509AAB,IND274001AAA,FTL,1,2.125,2.125,1.0,1.0,51.0,24.0,28.971,2.125
IND713205AAB,IND722122AAA,Carting,6,1.619047619047619,2.282159028710753,1.0,0.6666666666666666,29.333333333333332,11.166666666666666,13.401133333333334,1.619047619047619
IND713205AAB,IND722143AAB,FTL,10,3.58,4.316043624652321,1.0,1.0,92.1,22.4,29.60605,3.58
IND505122AAA,IND506002AAA,FTL,29,2.3157894736842106,3.753710418865177,1.0,1.0,92.03448275862068,22.344827586206897,26.77166206896552,2.3157894736842106
IND505184AAC,IND505001AAB,FTL,27,1.7619047619047619,2.3150349642768244,1.0,0.7407407407407407,47.666666666666664,20.59259259259259,23.067355555555558,1.7619047619047619
IND505302AAB,IND505327AAA,FTL,2,2.0894607843137254,2.0894607843137254,1.0,1.0,41.5,20.5,19.117150000000002,2.0894607843137254
IND505325AAA,IND505327AAA,FTL,9,1.411764705882353,2.259041394335512,1.0,0.1111111111111111,20.666666666666668,12.88888888888889,18.74728888888889,1.411764705882353
IND505326AAA,IND505425AAA,FTL,2,2.78921568627451,2.78921568627451,1.0,0.5,49.5,17.5,24.6496,2.78921568627451
IND505326AAB,IND505001AAB,FTL,1,4.389830508474576,4.389830508474576,1.0,1.0,259.0,59.0,63.4686,4.389830508474576
IND505326AAB,IND505327AAA,FTL,2,2.533333333333333,2.533333333333333,1.0,1.0,23.5,11.5,16.4862,2.533333333333333
IND518002AAA,IND518401AAA,FTL,26,1.775,2.141694989792816,1.0,0.8076923076923077,27.423076923076923,15.076923076923077,15.961438461538462,1.775
IND518124AAA,IND518002AAA,FTL,3,1.391304347826087,1.5655780706931601,1.0,0.3333333333333333,34.666666666666664,23.333333333333332,26.7527,1.391304347826087
IND518124AAA,IND518206AAA,FTL,6,1.65,1.6928571428571428,1.0,0.8333333333333334,35.0,20.666666666666668,19.414816666666667,1.65
IND518206AAA,IND518002AAA,FTL,3,1.5,1.5533625730994152,1.0,0.3333333333333333,45.333333333333336,27.666666666666668,28.935533333333336,1.5
IND518401AAA,IND518422AAB,FTL,24,1.8541666666666665,2.0311481829573936,1.0,1.0,24.416666666666668,12.0,17.5195875,1.8541666666666665
IND518422AAB,IND518102AAA,FTL,28,2.0454780361757106,2.047187278024216,1.0,1.0,78.39285714285714,38.0,54.159839285714284,2.0454780361757106
IND521001AAA,IND521165AAA,FTL,6,1.875,1.8885551296542007,1.0,1.0,24.666666666666668,12.833333333333334,18.360016666666667,1.875
IND521001AAA,IND521225AAB,FTL,15,2.2857142857142856,2.2385117322291235,1.0,0.8666666666666667,40.0,17.733333333333334,24.641606666666668,2.2857142857142856
IND282002AAD,IND204101AAA,FTL,9,1.8421052631578947,2.3056403635351,1.0,1.0,40.44444444444444,18.0,21.74252222222222,1.8421052631578947
IND283122AAB,IND282005AAA,Carting,6,6.528787878787879,57.05980963480963,1.0,1.0,252.33333333333334,13.833333333333334,16.904133333333334,6.528787878787879
IND283203AAA,IND282002AAD,FTL,2,2.1493055555555554,2.1493055555555554,1.0,1.0,36.5,17.0,23.368850000000002,2.1493055555555554
IND284403AAA,IND474003AAA,FTL,1,2.5048076923076925,2.5048076923076925,1.0,1.0,521.0,208.0,223.2655,2.5048076923076925
IND274509AAB,IND274304AAA,FTL,5,1.8333333333333333,1.9479641131815046,1.0,1.0,41.8,21.0,23.94296,1.8333333333333333
IND274509AAB,IND274402AAA,FTL,5,2.3076923076923075,2.4962002972872535,1.0,1.0,49.6,20.8,24.10774,2.3076923076923075
IND275101AAA,IND275503AAA,FTL,2,4.136363636363637,4.136363636363637,1.0,1.0,45.5,11.0,15.9229,4.136363636363637
IND275303AAA,IND276140AAA,FTL,4,2.1525735294117645,2.3262867647058822,1.0,1.0,37.75,16.25,23.246274999999997,2.1525735294117645
IND275503AAA,IND275303AAA,FTL,4,4.26923076923077,4.230769230769231,1.0,1.0,55.0,13.0,18.889699999999998,4.26923076923077
IND276128AAA,IND276305AAA,FTL,12,1.6512605042016806,2.001225066639559,1.0,0.5833333333333334,30.833333333333332,19.583333333333332,19.703475,1.6512605042016806
IND276129AAA,IND221010AAB,FTL,3,3.225806451612903,3.13435972629521,1.0,1.0,92.33333333333333,31.666666666666668,29.134866666666667,3.225806451612903
IND276140AAA,IND276129AAA,FTL,2,2.2857142857142856,2.285714285714286,1.0,1.0,44.0,18.0,20.37015,2.2857142857142856
IND276305AAA,IND223101AAB,FTL,11,2.0,2.1362962399918923,1.0,1.0,33.54545454545455,16.09090909090909,17.94021818181818,2.0
IND277211AAA,IND277201AAA,FTL,5,2.5238095238095237,2.491904761904762,1.0,1.0,51.8,20.8,23.5233,2.5238095238095237
IND277303AAC,IND277211AAA,FTL,12,1.4472727272727273,1.4445493395493394,1.0,0.16666666666666666,26.083333333333332,17.916666666666668,20.039441666666665,1.4472727272727273
IND712602AAA,IND722154AAA,FTL,3,3.230769230769231,3.41025641025641,1.0,1.0,55.666666666666664,17.666666666666668,19.4111,3.230769230769231
IND712612AAA,IND722154AAA,FTL,3,1.6842105263157894,1.567017543859649,1.0,0.6666666666666666,32.333333333333336,21.0,21.076166666666666,1.6842105263157894
IND713103AAA,IND713205AAB,FTL,12,1.8786764705882353,2.0551186483365274,1.0,0.9166666666666666,33.333333333333336,16.166666666666668,22.978933333333334,1.8786764705882353
IND713128AAB,IND731204AAB,FTL,13,2.888888888888889,3.2003598740440844,1.0,1.0,57.84615384615385,18.0,24.789476923076922,2.888888888888889
IND713128AAB,IND731301AAA,FTL,6,3.787878787878788,3.957070707070707,1.0,1.0,72.83333333333333,17.666666666666668,20.386983333333333,3.787878787878788
IND713130AAA,IND741123AAB,Carting,83,2.1818181818181817,2.51342651304057,1.0,0.9036144578313253,28.49397590361446,12.771084337349398,15.009580722891567,2.1818181818181817
IND713130AAA,IND741126AAB,Carting,3,4.0,4.003030303030303,1.0,1.0,84.33333333333333,23.0,27.2353,4.0
IND713145AAB,IND741101AAB,FTL,2,2.041501976284585,2.041501976284585,1.0,1.0,35.5,17.0,18.8687,2.041501976284585
IND713145AAB,IND741316AAA,FTL,2,1.591485507246377,1.591485507246377,1.0,0.5,37.5,23.5,25.98685,1.591485507246377
IND713148AAA,IND713128AAB,FTL,34,2.7905982905982905,3.353598661686897,1.0,1.0,48.294117647058826,17.58823529411765,20.47264117647059,2.7905982905982905
IND713205AAB,IND712311AAA,FTL,83,2.0555555555555554,6.640135030424773,1.0,0.9397590361445783,104.91566265060241,14.819277108433734,21.562031325301206,2.0555555555555554
IND713205AAB,IND713148AAA,FTL,3,4.444444444444445,4.4259259259259265,1.0,1.0,79.66666666666667,18.0,22.627933333333335,4.444444444444445
IND713205AAB,IND713303AAA,FTL,10,1.8492647058823528,3.575340909090909,1.0,1.0,42.7,13.2,18.197110000000002,1.8492647058823528
IND713205AAB,IND722101AAA,Carting,10,1.8,2.7852380952380953,1.0,0.6,26.3,9.0,10.34106,1.8
IND282001AAF,IND283122AAB,FTL,7,2.1666666666666665,2.1491228070175437,1.0,1.0,39.0,18.142857142857142,23.976785714285715,2.1666666666666665
IND302014AAB,IND304001AAA,Carting,8,2.0,2.4169642857142857,1.0,0.875,18.25,7.5,11.1371625,2.0
IND712311AAA,IND713205AAB,FTL,72,1.898989898989899,2.2491269551081703,1.0,0.9305555555555556,38.44444444444444,17.375,24.93096388888889,1.898989898989899
IND712311AAA,IND732103AAB,FTL,36,2.5357142857142856,2.8224540169045893,1.0,0.9444444444444444,50.666666666666664,18.0,26.071758333333335,2.5357142857142856
IND712311AAA,IND742102AAB,FTL,24,2.7595238095238095,3.034741704098806,1.0,0.9166666666666666,60.208333333333336,21.583333333333332,30.8173875,2.7595238095238095
IND712311AAA,IND743235AAA,FTL,20,2.485294117647059,2.9555059523809524,1.0,1.0,37.0,13.9,20.017675,2.485294117647059
IND712406AAA,IND712602AAA,FTL,3,2.3225806451612905,2.11280591641123,1.0,1.0,65.0,30.333333333333332,30.102,2.3225806451612905
IND712406AAA,IND712612AAA,FTL,2,2.7894736842105265,2.7894736842105265,1.0,1.0,58.0,22.0,21.7705,2.7894736842105265
IND712602AAA,IND712311AAA,FTL,1,5.206896551724138,5.206896551724138,1.0,1.0,302.0,58.0,61.4109,5.206896551724138
IND301001AAB,IND321001AAB,FTL,50,1.9544513457556936,1.902263360971599,1.0,0.7,30.44,16.88,19.493328,1.9544513457556936
IND301001AAB,IND321606AAA,FTL,9,2.2,2.281120213915913,1.0,1.0,60.44444444444444,25.88888888888889,27.952944444444444,2.2
IND301705AAA,IND123001AAA,FTL,2,2.340725806451613,2.340725806451613,1.0,1.0,39.5,19.5,24.211850000000002,2.340725806451613
IND302004AAA,IND302033AAB,Carting,1,2.9,2.9,1.0,1.0,29.0,10.0,13.0795,2.9
IND302006AAA,IND302014AAB,Carting,25,3.0,4.029949494949495,1.0,1.0,25.2,6.52,7.437844,3.0
IND302006AAC,IND302014AAB,Carting,2,4.291666666666666,4.291666666666666,1.0,1.0,31.0,9.0,10.1041,4.291666666666666
IND303702AAB,IND332001AAB,FTL,16,1.5,1.6296326754385966,1.0,0.4375,24.9375,15.3125,21.1797625,1.5
IND712103AAA,IND712310AAE,Carting,76,2.430769230769231,3.3617978512715356,1.0,0.881578947368421,32.38157894736842,9.828947368421053,10.698597368421053,2.430769230769231
IND712124AAA,IND712103AAA,Carting,46,2.95,3.147804128238911,1.0,1.0,16.73913043478261,5.739130434782608,6.326358695652174,2.95
IND712124AAA,IND712310AAE,Carting,5,5.076923076923077,5.956410256410257,1.0,1.0,63.8,10.6,10.91198,5.076923076923077
IND712310AAE,IND712103AAA,Carting,3,3.6363636363636362,3.6195286195286194,1.0,1.0,35.0,9.666666666666666,10.618,3.6363636363636362
IND712310AAE,IND712124AAA,Carting,59,3.2,4.137363766177326,1.0,1.0,36.932203389830505,9.525423728813559,9.748491525423729,3.2
IND712311AAA,IND700028AAB,Carting,46,3.0357142857142856,4.415667303710782,1.0,0.9782608695652174,35.869565217391305,9.152173913043478,9.767765217391304,3.0357142857142856
IND712311AAA,IND700065AAA,Carting,58,3.4375,4.3830049261083746,1.0,0.9827586206896551,42.275862068965516,10.931034482758621,10.659972413793104,3.4375
IND712311AAA,IND712310AAE,Carting,1,1.6666666666666667,1.6666666666666667,1.0,1.0,20.0,12.0,12.8884,1.6666666666666667
IND302014AAB,IND302026AAA,Carting,38,2.125,4.493156989209621,1.0,0.9210526315789473,34.78947368421053,9.789473684210526,10.789207894736842,2.125
IND700028AAB,IND712311AAA,Carting,19,4.0,5.563325120193297,1.0,1.0,74.05263157894737,10.31578947368421,12.727173684210527,4.0
IND700053AAA,IND700136AAB,Carting,2,2.3076923076923075,2.3076923076923075,1.0,1.0,37.0,16.5,15.2594,2.3076923076923075
IND700053AAA,IND700144AAA,FTL,5,2.3157894736842106,2.7082503556187767,1.0,1.0,102.0,37.6,29.30802,2.3157894736842106
IND700053AAA,IND712311AAA,Carting,17,4.0,12.525879469434832,1.0,0.9411764705882353,66.11764705882354,10.294117647058824,10.393870588235293,4.0
IND700053AAA,IND743513AAA,Carting,12,3.0357142857142856,3.2311056998557,1.0,1.0,27.916666666666668,8.666666666666666,10.407191666666668,3.0357142857142856
IND700065AAA,IND700026AAC,Carting,3,2.0625,2.12609649122807,1.0,1.0,26.333333333333332,12.0,8.230133333333333,2.0625
IND700065AAA,IND712311AAA,Carting,46,2.815340909090909,5.338922263442724,1.0,1.0,75.06521739130434,12.26086956521739,13.598102173913043,2.815340909090909
IND700065AAB,IND712310AAA,Carting,30,4.741758241758242,5.513951973951974,1.0,1.0,59.1,11.3,11.380576666666666,4.741758241758242
IND700088AAA,IND712311AAA,Carting,25,3.2,3.5639619353814402,1.0,0.96,32.92,10.76,10.796579999999999,3.2
IND700136AAB,IND712311AAA,Carting,3,4.428571428571429,5.128151260504201,1.0,1.0,51.333333333333336,11.666666666666666,10.5695,4.428571428571429
IND700136AAG,IND712310AAA,Carting,47,4.666666666666667,4.60793485163586,1.0,0.9787234042553191,45.12765957446808,9.48936170212766,11.589927659574467,4.666666666666667
IND700144AAA,IND743395AAA,FTL,4,3.0476190476190474,3.036309523809524,1.0,1.0,61.5,20.25,22.153100000000002,3.0476190476190474
IND712103AAA,IND712124AAA,Carting,1,2.3636363636363638,2.363636363636364,1.0,1.0,26.0,11.0,11.4154,2.3636363636363638
IND303002AAA,IND302014AAA,FTL,20,1.7840909090909092,1.9441154859633119,1.0,0.75,34.95,17.1,23.815549999999998,1.7840909090909092
IND303106AAA,IND302014AAA,FTL,6,2.061818181818182,2.356526539908893,1.0,0.8333333333333334,44.333333333333336,19.333333333333332,26.1041,2.061818181818182
IND695614AAA,IND695609AAA,Carting,4,1.2894736842105263,6.197368421052631,1.0,0.25,23.25,14.5,11.928550000000001,1.2894736842105263
IND306902AAA,IND306116AAA,FTL,1,1.5185185185185186,1.5185185185185186,1.0,1.0,41.0,27.0,30.8816,1.5185185185185186
IND311001AAA,IND313324AAA,FTL,5,1.8461538461538463,1.873846153846154,1.0,1.0,121.8,65.0,89.7283,1.8461538461538463
IND311301AAA,IND305624AAA,FTL,12,4.85,5.073610374761691,1.0,1.0,74.75,16.166666666666668,22.71898333333333,4.85
IND311302AAA,IND305624AAA,FTL,6,6.949019607843137,7.73501154847904,1.0,1.0,115.83333333333333,16.333333333333332,23.29273333333333,6.949019607843137
IND313001AAB,IND311001AAA,FTL,6,1.9232954545454546,2.292634026601418,1.0,1.0,48.333333333333336,20.666666666666668,27.44445,1.9232954545454546
IND305001AAC,IND305802AAA,FTL,22,2.18859649122807,2.5924210292631344,1.0,1.0,30.363636363636363,12.681818181818182,15.139068181818182,2.18859649122807
IND305601AAC,IND305001AAC,FTL,19,1.9705882352941178,1.9904266012625145,1.0,0.7894736842105263,64.94736842105263,32.10526315789474,36.7614,1.9705882352941178
IND305901AAA,IND305624AAA,FTL,5,1.8421052631578947,2.479941393913665,1.0,0.8,80.2,28.0,38.82892,1.8421052631578947
IND306116AAA,IND306001AAA,FTL,9,1.75,2.2147257425418347,1.0,1.0,59.22222222222222,26.555555555555557,34.7305,1.75
IND306304AAB,IND311302AAA,FTL,2,1.9345238095238095,1.9345238095238095,1.0,1.0,44.0,22.5,32.57275,1.9345238095238095
IND700026AAC,IND700065AAA,Carting,3,2.0,1.7368421052631577,1.0,0.6666666666666666,21.0,13.0,9.441966666666668,2.0
IND700026AAC,IND712311AAA,Carting,10,3.5819397993311037,3.8963002585285196,1.0,0.9,74.8,17.1,16.35999,3.5819397993311037
IND321606AAA,IND301001AAB,FTL,18,2.2183794466403164,3.262472336321441,1.0,0.7222222222222222,165.38888888888889,37.888888888888886,43.227038888888885,2.2183794466403164
IND688009AAA,IND686028AAB,Carting,44,2.229166666666667,3.5405840172062155,1.0,0.9090909090909091,73.13636363636364,17.772727272727273,17.559677272727274,2.229166666666667
IND688524AAA,IND683511AAA,FTL,21,2.2,2.459891027936141,1.0,1.0,38.61904761904762,16.857142857142858,18.063866666666666,2.2
IND689101AAA,IND690548AAA,Carting,8,1.4356060606060606,1.4278117715617715,1.0,0.125,17.5,12.25,12.5719375,1.4356060606060606
IND689503AAB,IND683511AAA,FTL,5,2.0625,2.1765670392825567,1.0,1.0,53.8,25.4,26.2077,2.0625
IND690537AAA,IND689503AAB,FTL,1,2.0714285714285716,2.071428571428572,1.0,1.0,58.0,28.0,28.2977,2.0714285714285716
IND691001AAB,IND695012AAA,FTL,3,1.2857142857142858,1.3150230414746544,1.0,0.0,28.0,21.0,21.1796,1.2857142857142858
IND691305AAA,IND689645AAA,Carting,45,2.3333333333333335,2.4008225108225107,1.0,1.0,20.333333333333332,8.466666666666667,9.591264444444445,2.3333333333333335
IND695012AAB,IND695012AAA,Carting,3,3.3,3.636796536796537,1.0,1.0,54.333333333333336,15.0,14.072233333333331,3.3
IND695101AAB,IND695012AAA,Carting,3,3.1052631578947367,5.7136591478696745,1.0,1.0,92.66666666666667,20.333333333333332,20.218433333333333,3.1052631578947367
IND695121AAA,IND695572AAB,Carting,23,1.8333333333333333,2.134209992905645,1.0,0.9130434782608695,17.17391304347826,9.652173913043478,9.391108695652173,1.8333333333333333
IND695541AAA,IND695012AAA,Carting,1,3.1333333333333333,3.1333333333333333,1.0,1.0,47.0,15.0,14.8704,3.1333333333333333
IND695572AAB,IND000000AFJ,Carting,2,1.6785714285714286,1.6785714285714284,1.0,0.5,22.0,13.0,11.6353,1.6785714285714286
IND695609AAA,IND695012AAA,Carting,9,1.5454545454545454,2.0521083854417186,1.0,0.5555555555555556,23.77777777777778,12.0,11.088688888888889,1.5454545454545454
IND504201AAA,IND505001AAB,FTL,4,1.9411764705882353,2.17296918767507,1.0,1.0,38.5,17.75,25.106325000000002,1.9411764705882353
IND504208AAB,IND504251AAA,FTL,1,1.7894736842105263,1.7894736842105263,1.0,1.0,34.0,19.0,21.5952,1.7894736842105263
IND504215AAA,IND505326AAB,FTL,3,1.8,3.266666666666667,1.0,1.0,52.0,19.333333333333332,21.5432,1.8
IND505001AAA,IND505327AAA,FTL,2,1.6295454545454546,1.6295454545454544,1.0,0.5,34.5,21.0,23.3089,1.6295454545454546
IND501359AAG,IND000000ACN,Carting,22,2.4772727272727275,2.983138200183655,1.0,1.0,32.72727272727273,10.227272727272727,12.34615909090909,2.4772727272727275
IND501401AAC,IND500010AAA,Carting,14,8.904166666666667,8.10257500436072,1.0,1.0,103.85714285714286,13.0,14.260914285714284,8.904166666666667
IND502295AAA,IND500050AAA,Carting,6,1.972222222222222,2.2089031339031338,1.0,0.8333333333333334,16.5,8.333333333333334,9.8465,1.972222222222222
IND502313AAA,IND503111AAC,FTL,18,1.6941666666666666,1.7324332072010091,1.0,0.6666666666666666,35.611111111111114,20.61111111111111,28.60797777777778,1.6941666666666666
IND503111AAC,IND505001AAB,FTL,4,1.3181818181818183,1.3946464646464647,1.0,0.25,30.75,21.75,24.286725,1.3181818181818183
IND503122AAA,IND502110AAA,FTL,38,1.5788177339901477,1.9272147650848013,1.0,0.6052631578947368,30.68421052631579,18.05263157894737,20.08793157894737,1.5788177339901477
IND676509AAA,IND679322AAA,Carting,6,1.5227272727272727,1.848161098161098,1.0,0.5,19.0,9.833333333333334,10.4102,1.5227272727272727
IND679303AAA,IND679531AAA,Carting,28,2.732142857142857,2.930420918367347,1.0,1.0,21.0,7.928571428571429,8.523239285714286,2.732142857142857
IND679322AAA,IND673639AAA,Carting,4,1.87987012987013,1.8708561175666438,1.0,0.75,21.25,12.0,12.570799999999998,1.87987012987013
IND679329AAA,IND673639AAA,Carting,6,1.7181818181818183,1.683177008177008,1.0,0.6666666666666666,16.333333333333332,9.833333333333334,11.208800000000002,1.7181818181818183
IND680307AAA,IND680712AAA,Carting,14,1.7032967032967032,1.7751161536875824,1.0,0.8571428571428571,15.857142857142858,9.357142857142858,9.335985714285714,1.7032967032967032
IND680587AAA,IND68004AAA,Carting,38,1.9545454545454546,2.3306256952541786,1.0,0.7105263157894737,22.0,10.842105263157896,11.162728947368421,1.9545454545454546
IND686028AAB,IND686632AAA,FTL,1,6.095238095238095,6.095238095238095,1.0,1.0,128.0,21.0,21.2599,6.095238095238095
IND686507AAA,IND686513AAA,Carting,15,2.3333333333333335,2.337037037037037,1.0,1.0,20.133333333333333,8.6,12.717673333333334,2.3333333333333335
IND686507AAA,IND686540AAA,Carting,2,1.7305194805194803,1.7305194805194803,1.0,1.0,21.5,12.5,13.35985,1.7305194805194803
IND686513AAA,IND686507AAA,Carting,2,5.055555555555555,5.055555555555555,1.0,1.0,13.5,5.0,7.0229,5.055555555555555
IND686513AAA,IND686540AAA,Carting,24,2.2788461538461537,2.4889524827024827,1.0,0.9583333333333334,26.916666666666668,11.5,13.3749625,2.2788461538461537
IND686540AAA,IND686028AAB,Carting,4,1.9204545454545454,1.9280844155844155,1.0,1.0,17.75,9.0,9.867075,1.9204545454545454
IND686632AAA,IND686141AAA,FTL,1,2.5,2.5,1.0,1.0,50.0,20.0,21.8507,2.5
IND321408AAB,IND301001AAB,FTL,4,1.9761904761904763,2.6786920849420848,1.0,0.75,130.75,35.0,38.718425,1.9761904761904763
IND641062AAD,IND643217AAA,Carting,12,2.127450980392157,2.5259872004357296,1.0,0.5833333333333334,29.583333333333332,13.0,13.540416666666665,2.127450980392157
IND641607AAA,IND641062AAD,FTL,38,1.7954545454545454,2.6957375347764363,1.0,0.6842105263157895,40.973684210526315,17.36842105263158,19.64740789473684,1.7954545454545454
IND641607AAA,IND641654AAA,Carting,22,2.0,2.07656598452053,1.0,1.0,16.363636363636363,7.863636363636363,9.02140909090909,2.0
IND641607AAA,IND641664AAA,Carting,8,1.7583333333333333,1.788699494949495,1.0,0.625,18.875,10.375,11.2249,1.7583333333333333
IND642001AAA,IND642126AAA,Carting,3,1.4285714285714286,1.567099567099567,1.0,0.3333333333333333,15.333333333333334,10.333333333333334,10.374699999999999,1.4285714285714286
IND643001AAA,IND643212AAA,Carting,18,2.5166666666666666,2.576994995744996,1.0,1.0,29.38888888888889,11.666666666666666,16.56951666666667,2.5166666666666666
IND671315AAA,IND575004AAB,FTL,2,8.01923076923077,8.01923076923077,1.0,1.0,625.5,78.0,80.5539,8.01923076923077
IND671323AAD,IND000000ACO,FTL,2,2.1607142857142856,2.1607142857142856,1.0,0.5,24.5,16.0,14.680150000000001,2.1607142857142856
IND673121AAA,IND670645AAB,Carting,24,2.2788461538461537,2.3700525169275166,1.0,1.0,24.125,10.041666666666666,10.375575,2.2788461538461537
IND673573AAA,IND673592AAA,FTL,24,1.678235294117647,1.6423688987659577,1.0,0.7916666666666666,49.833333333333336,30.458333333333332,29.75860833333333,1.678235294117647
IND673592AAA,IND670645AAB,Carting,3,2.5,2.940285204991087,1.0,1.0,43.666666666666664,14.0,15.336366666666668,2.5
IND341303AAA,IND341306AAA,FTL,28,1.6875,1.8020208083233293,1.0,0.8214285714285714,21.321428571428573,12.107142857142858,17.134025,1.6875
IND341306AAA,IND302014AAA,FTL,32,1.765880217785844,2.2747908012296745,1.0,0.78125,49.125,21.75,28.736778125,1.765880217785844
IND341503AAB,IND341510AAB,FTL,24,2.0884615384615386,2.284592892487629,1.0,1.0,37.5,16.333333333333332,23.595541666666666,2.0884615384615386
IND341510AAB,IND305001AAC,FTL,42,2.15,2.335982202140562,1.0,1.0,44.54761904761905,18.0,24.550066666666662,2.15
IND341512AAA,IND341505AAA,FTL,5,1.7272727272727273,1.8050557751427316,1.0,1.0,43.0,23.8,25.35582,1.7272727272727273
IND641008AAA,IND641001AAA,Carting,3,2.0588235294117645,2.2670825906120022,1.0,1.0,30.0,13.333333333333334,13.791133333333335,2.0588235294117645
IND641008AAA,IND641011AAA,Carting,1,2.3333333333333335,2.333333333333333,1.0,1.0,35.0,15.0,11.227799999999998,2.3333333333333335
IND332713AAA,IND332715AAB,FTL,2,1.5365612648221343,1.5365612648221345,1.0,0.5,50.5,34.0,37.0627,1.5365612648221343
IND333031AAA,IND331023AAA,FTL,10,3.1461988304093564,3.3836445279866334,1.0,1.0,41.3,13.9,19.95601,3.1461988304093564
IND333504AAA,IND332713AAA,FTL,4,1.7866666666666666,1.8410256410256411,1.0,1.0,35.0,19.5,22.225425,1.7866666666666666
IND334001AAB,IND334803AAA,FTL,6,1.6176470588235294,1.8718876439464676,1.0,0.6666666666666666,30.166666666666668,15.666666666666666,21.535816666666665,1.6176470588235294
IND334001AAC,IND341001AAC,FTL,10,1.6360294117647058,1.6354656862745098,1.0,0.7,26.9,16.4,23.07554,1.6360294117647058
IND334803AAA,IND341001AAC,FTL,8,1.6966911764705883,2.8204452614379085,1.0,0.875,26.375,13.375,19.7044,1.6966911764705883
IND335501AAA,IND331701AAA,FTL,1,1.7142857142857142,1.7142857142857142,1.0,1.0,36.0,21.0,23.5577,1.7142857142857142
IND503187AAA,IND503122AAA,FTL,38,1.5951086956521738,2.5510316552250187,1.0,0.6052631578947368,21.86842105263158,13.447368421052632,15.106463157894737,1.5951086956521738
IND521105AAA,IND521333AAA,FTL,8,2.1933497536945814,2.2920750376299948,1.0,1.0,53.0,22.875,27.6088125,2.1933497536945814
IND521105AAA,IND534001AAA,FTL,4,1.941176470588235,1.929738562091503,1.0,1.0,33.25,17.25,18.275825,1.941176470588235
IND521165AAA,IND521225AAB,FTL,4,5.8076923076923075,5.842482517482518,1.0,1.0,141.5,20.25,25.66085,5.8076923076923075
IND521185AAA,IND520011AAA,Carting,1,1.7241379310344827,1.7241379310344829,1.0,1.0,50.0,29.0,41.8469,1.7241379310344827
IND521201AAA,IND521105AAA,FTL,3,1.736842105263158,1.7759170653907494,1.0,0.6666666666666666,37.333333333333336,21.0,21.794633333333337,1.736842105263158
IND521225AAB,IND521165AAA,FTL,2,2.9714673913043477,2.9714673913043477,1.0,1.0,109.5,31.0,42.7986,2.9714673913043477
IND521225AAB,IND521185AAA,Carting,6,1.5,1.857142857142857,1.0,0.3333333333333333,14.5,7.0,9.910016666666666,1.5
IND521225AAB,IND521301AAA,FTL,38,1.6414027149321266,2.1128569178695464,1.0,0.5263157894736842,46.55263157894737,22.789473684210527,24.14969210526316,1.6414027149321266
IND521225AAB,IND523002AAA,FTL,18,1.8452380952380953,1.9927401564914464,1.0,0.9444444444444444,33.5,17.333333333333332,23.436933333333332,1.8452380952380953
IND521301AAA,IND521001AAA,FTL,37,2.125,2.1445781916370152,1.0,0.8918918918918919,25.216216216216218,12.72972972972973,18.542527027027027,2.125
IND521333AAA,IND521225AAB,FTL,38,2.3779761904761907,2.5363178888236093,1.0,1.0,68.94736842105263,25.05263157894737,30.432684210526315,2.3779761904761907
IND501359AAE,IND501218AAC,Carting,2,6.756578947368421,6.756578947368421,1.0,0.5,61.0,13.5,16.7269,6.756578947368421
IND501359AAE,IND508252AAB,FTL,21,2.0,2.274765611851533,1.0,0.8571428571428571,34.904761904761905,16.095238095238095,23.26809523809524,2.0
IND630561AAA,IND623701AAA,FTL,10,1.403985507246377,1.6696362622884362,1.0,0.3,28.9,18.6,20.92869,1.403985507246377
IND631003AAA,IND600056AAB,Carting,36,1.9642857142857144,2.433865941157608,1.0,0.8888888888888888,25.77777777777778,10.583333333333334,11.758344444444443,1.9642857142857144
IND631102AAA,IND600056AAB,FTL,36,1.660919540229885,2.6254765818488126,1.0,0.8333333333333334,41.02777777777778,20.805555555555557,22.925794444444445,1.660919540229885
IND631501AAA,IND631003AAA,Carting,30,2.142857142857143,2.733189033189033,1.0,0.9333333333333333,23.933333333333334,8.266666666666667,9.58873,2.142857142857143
IND632006AAA,IND562132AAA,FTL,18,1.6145833333333335,1.6955053621240748,1.0,0.6666666666666666,40.666666666666664,24.333333333333332,27.24926111111111,1.6145833333333335
IND632006AAA,IND632301AAA,FTL,28,2.4,2.215028725587732,1.0,0.8571428571428571,31.678571428571427,15.821428571428571,19.97172142857143,2.4
IND632006AAA,IND632402AAA,FTL,8,2.9523809523809526,4.643262987012987,1.0,1.0,104.25,22.125,23.8151875,2.9523809523809526
IND632301AAA,IND606803AAA,FTL,11,2.1578947368421053,2.1137223223347625,1.0,1.0,41.72727272727273,19.727272727272727,23.0353,2.1578947368421053
IND632301AAA,IND632006AAA,FTL,2,5.319230769230769,5.319230769230769,1.0,1.0,76.5,16.5,20.55405,5.319230769230769
IND635207AAA,IND635802AAB,Carting,7,3.0,3.547278911564626,1.0,1.0,27.571428571428573,7.857142857142857,10.126028571428572,3.0
IND635601AAB,IND635207AAA,Carting,3,2.6666666666666665,2.944444444444444,1.0,1.0,16.333333333333332,5.333333333333333,7.946833333333333,2.6666666666666665
IND636005AAA,IND636005AAC,Carting,1,5.083333333333333,5.083333333333333,1.0,1.0,61.0,12.0,15.441,5.083333333333333
IND636352AAA,IND636705AAB,FTL,5,1.6,1.6037671957671957,1.0,0.6,41.6,25.8,28.05092,1.6
IND637301AAA,IND638001AAA,FTL,10,1.8529411764705883,1.9107155142758856,1.0,1.0,34.0,17.8,21.729499999999998,1.8529411764705883
IND638001AAA,IND638052AAA,FTL,3,2.1666666666666665,2.133986928104575,1.0,1.0,37.0,17.333333333333332,18.881533333333334,2.1666666666666665
IND630561AAA,IND623407AAA,Carting,75,1.8,1.9433968253968252,1.0,0.8933333333333333,11.546666666666667,6.08,9.329182666666668,1.8
IND360370AAA,IND360410AAA,FTL,1,2.4615384615384617,2.4615384615384617,1.0,1.0,32.0,13.0,16.2596,2.4615384615384617
IND360410AAA,IND360490AAA,FTL,2,2.8241758241758244,2.824175824175825,1.0,1.0,38.0,13.5,17.15215,2.8241758241758244
IND360490AAA,IND362001AAA,FTL,20,2.3208333333333333,2.685222569097569,1.0,1.0,45.85,17.6,21.48194,2.3208333333333333
IND361001AAA,IND361305AAC,FTL,48,1.7886029411764706,2.2335221734892787,1.0,0.7708333333333334,23.666666666666668,12.833333333333334,18.12514375,1.7886029411764706
IND361305AAC,IND361315AAA,FTL,20,1.5669642857142856,1.693930579224697,1.0,0.6,26.1,15.5,22.240495000000003,1.5669642857142856
IND361305AAC,IND361335AAA,FTL,4,1.5625,1.5729166666666667,1.0,0.5,23.25,14.5,20.9425,1.5625
IND361315AAA,IND361335AAA,FTL,22,1.6066176470588234,1.5907382724227643,1.0,0.6363636363636364,22.181818181818183,13.909090909090908,20.484127272727275,1.6066176470588234
IND342005AAD,IND342601AAA,FTL,27,2.0,2.5070048975526387,1.0,1.0,39.851851851851855,16.22222222222222,20.229562962962966,2.0
IND342005AAD,IND342902A1B,FTL,4,1.8459383753501402,1.763410364145658,1.0,0.75,39.25,23.0,25.78505,1.8459383753501402
IND342005AAD,IND342902AAA,FTL,20,2.0982142857142856,2.910037470914019,1.0,0.95,58.45,22.85,25.550825,2.0982142857142856
IND342601AAA,IND342902A1B,FTL,12,1.9523809523809523,2.2605932840307843,1.0,0.9166666666666666,40.583333333333336,20.25,19.511683333333334,1.9523809523809523
IND342601AAA,IND342902AAA,FTL,6,1.8107142857142857,1.840658893078248,1.0,1.0,35.833333333333336,19.833333333333332,19.251916666666666,1.8107142857142857
IND342602AAC,IND306304AAB,FTL,2,2.0742705570291777,2.0742705570291777,1.0,1.0,46.0,21.0,29.8539,2.0742705570291777
IND625008AAA,IND626123AAA,FTL,51,2.0,1.9952951064388273,1.0,0.9215686274509803,30.0,16.372549019607842,20.359394117647057,2.0
IND625516AAA,IND685514AAA,FTL,7,1.934782608695652,1.8979863221884499,1.0,1.0,88.85714285714286,46.857142857142854,33.380985714285714,1.934782608695652
IND626123AAA,IND627756AAA,FTL,34,1.5405405405405406,1.554312644550227,1.0,0.6470588235294118,46.23529411764706,29.970588235294116,31.23146764705882,1.5405405405405406
IND362001AAA,IND360370AAA,FTL,20,2.25,2.637797619047619,1.0,1.0,25.0,11.05,16.360485,2.25
IND363421AAB,IND364710AAA,FTL,31,1.8125,2.3586202222824615,1.0,1.0,30.258064516129032,15.64516129032258,22.6164,1.8125
IND627005AAA,IND627117AAA,FTL,22,1.5894736842105264,1.715483022832599,1.0,0.6818181818181818,35.0,20.40909090909091,25.46997272727273,1.5894736842105264
IND627005AAA,IND629001AAA,FTL,4,2.0275,2.1322140522875817,1.0,1.0,35.0,17.0,21.137525,2.0275
IND627117AAA,IND629001AAA,FTL,22,1.825925925925926,2.5357983682983685,1.0,0.6818181818181818,32.45454545454545,16.272727272727273,17.813118181818183,1.825925925925926
IND627401AAA,IND627005AAA,FTL,26,2.0185185185185186,2.9489931009161774,1.0,0.9230769230769231,40.80769230769231,18.0,19.150561538461538,2.0185185185185186
IND627756AAA,IND626117AAA,FTL,34,1.7766798418972332,1.8432777261102071,1.0,0.9411764705882353,24.352941176470587,14.0,15.668617647058822,1.7766798418972332
IND629179AAA,IND627005AAA,FTL,43,2.0930232558139537,2.1834081540683044,1.0,1.0,52.06976744186046,23.953488372093023,28.04709069767442,2.0930232558139537
IND608001AAA,IND609110AAA,FTL,7,2.7333333333333334,2.567857142857143,1.0,1.0,39.857142857142854,15.571428571428571,21.0523,2.7333333333333334
IND609001AAA,IND614018AAA,FTL,36,1.9821428571428572,2.023677735021551,1.0,0.9166666666666666,44.361111111111114,22.61111111111111,25.451819444444443,1.9821428571428572
IND609110AAA,IND609602AAA,FTL,16,1.973684210526316,1.9869690798967117,1.0,0.9375,28.0,14.3125,20.99755,1.973684210526316
IND609602AAA,IND611001AAA,FTL,11,3.111111111111111,3.0462801087801092,1.0,1.0,50.54545454545455,16.545454545454547,21.935245454545456,3.111111111111111
IND614018AAA,IND613104AAA,FTL,29,1.7647058823529411,3.3190295967992993,1.0,0.8620689655172413,41.13793103448276,21.75862068965517,23.41687931034483,1.7647058823529411
IND614602AAA,IND614804AAA,FTL,16,1.5,1.5407744565217392,1.0,0.4375,36.5625,23.75,22.698775,1.5
IND614616AAA,IND630002AAA,FTL,29,1.5151515151515151,1.950830392071886,1.0,0.5862068965517241,29.482758620689655,19.310344827586206,19.42211724137931,1.5151515151515151
IND621112AAA,IND620012AAA,Carting,1,6.458333333333333,6.458333333333333,1.0,1.0,155.0,24.0,22.6467,6.458333333333333
IND621802AAA,IND608301AAA,FTL,10,2.5555555555555554,2.486683006535948,1.0,1.0,42.9,17.3,24.25659,2.5555555555555554
IND621802AAA,IND621212AAA,FTL,6,1.5833333333333335,1.655021391863497,1.0,0.5,31.333333333333332,20.333333333333332,24.88795,1.5833333333333335
IND624202AAA,IND625218AAA,FTL,14,1.5108695652173914,2.352484472049689,1.0,0.5,27.428571428571427,18.142857142857142,20.492957142857144,1.5108695652173914
IND624601AAA,IND624001AAA,FTL,6,4.714285714285714,4.4482138151703365,1.0,0.6666666666666666,78.5,17.666666666666668,18.875600000000002,4.714285714285714
IND380006AAB,IND382430AAB,Carting,54,2.732142857142857,2.9929272887606224,1.0,0.9814814814814815,22.203703703703702,7.444444444444445,9.071446296296296,2.732142857142857
IND380021AAA,IND382430AAB,Carting,63,2.2857142857142856,4.606311589644923,1.0,0.9682539682539683,31.746031746031747,8.063492063492063,9.398299999999999,2.2857142857142856
IND380054AAA,IND382430AAB,Carting,47,1.9,2.224403294522193,1.0,0.851063829787234,20.80851063829787,9.446808510638299,11.666527659574468,1.9
IND364004AAB,IND365560AAA,FTL,34,1.83125,3.2197628407795933,1.0,0.7941176470588235,31.647058823529413,15.764705882352942,22.582976470588235,1.83125
IND364270AAA,IND364001AAA,FTL,4,1.927807486631016,1.9237251718869366,1.0,1.0,36.5,19.25,24.256875,1.927807486631016
IND364290AAA,IND365560AAB,FTL,2,2.2263157894736842,2.2263157894736842,1.0,1.0,31.5,14.5,19.77195,2.2263157894736842
IND365560AAA,IND365560AAB,FTL,23,1.8666666666666667,2.0634074341771997,1.0,0.8260869565217391,31.695652173913043,17.47826086956522,21.98991304347826,1.8666666666666667
IND365560AAB,IND364290AAA,FTL,22,2.4545454545454546,2.571665298650302,1.0,1.0,39.13636363636363,15.0,20.40703636363636,2.4545454545454546
IND370001AAA,IND370110AAA,FTL,10,6.470588235294118,11.624851684263449,1.0,0.9,129.7,14.1,20.13541,6.470588235294118
IND370001AAA,IND370201AAA,FTL,3,5.695652173913044,10.054106280193237,1.0,1.0,94.66666666666667,14.333333333333334,17.870266666666666,5.695652173913044
IND370110AAA,IND370001AAA,FTL,28,2.1819852941176467,2.223558434231256,1.0,1.0,34.357142857142854,15.25,21.205028571428574,2.1819852941176467
IND370110AAA,IND370615AAB,FTL,4,1.9285714285714286,2.033265647396082,1.0,0.75,38.0,18.0,22.011175,1.9285714285714286
IND607001AAA,IND608001AAA,FTL,22,1.8666666666666667,2.190039431750662,1.0,1.0,28.272727272727273,13.727272727272727,19.99627272727273,1.8666666666666667
IND607106AAA,IND607801AAA,Carting,27,2.2,2.3913105413105415,1.0,1.0,14.407407407407407,5.962962962962963,9.120485185185185,2.2
IND523002AAA,IND523105AAA,FTL,3,1.4761904761904763,1.6025657751685152,1.0,0.3333333333333333,66.66666666666667,38.0,42.19013333333333,1.4761904761904763
IND523002AAA,IND523230AAA,FTL,63,1.588235294117647,1.6788939599873018,1.0,0.6984126984126984,38.15873015873016,22.746031746031747,26.166496825396823,1.588235294117647
IND523002AAA,IND523316AAB,FTL,4,2.428571428571429,2.2698412698412698,1.0,1.0,44.5,19.5,23.382025,2.428571428571429
IND523226AAA,IND523316AAB,FTL,39,1.9444444444444444,1.8931549809528003,1.0,0.6666666666666666,36.794871794871796,19.28205128205128,23.970223076923077,1.9444444444444444
IND523316AAB,IND522647AAA,FTL,42,1.6393188854489162,1.7676605730011303,1.0,0.6904761904761905,31.261904761904763,17.666666666666668,25.72177142857143,1.6393188854489162
IND524132AAA,IND524101AAB,FTL,28,1.5833333333333333,1.7850645429449776,1.0,0.6428571428571429,29.857142857142858,17.714285714285715,19.82221428571429,1.5833333333333333
IND530012AAC,IND501359AAE,FTL,23,2.1666666666666665,2.2188893189414793,1.0,0.8695652173913043,42.21739130434783,18.82608695652174,26.74546086956522,2.1666666666666665
IND530018AAA,IND531162AAA,Carting,1,4.375,4.375,1.0,1.0,35.0,8.0,12.2135,4.375
IND530026AAA,IND531036AAA,Carting,16,2.111111111111111,2.291207837301587,1.0,1.0,22.875,10.0625,11.02111875,2.111111111111111
IND530043AAA,IND530012AAA,Carting,2,8.4375,8.4375,1.0,1.0,62.5,11.0,12.548850000000002,8.4375
IND531001AAA,IND530012AAA,Carting,1,8.636363636363637,8.636363636363637,1.0,1.0,190.0,22.0,24.7421,8.636363636363637
IND500055AAA,IND500010AAA,Carting,1,2.933333333333333,2.933333333333333,1.0,1.0,44.0,15.0,12.4969,2.933333333333333
IND500055AAA,IND501401AAC,Carting,2,2.1875,2.1875,1.0,1.0,17.5,8.0,10.114450000000001,2.1875
IND382430AAB,IND380054AAA,Carting,79,2.0,2.587558538507906,1.0,0.8860759493670886,23.31645569620253,9.151898734177216,10.817316455696202,2.0
IND382430AAB,IND382345AAA,Carting,66,2.0,3.1295094425776244,1.0,0.9848484848484849,23.757575757575758,8.242424242424242,10.109536363636364,2.0
IND382715AAA,IND382430AAB,FTL,50,1.8674812030075187,2.0673520452497804,1.0,0.74,40.84,20.14,24.256206000000002,1.8674812030075187
IND384205AAA,IND382430AAB,FTL,4,1.8574660633484164,1.884685412626589,1.0,0.75,39.0,21.0,24.304724999999998,1.8574660633484164
IND603102AAA,IND600056AAB,FTL,35,1.88,1.9378820741811917,1.0,0.8,45.34285714285714,22.97142857142857,25.147542857142856,1.88
IND603203AAA,IND600044AAD,Carting,26,2.512987012987013,2.894484681984682,1.0,1.0,24.846153846153847,8.615384615384615,10.231665384615384,2.512987012987013
IND603203AAA,IND600048AAA,Carting,1,1.6666666666666667,1.6666666666666667,1.0,1.0,20.0,12.0,14.162,1.6666666666666667
IND604303AAA,IND603102AAA,FTL,8,1.9859943977591037,2.0252281619169406,1.0,0.75,37.75,19.25,26.379025,1.9859943977591037
IND605010AAB,IND607001AAA,FTL,12,1.7413793103448276,1.7516420361247949,1.0,0.9166666666666666,50.833333333333336,29.0,25.480275000000002,1.7413793103448276
IND605601AAA,IND607106AAA,Carting,29,2.0,2.65786129579233,1.0,0.8620689655172413,22.310344827586206,10.413793103448276,12.860906896551723,2.0
IND370615AAB,IND370001AAA,FTL,4,4.122159090909091,5.480951340326341,1.0,1.0,210.0,33.25,36.309799999999996,4.122159090909091
IND380005AAA,IND382421AAA,Carting,7,2.7,4.093650793650793,1.0,0.8571428571428571,37.42857142857143,9.285714285714286,10.967257142857141,2.7
IND380005AAA,IND382430AAB,Carting,3,1.6666666666666667,2.314814814814815,1.0,0.6666666666666666,23.0,10.333333333333334,12.654866666666665,1.6666666666666667
IND384355AAB,IND384205AAA,FTL,2,2.040372670807453,2.040372670807453,1.0,0.5,35.5,15.0,16.693849999999998,2.040372670807453
IND385001AAA,IND385535AAA,FTL,19,1.5625,2.3786205710354316,1.0,0.5789473684210527,21.0,12.421052631578947,18.113326315789475,1.5625
IND387001AAA,IND388220AAA,Carting,41,1.7777777777777777,2.00594839561841,1.0,0.7317073170731707,16.609756097560975,8.21951219512195,9.284526829268293,1.7777777777777777
IND387620AAB,IND389230AAB,Carting,6,1.7333333333333334,2.3257936507936505,1.0,0.8333333333333334,23.5,10.333333333333334,11.828033333333332,1.7333333333333334
IND388320AAA,IND387001AAA,Carting,23,1.8,2.3228433402346447,1.0,0.9130434782608695,15.173913043478262,6.869565217391305,9.61148695652174,1.8
IND388320AAA,IND388121AAA,Carting,1,4.25,4.25,1.0,1.0,51.0,12.0,10.2572,4.25
IND600073AAA,IND603203AAA,Carting,2,1.8714285714285714,1.8714285714285714,1.0,1.0,11.5,6.0,7.8443,1.8714285714285714
IND600076AAB,IND600032AAB,Carting,32,2.5,2.498572781385281,1.0,0.875,23.0625,9.28125,10.010521875,2.5
IND600083AAA,IND600116AAB,Carting,2,2.0357142857142856,2.035714285714286,1.0,1.0,26.5,13.0,13.6142,2.0357142857142856
IND600110AAA,IND600056AAD,Carting,4,1.8295454545454546,1.7938576945929887,1.0,0.75,21.0,12.25,13.184675,1.8295454545454546
IND600116AAB,IND600056AAA,Carting,5,1.9090909090909092,5.3090909090909095,1.0,1.0,23.6,7.8,8.190059999999999,1.9090909090909092
IND602001AAA,IND600116AAB,Carting,12,2.2163461538461537,18.836118742368743,1.0,1.0,32.166666666666664,7.333333333333333,9.068808333333333,2.2163461538461537
IND602001AAB,IND609001AAA,FTL,22,2.210526315789474,2.202095255965225,1.0,0.9545454545454546,31.136363636363637,13.863636363636363,18.09338181818182,2.210526315789474
IND602024AAA,IND602001AAA,Carting,18,2.708333333333333,2.815806878306878,1.0,1.0,14.166666666666666,5.222222222222222,8.12941111111111,2.708333333333333
IND390022AAA,IND390020AAA,Carting,3,4.416666666666667,4.526767676767677,1.0,1.0,60.333333333333336,12.666666666666666,12.311733333333335,4.416666666666667
IND391110AAD,IND390020AAA,Carting,16,2.909090909090909,3.4650347915972914,1.0,0.6875,27.5,8.0,8.91615,2.909090909090909
IND395001AAA,IND395023AAD,Carting,15,10.285714285714286,10.201880341880342,1.0,1.0,126.2,12.933333333333334,13.387206666666666,10.285714285714286
IND600016AAC,IND600056AAB,Carting,4,1.875,2.0972222222222223,1.0,1.0,18.25,8.75,9.785525,1.875
IND600032AAB,IND600008AAC,Carting,1,6.0,6.0,1.0,1.0,48.0,8.0,10.0476,6.0
IND600044AAD,IND600032AAB,Carting,7,2.076923076923077,2.3603563103563103,1.0,0.8571428571428571,27.142857142857142,11.428571428571429,10.755642857142858,2.076923076923077
IND600044AAD,IND603203AAA,Carting,4,3.9444444444444446,3.9246031746031744,1.0,1.0,30.25,7.75,9.507025,3.9444444444444446
IND600048AAA,IND600044AAD,Carting,2,2.159090909090909,2.159090909090909,1.0,1.0,12.5,6.5,6.52045,2.159090909090909
IND600056AAA,IND602105AAB,Carting,14,3.0,3.106377551020408,1.0,1.0,18.214285714285715,5.714285714285714,7.957528571428571,3.0
IND600056AAB,IND631501AAA,Carting,36,2.0454545454545454,2.2188473563473563,1.0,0.8611111111111112,18.75,8.13888888888889,11.296841666666667,2.0454545454545454
IND384205AAA,IND384355AAB,FTL,26,1.8055555555555554,2.0214711496233235,1.0,0.7692307692307693,29.576923076923077,16.307692307692307,18.127411538461537,1.8055555555555554
IND395023AAD,IND395004AAB,Carting,34,2.3333333333333335,2.5200182170770407,1.0,0.9411764705882353,20.470588235294116,7.794117647058823,8.434176470588236,2.3333333333333335
IND395023AAD,IND395009AAA,Carting,8,2.75,2.630754662004662,1.0,1.0,20.625,7.375,8.0808625,2.75
IND591201AAA,IND586101AAB,FTL,6,1.630952380952381,1.7365056580846054,1.0,0.8333333333333334,35.833333333333336,20.5,24.619566666666667,1.630952380952381
IND591307AAC,IND580002AAA,FTL,8,2.146871008939974,2.594859286626528,1.0,1.0,55.75,23.125,25.141000000000002,2.146871008939974
IND591307AAC,IND580028AAA,FTL,20,2.166666666666667,2.3449428351530033,1.0,1.0,58.35,24.0,27.9212,2.166666666666667
IND591307AAC,IND580030AAA,FTL,5,2.0,2.7653846153846153,1.0,0.8,48.2,21.4,23.75926,2.0
IND600004AAA,IND600008AAC,Carting,4,5.6,4.8106837606837605,1.0,1.0,57.75,11.5,11.30415,5.6
IND600008AAC,IND600004AAA,Carting,1,2.357142857142857,2.357142857142857,1.0,1.0,33.0,14.0,13.2347,2.357142857142857
IND600008AAC,IND600013AAA,Carting,2,4.55,4.55,1.0,1.0,50.5,11.0,12.08535,4.55
IND388320AAA,IND388220AAA,Carting,3,1.7777777777777777,1.825925925925926,1.0,1.0,14.333333333333334,8.0,9.086866666666667,1.7777777777777777
IND389151AAA,IND457661AAA,FTL,22,2.8785714285714286,2.833597963647891,1.0,1.0,44.54545454545455,15.772727272727273,21.98407272727273,2.8785714285714286
IND390018AAB,IND390020AAA,Carting,1,2.0,2.0,1.0,1.0,24.0,12.0,12.0449,2.0
IND390020AAA,IND390018AAB,Carting,1,3.3636363636363638,3.363636363636364,1.0,1.0,37.0,11.0,11.3636,3.3636363636363638
IND390020AAA,IND390022AAA,Carting,3,3.6,4.041269841269841,1.0,1.0,45.666666666666664,9.0,8.8804,3.6
IND396191AAC,IND396210AAA,Carting,1,3.909090909090909,3.909090909090909,1.0,1.0,43.0,11.0,10.2921,3.909090909090909
IND396232AAA,IND396191AAC,Carting,30,3.155555555555556,3.3847082547082548,1.0,1.0,23.966666666666665,8.5,11.700583333333332,3.155555555555556
IND396321AAA,IND396001AAA,Carting,21,1.4,1.5026572649261725,1.0,0.19047619047619047,15.761904761904763,10.238095238095237,12.517219047619047,1.4
IND396445AAA,IND396321AAA,Carting,21,1.7333333333333334,1.9417233560090703,1.0,0.8095238095238095,18.428571428571427,9.952380952380953,13.237371428571429,1.7333333333333334
IND400011AAA,IND400072AAB,Carting,24,2.2111111111111112,2.5907035094535096,1.0,1.0,18.416666666666668,7.5,8.1985375,2.2111111111111112
IND395004AAB,IND395023AAD,Carting,7,4.555555555555555,5.958189033189034,1.0,1.0,65.85714285714286,9.857142857142858,10.504428571428573,4.555555555555555
IND395006AAA,IND395023AAD,Carting,3,9.733333333333333,28.869444444444444,1.0,1.0,342.0,14.0,15.091566666666667,9.733333333333333
IND395010AAB,IND395023AAA,Carting,1,1.4375,1.4375,1.0,0.0,23.0,16.0,17.769299999999998,1.4375
IND395023AAA,IND394221AAA,Carting,2,4.0133689839572195,4.013368983957219,1.0,1.0,62.5,14.0,14.55975,4.0133689839572195
IND395023AAA,IND396191AAC,FTL,40,1.8469785575048734,2.1036591014141828,1.0,0.775,40.7,19.525,27.1939125,1.8469785575048734
IND395023AAD,IND395001AAA,Carting,8,2.25,2.894917582417582,1.0,1.0,36.25,12.75,13.841325,2.25
IND501301AAC,IND500039AAC,Carting,4,2.15,2.7249999999999996,1.0,0.75,20.25,6.0,7.4430250000000004,2.15
IND501359AAE,IND500008AAC,Carting,38,1.5555555555555556,1.6484172244612747,1.0,0.6052631578947368,19.657894736842106,11.868421052631579,13.542150000000001,1.5555555555555556
IND500008AAF,IND500039AAC,Carting,38,3.0625,2.9698222829801777,1.0,0.9210526315789473,28.263157894736842,8.894736842105264,9.572865789473683,3.0625
IND500010AAA,IND500055AAA,Carting,1,1.8235294117647058,1.8235294117647056,1.0,1.0,31.0,17.0,15.9111,1.8235294117647058
IND500010AAA,IND501401AAC,Carting,1,3.8,3.8,1.0,1.0,57.0,15.0,20.0311,3.8
IND500018AAA,IND500080AAB,Carting,4,3.041666666666667,3.7770833333333336,1.0,1.0,61.25,16.25,14.7732,3.041666666666667
IND500032AAA,IND502295AAA,Carting,12,1.8452380952380953,1.9763558201058202,1.0,0.75,14.583333333333334,7.333333333333333,9.817725,1.8452380952380953
IND500035AAA,IND500039AAC,Carting,2,2.0681818181818183,2.068181818181818,1.0,0.5,16.0,6.5,6.844099999999999,2.0681818181818183
IND500039AAB,IND501301AAC,Carting,4,3.0,3.0,1.0,0.75,10.0,4.25,6.5390250000000005,3.0
IND500039AAC,IND500035AAA,Carting,3,2.5,2.8230769230769233,1.0,1.0,25.333333333333332,8.333333333333334,9.0117,2.5
IND500039AAC,IND508116AAA,FTL,26,2.0,2.2393972888599585,1.0,0.8461538461538461,32.5,14.653846153846153,19.29213846153846,2.0
IND531036AAA,IND530012AAA,Carting,14,2.422794117647059,2.4841135172017523,1.0,1.0,25.0,10.714285714285714,11.881942857142858,2.422794117647059
IND531163AAA,IND535001AAA,Carting,39,2.25,2.296919746919747,1.0,0.9487179487179487,14.974358974358974,6.6923076923076925,8.804302564102564,2.25
IND585330AAE,IND585401AAA,FTL,42,1.7735042735042734,1.870520871416493,1.0,0.9761904761904762,31.333333333333332,16.785714285714285,24.17819523809524,1.7735042735042734
IND585401AAA,IND502286AAB,FTL,44,1.8867521367521367,1.9671772581250229,1.0,0.7727272727272727,50.70454545454545,26.295454545454547,27.511725000000002,1.8867521367521367
IND586101AAA,IND416404AAA,FTL,12,2.1490384615384617,3.4567997203413867,1.0,1.0,39.583333333333336,14.5,20.7766,2.1490384615384617
IND586101AAB,IND416404AAA,FTL,15,2.1481481481481484,2.1276609483472226,1.0,1.0,30.533333333333335,14.133333333333333,20.159346666666668,2.1481481481481484
IND587103AAB,IND582101AAB,FTL,8,1.867965367965368,1.938797719609719,1.0,1.0,49.5,25.375,29.188737500000002,1.867965367965368
IND587103AAB,IND582209AAA,FTL,51,1.84,1.8081589759609917,1.0,0.9019607843137255,38.35294117647059,20.92156862745098,24.728629411764707,1.84
IND590016AAA,IND591302AAB,FTL,10,1.7333333333333334,1.7953785805509945,1.0,0.6,24.7,15.8,18.05754,1.7333333333333334
IND591102AAA,IND591307AAC,FTL,36,2.0,2.076500529699059,1.0,1.0,43.638888888888886,21.0,23.010727777777777,2.0
IND591115AAB,IND580028AAA,FTL,6,1.9166666666666665,2.0228070175438595,1.0,1.0,26.833333333333332,13.666666666666666,19.357400000000002,1.9166666666666665
IND591115AAB,IND590016AAA,FTL,8,1.8348416289592762,1.8667986425339367,1.0,1.0,27.75,14.875,21.4570875,1.8348416289592762
IND395023AAD,IND396445AAA,Carting,14,1.9285714285714286,2.169047619047619,1.0,1.0,16.857142857142858,8.071428571428571,11.374407142857143,1.9285714285714286
IND396105AAA,IND396191AAC,Carting,4,1.7857142857142856,1.9449404761904763,1.0,0.75,11.0,5.5,7.294925,1.7857142857142856
IND396191AAC,IND395023AAA,FTL,4,2.101010101010101,2.198796975970889,1.0,1.0,44.25,20.0,26.726125,2.101010101010101
IND400612AAA,IND421302AAR,Carting,10,2.375,3.1996503496503497,1.0,1.0,38.6,11.9,14.40456,2.375
IND400701AAA,IND400705AAA,Carting,1,3.6666666666666665,3.6666666666666665,1.0,1.0,55.0,15.0,18.925,3.6666666666666665
IND400015AAA,IND400072AAB,Carting,67,2.6666666666666665,3.3420333106112965,1.0,1.0,32.61194029850746,9.373134328358208,10.368780597014926,2.6666666666666665
IND400015AAB,IND421302AAG,Carting,81,2.375,3.1331108058576236,1.0,0.9506172839506173,32.67901234567901,9.012345679012345,12.389003703703702,2.375
IND400016AAA,IND400015AAA,Carting,1,1.8,1.8,1.0,1.0,18.0,10.0,12.2279,1.8
IND400016AAB,IND400072AAB,Carting,1,5.0,5.0,1.0,1.0,60.0,12.0,11.184,5.0
IND400016AAB,IND400072AAD,Carting,18,2.7916666666666665,3.116910866910867,1.0,1.0,34.388888888888886,11.055555555555555,12.677983333333334,2.7916666666666665
IND400037AAA,IND400072AAJ,Carting,13,3.3076923076923075,3.1731504281671503,1.0,0.9230769230769231,43.07692307692308,14.153846153846153,15.328561538461539,3.3076923076923075
IND400064AAB,IND400072AAB,Carting,4,3.083916083916084,3.0483682983682985,1.0,1.0,37.25,12.25,12.791599999999999,3.083916083916084
IND400072AAA,IND421302AAG,Carting,3,2.6666666666666665,3.9603174603174605,1.0,1.0,27.666666666666668,7.0,9.204533333333332,2.6666666666666665
IND400072AAB,IND000000AFT,Carting,131,2.3636363636363638,3.032269962032657,1.0,1.0,28.259541984732824,9.969465648854962,11.581512977099237,2.3636363636363638
IND400072AAB,IND400011AAA,Carting,4,3.6875,3.6493055555555554,1.0,1.0,31.0,8.5,10.8778,3.6875
IND400072AAB,IND400015AAA,Carting,107,2.875,3.636966437447471,1.0,0.9813084112149533,34.1588785046729,9.644859813084112,11.304970093457943,2.875
IND400072AAB,IND400015AAB,Carting,2,2.9305555555555554,2.9305555555555554,1.0,1.0,25.0,8.5,10.81265,2.9305555555555554
IND400072AAB,IND400701AAB,Carting,6,2.3833333333333333,2.698148148148148,1.0,1.0,24.833333333333332,9.333333333333334,11.09435,2.3833333333333333
IND401209AAB,IND401104AAA,Carting,32,2.75,7.806509763993317,1.0,0.96875,52.625,7.78125,10.56331875,2.75
IND401209AAB,IND421302AAG,Carting,3,2.4,2.6416666666666666,1.0,1.0,28.333333333333332,11.0,12.154666666666666,2.4
IND401209AAB,IND421302AAH,Carting,57,2.4444444444444446,2.862965929838995,1.0,1.0,31.035087719298247,10.859649122807017,12.014985964912281,2.4444444444444446
IND401501AAA,IND401602AAA,Carting,49,2.2222222222222223,3.26490953343216,1.0,0.9387755102040817,19.571428571428573,8.755102040816327,9.774155102040817,2.2222222222222223
IND401602AAA,IND401501AAA,Carting,29,7.12,6.821781338313827,1.0,0.9655172413793104,123.96551724137932,15.689655172413794,17.03711724137931,7.12
IND402107AAA,IND402109AAA,Carting,69,2.111111111111111,2.676682194616977,1.0,0.9565217391304348,17.92753623188406,7.463768115942029,10.546913043478261,2.111111111111111
IND400072AAB,IND401104AAB,Carting,2,3.642857142857143,3.642857142857143,1.0,1.0,25.5,7.0,9.76005,3.642857142857143
IND400072AAB,IND421302AAG,Carting,171,2.5454545454545454,5.05517818438871,1.0,0.9415204678362573,33.71345029239766,8.374269005847953,10.453674269005848,2.5454545454545454
IND400072AAB,IND421302AAR,Carting,60,1.8944444444444444,3.3721957671957674,1.0,0.8833333333333333,22.816666666666666,8.316666666666666,10.075503333333334,1.8944444444444444
IND400072AAB,IND421302AAS,Carting,6,2.111111111111111,6.028703703703704,1.0,0.8333333333333334,35.333333333333336,7.666666666666667,9.729866666666666,2.111111111111111
IND400072AAC,IND400011AAA,Carting,34,2.844444444444444,3.162267634326458,1.0,1.0,28.91176470588235,9.205882352941176,10.802611764705881,2.844444444444444
IND400072AAI,IND000000AFS,Carting,1,9.416666666666666,9.416666666666666,1.0,1.0,113.0,12.0,14.7276,9.416666666666666
IND400072AAJ,IND400037AAA,Carting,2,9.0,9.0,1.0,1.0,108.0,12.0,13.96195,9.0
IND403401AAA,IND403726AAB,Carting,6,5.1410256410256405,6.330406354438906,1.0,0.8333333333333334,185.5,24.0,22.269616666666668,5.1410256410256405
IND403601AAA,IND403726AAB,Carting,10,2.053571428571429,2.7294322344322346,1.0,0.6,32.0,9.8,10.22255,2.053571428571429
IND403702AAA,IND581314AAA,FTL,3,1.542857142857143,1.5142857142857142,1.0,0.6666666666666666,31.666666666666668,21.666666666666668,23.233500000000003,1.542857142857143
IND403726AAA,IND403702AAA,FTL,18,1.7430769230769232,1.8625170602344514,1.0,0.7777777777777778,43.666666666666664,23.72222222222222,25.367705555555556,1.7430769230769232
IND403726AAA,IND416510AAA,FTL,15,2.0,2.0917799739570837,1.0,0.9333333333333333,53.266666666666666,25.133333333333333,26.659946666666666,2.0
IND403726AAA,IND575004AAB,FTL,28,1.76497277676951,2.1112015290148998,1.0,0.7142857142857143,43.32142857142857,21.857142857142858,25.21882857142857,1.76497277676951
IND403726AAA,IND581303AAA,FTL,39,1.6363636363636365,1.8971942026462125,1.0,0.7692307692307693,49.0,26.58974358974359,28.508253846153846,1.6363636363636365
IND400701AAB,IND421302AAG,Carting,49,2.1666666666666665,2.846254190987084,1.0,0.9795918367346939,34.142857142857146,11.081632653061224,11.993524489795917,2.1666666666666665
IND400706AAA,IND000000AFT,Carting,2,4.712121212121212,4.712121212121212,1.0,1.0,47.5,10.0,10.32765,4.712121212121212
IND401104AAA,IND400072AAB,Carting,58,2.928571428571429,4.1468787410470975,1.0,1.0,38.327586206896555,8.344827586206897,10.933234482758621,2.928571428571429
IND401104AAA,IND401208AAA,Carting,73,2.3333333333333335,2.793529377775953,1.0,1.0,23.684931506849313,8.849315068493151,12.089205479452055,2.3333333333333335
IND401104AAA,IND401209AAA,Carting,2,2.9134615384615383,2.9134615384615383,1.0,1.0,28.5,10.5,12.67425,2.9134615384615383
IND401104AAA,IND421302AAG,Carting,26,2.428571428571429,3.224142740247765,1.0,1.0,39.80769230769231,12.923076923076923,15.152196153846155,2.428571428571429
IND401104AAB,IND400072AAB,Carting,9,2.4,3.0769400352733687,1.0,1.0,32.0,8.444444444444445,11.253488888888889,2.4
IND401104AAB,IND421302AAG,Carting,39,2.411764705882353,10.343260406191254,1.0,0.9743589743589743,61.84615384615385,14.512820512820513,16.89209230769231,2.411764705882353
IND410505AAB,IND410501AAF,Carting,9,2.857142857142857,4.128571428571429,1.0,1.0,22.666666666666668,5.555555555555555,8.552588888888888,2.857142857142857
IND410505AAB,IND411033AAA,Carting,4,1.6529411764705881,1.9726244343891404,1.0,0.75,27.75,13.75,10.356175,1.6529411764705881
IND411014AAA,IND411048AAA,Carting,11,3.142857142857143,27.49084249084249,1.0,1.0,74.63636363636364,9.0,8.23768181818182,3.142857142857143
IND411017AAA,IND412105AAC,Carting,4,2.5642857142857145,2.5177197802197804,1.0,0.75,24.0,9.0,9.134625,2.5642857142857145
IND584123AAA,IND584128AAA,Carting,3,1.75,1.6805555555555556,1.0,0.6666666666666666,17.0,11.666666666666666,13.240200000000002,1.75
IND584128AAA,IND583121AAA,Carting,6,2.4375,2.3685185185185187,1.0,1.0,16.5,7.166666666666667,10.83695,2.4375
IND585104AAA,IND585211AAA,Carting,68,1.8541666666666665,1.9599572404719463,1.0,0.7794117647058824,17.83823529411765,9.014705882352942,11.875250000000001,1.8541666666666665
IND585104AAA,IND585330AAE,FTL,60,1.8166666666666667,1.8885301079496126,1.0,1.0,25.433333333333334,13.783333333333333,19.950816666666665,1.8166666666666667
IND585211AAA,IND585104AAA,Carting,9,2.142857142857143,2.5579432912766245,1.0,0.7777777777777778,41.77777777777778,12.555555555555555,15.940322222222221,2.142857142857143
IND403002AAA,IND403726AAB,Carting,3,1.5,2.0595238095238098,1.0,0.3333333333333333,25.333333333333332,14.0,11.1822,1.5
IND532001AAB,IND532127AAA,FTL,42,1.9166666666666665,2.6624947947152915,1.0,0.9047619047619048,33.714285714285715,15.285714285714286,17.32607380952381,1.9166666666666665
IND532001AAB,IND532201AAA,FTL,3,1.75,2.4583333333333335,1.0,1.0,34.666666666666664,13.333333333333334,19.2213,1.75
IND532222AAA,IND532001AAB,FTL,4,1.5198711063372716,1.5327616401251576,1.0,0.5,49.5,33.5,32.49355,1.5198711063372716
IND532440AAA,IND532001AAB,FTL,34,1.5301003344481607,1.6065498120805026,1.0,0.5588235294117647,28.61764705882353,18.176470588235293,20.525755882352943,1.5301003344481607
IND533003AAA,IND533106AAA,FTL,9,1.68,3.462927442927443,1.0,0.8888888888888888,37.888888888888886,16.77777777777778,19.29157777777778,1.68
IND486889AAA,IND231205AAA,FTL,11,2.0,2.007748727174032,1.0,0.6363636363636364,51.45454545454545,24.90909090909091,31.38482727272727,2.0
IND486889AAA,IND231216AAA,FTL,9,2.725,2.6303533732277695,1.0,1.0,80.22222222222223,30.11111111111111,36.77538888888889,2.725
IND487001AAB,IND487551AAA,FTL,8,1.5342592592592594,1.626289983164983,1.0,0.625,36.75,22.625,25.54695,1.5342592592592594
IND488001AAA,IND471001AAA,FTL,12,2.1213235294117645,2.2297273160276254,1.0,1.0,34.0,15.5,22.374966666666666,2.1213235294117645
IND492001AAB,IND492007AAA,Carting,8,3.0,3.029166666666667,1.0,1.0,31.875,10.5,11.912700000000001,3.0
IND493445AAB,IND490023AAA,FTL,1,14.40983606557377,14.40983606557377,1.0,1.0,879.0,61.0,86.438,14.40983606557377
IND582101AAB,IND580028AAA,FTL,52,2.6,3.027234233409982,1.0,1.0,47.34615384615385,15.576923076923077,21.498109615384617,2.6
IND582209AAA,IND582101AAB,FTL,32,1.829090909090909,1.966478058978059,1.0,0.9375,35.5,18.1875,20.112490625,1.829090909090909
IND583101AAA,IND577535AAC,FTL,30,1.8333333333333333,2.3493791459436624,1.0,0.9333333333333333,28.866666666666667,14.066666666666666,19.93527333333333,1.8333333333333333
IND583101AAA,IND583201AAA,FTL,54,2.3693181818181817,2.944101214530351,1.0,1.0,41.75925925925926,14.981481481481481,21.38842777777778,2.3693181818181817
IND583119AAA,IND583101AAA,FTL,18,2.8566666666666665,3.7579877337049674,1.0,1.0,86.55555555555556,21.72222222222222,26.784344444444443,2.8566666666666665
IND583201AAA,IND583101AAA,FTL,6,2.764705882352941,3.274472667855021,1.0,1.0,48.5,14.666666666666666,20.73821666666667,2.764705882352941
IND583201AAA,IND583119AAA,FTL,18,2.625,4.582288202940377,1.0,0.6666666666666666,36.94444444444444,12.944444444444445,14.463983333333333,2.625
IND583227AAA,IND583201AAA,Carting,3,3.0,2.6,1.0,1.0,25.666666666666668,9.666666666666666,9.527700000000001,3.0
IND583231AAA,IND583201AAA,Carting,45,2.5714285714285716,2.900836139169473,1.0,1.0,19.666666666666668,7.111111111111111,10.110404444444445,2.5714285714285716
IND584101AAA,IND518002AAA,FTL,4,2.186379928315412,2.614929094592489,1.0,0.5,86.25,29.5,33.874275,2.186379928315412
IND410206AAA,IND000000AFT,Carting,25,2.4285714285714284,3.2645714285714287,1.0,1.0,28.04,7.36,9.611648,2.4285714285714284
IND410501AAF,IND411033AAA,Carting,8,2.63125,2.9500608766233767,1.0,1.0,39.0,13.125,11.998574999999999,2.63125
IND410503AAA,IND410505AAB,Carting,6,2.3472222222222223,3.719907407407407,1.0,1.0,27.833333333333332,7.0,10.663716666666668,2.3472222222222223
IND581320AAA,IND575004AAB,FTL,6,2.2205882352941178,2.5615550313692728,1.0,0.8333333333333334,42.833333333333336,17.833333333333332,22.9993,2.2205882352941178
IND581320AAA,IND581334AAA,FTL,8,1.5909090909090908,1.9203554778554779,1.0,0.5,32.75,18.375,20.3348125,1.5909090909090908
IND581334AAA,IND581314AAA,FTL,6,1.7815934065934065,1.797042139288516,1.0,0.6666666666666666,45.666666666666664,25.333333333333332,27.420066666666667,1.7815934065934065
IND581334AAA,IND581320AAA,FTL,2,1.5852272727272727,1.5852272727272727,1.0,1.0,23.5,15.0,17.02805,1.5852272727272727
IND581334AAA,IND581343AAC,FTL,2,2.2656641604010024,2.2656641604010024,1.0,1.0,45.0,20.0,21.346899999999998,2.2656641604010024
IND411033AAA,IND410503AAA,Carting,13,2.4285714285714284,3.1404617669804926,1.0,0.9230769230769231,31.692307692307693,11.846153846153847,13.494246153846152,2.4285714285714284
IND411033AAA,IND413501AAA,FTL,12,1.6,2.0028854266906184,1.0,0.5833333333333334,48.083333333333336,21.666666666666668,29.616341666666667,1.6
IND411033AAA,IND414001AAA,FTL,18,1.7638888888888888,1.8509936600286356,1.0,0.8888888888888888,32.166666666666664,17.61111111111111,24.117077777777777,1.7638888888888888
IND411033AAA,IND431603AAA,FTL,253,1.8461538461538463,2.263264916402684,1.0,0.8221343873517787,44.58498023715415,20.99604743083004,28.480360869565217,1.8461538461538463
IND495004AAA,IND495671AAA,FTL,3,3.111111111111111,6.587761674718197,1.0,1.0,36.333333333333336,14.0,20.522133333333333,3.111111111111111
IND500008AAC,IND500084AAB,Carting,2,3.7333333333333334,3.7333333333333334,1.0,0.5,26.0,10.0,6.940049999999999,3.7333333333333334
IND533003AAA,IND533401AAA,FTL,54,1.9273809523809522,2.2222808002047767,1.0,0.7592592592592593,31.555555555555557,15.74074074074074,21.00143703703704,1.9273809523809522
IND533106AAA,IND501359AAE,FTL,136,2.1176470588235294,2.460867017896109,1.0,0.9558823529411765,42.220588235294116,17.191176470588236,24.916780882352942,2.1176470588235294
IND533106AAA,IND533003AAA,FTL,6,2.988888888888889,3.787962962962963,1.0,0.8333333333333334,73.16666666666667,25.333333333333332,27.04955,2.988888888888889
IND533201AAA,IND533242AAA,FTL,2,2.373809523809524,2.373809523809524,1.0,1.0,34.5,14.5,21.0756,2.373809523809524
IND533201AAA,IND533262AAA,FTL,17,2.5,3.6249477031210775,1.0,1.0,44.705882352941174,20.294117647058822,24.511964705882356,2.5
IND533242AAA,IND533201AAA,FTL,2,2.2476190476190476,2.2476190476190476,1.0,1.0,32.5,14.5,21.0233,2.2476190476190476
IND533262AAA,IND533106AAA,FTL,14,1.8571428571428572,1.9014551788457317,1.0,0.9285714285714286,41.92857142857143,23.0,26.793364285714286,1.8571428571428572
IND533262AAA,IND533201AAA,FTL,10,1.8373015873015874,2.0557720057720057,1.0,0.8,38.8,19.2,23.30094,1.8373015873015874
IND533308AAB,IND533106AAA,FTL,1,1.962962962962963,1.962962962962963,1.0,1.0,53.0,27.0,33.3582,1.962962962962963
IND484551AAA,IND484001AAA,FTL,2,2.0,2.0,1.0,1.0,26.5,12.5,18.72805,2.0
IND484661AAE,IND484001AAA,FTL,6,2.5681818181818183,2.6025883838383836,1.0,1.0,38.166666666666664,15.0,21.8686,2.5681818181818183
IND484661AAE,IND484551AAA,FTL,2,3.125,3.125,1.0,1.0,35.0,10.0,15.2151,3.125
IND485001AAC,IND471001AAA,FTL,56,2.1176470588235294,2.242016177923992,1.0,1.0,31.178571428571427,14.410714285714286,20.55415,2.1176470588235294
IND577432AAA,IND577126AAA,FTL,1,2.1,2.1,1.0,1.0,42.0,20.0,27.2213,2.1
IND577501AAA,IND577002AAA,FTL,30,1.6985294117647058,1.8323068273029572,1.0,0.8,25.066666666666666,14.3,20.336086666666667,1.6985294117647058
IND577598AAB,IND573142AAA,FTL,49,2.0869565217391304,2.3526590060119594,1.0,0.9183673469387755,41.224489795918366,19.26530612244898,22.95751836734694,2.0869565217391304
IND580002AAA,IND580028AAA,FTL,2,4.979166666666666,4.979166666666666,1.0,1.0,112.5,20.5,23.8393,4.979166666666666
IND580028AAA,IND403726AAA,FTL,87,2.235294117647059,2.764463553195363,1.0,0.9770114942528736,51.758620689655174,20.551724137931036,27.332149425287355,2.235294117647059
IND580028AAA,IND562132AAA,FTL,64,1.5459558823529411,1.790141178393706,1.0,0.546875,30.921875,17.546875,24.0587234375,1.5459558823529411
IND580028AAA,IND580002AAA,FTL,10,3.571428571428571,52.487965367965366,1.0,1.0,116.1,19.0,23.789830000000002,3.571428571428571
IND580028AAA,IND591115AAB,FTL,12,1.8697478991596639,1.8773363146428161,1.0,1.0,25.666666666666668,14.0,19.832425,1.8697478991596639
IND411033AAB,IND411057AAF,Carting,2,4.298701298701299,4.298701298701299,1.0,1.0,39.0,9.0,10.19025,4.298701298701299
IND411043AAA,IND411014AAA,Carting,6,3.1153846153846154,8.802197802197803,1.0,1.0,31.333333333333332,8.333333333333334,8.39025,3.1153846153846154
IND411048AAA,IND411014AAA,Carting,3,5.0,5.571428571428572,1.0,1.0,51.333333333333336,11.333333333333334,11.565933333333334,5.0
IND412210AAC,IND411033AAA,FTL,6,1.346969696969697,1.8308156527796706,1.0,0.3333333333333333,51.666666666666664,27.333333333333332,33.043533333333336,1.346969696969697
IND413002AAA,IND413304AAA,Carting,73,2.0,2.158730158730159,1.0,0.9863013698630136,15.0,6.945205479452055,10.086665753424658,2.0
IND413002AAA,IND413307AAC,Carting,9,2.0,2.1084656084656084,1.0,1.0,13.88888888888889,6.555555555555555,9.9412,2.0
IND416012AAA,IND415003AAA,FTL,47,1.8,1.9194948218241423,1.0,0.8085106382978723,31.382978723404257,16.04255319148936,21.075117021276593,1.8
IND416012AAA,IND415409AAB,FTL,8,2.011904761904762,2.10750313283208,1.0,0.625,32.375,16.125,22.206599999999998,2.011904761904762
IND416012AAA,IND591237AAB,FTL,20,2.11875,2.4463326454677072,1.0,0.85,35.75,15.1,19.929740000000002,2.11875
IND413307AAB,IND413304AAA,Carting,10,2.3333333333333335,5.885873015873016,1.0,1.0,18.9,6.6,9.80851,2.3333333333333335
IND413307AAC,IND413002AAA,Carting,9,2.0,2.250797042463709,1.0,0.7777777777777778,19.77777777777778,8.666666666666666,12.562377777777778,2.0
IND413517AAA,IND431603AAA,Carting,9,2.0,2.2751218186000792,1.0,0.6666666666666666,29.22222222222222,10.222222222222221,15.31263333333333,2.0
IND413517AAA,IND431717AAA,Carting,11,3.0,3.026013380558835,1.0,1.0,21.545454545454547,7.090909090909091,10.761445454545454,3.0
IND413531AAA,IND413517AAA,Carting,26,2.083333333333333,4.27508325008325,1.0,0.8846153846153846,17.192307692307693,6.615384615384615,10.018153846153846,2.083333333333333
IND414001AAA,IND414203AAB,FTL,3,1.7777777777777777,1.8055555555555554,1.0,1.0,26.0,14.333333333333334,20.322400000000002,1.7777777777777777
IND414001AAA,IND414302AAB,FTL,2,1.7739130434782608,1.7739130434782608,1.0,0.5,26.5,16.5,21.0137,1.7739130434782608
IND414203AAB,IND414302AAB,FTL,4,1.791866028708134,1.7923145933014357,1.0,0.75,32.5,18.25,24.565375,1.791866028708134
IND414302AAB,IND411033AAA,FTL,8,2.2096491228070176,2.2797772617819057,1.0,0.875,49.625,21.75,27.9684,2.2096491228070176
IND414302AAB,IND412210AAC,FTL,1,1.736842105263158,1.736842105263158,1.0,1.0,33.0,19.0,22.8751,1.736842105263158
IND577201AAA,IND577432AAA,FTL,2,2.3049999999999997,2.3049999999999997,1.0,1.0,52.5,22.5,31.01255,2.3049999999999997
IND575004AAB,IND574211AAA,FTL,8,2.1160130718954244,3.1647773692810457,1.0,1.0,54.0,17.125,24.6878,2.1160130718954244
IND575004AAB,IND575014AAA,FTL,2,2.5175438596491224,2.5175438596491224,1.0,1.0,46.5,18.5,19.896349999999998,2.5175438596491224
IND575004AAB,IND576101AAA,FTL,3,2.9,2.460493827160494,1.0,0.6666666666666666,34.666666666666664,16.333333333333332,18.784633333333336,2.9
IND575004AAB,IND671323AAD,FTL,3,1.7407407407407407,1.7084520417853752,1.0,0.6666666666666666,45.0,26.333333333333332,24.34096666666667,1.7407407407407407
IND575014AAA,IND403726AAA,FTL,13,1.565217391304348,1.9040656881410847,1.0,0.5384615384615384,39.0,22.0,25.507061538461535,1.565217391304348
IND576101AAA,IND576201AAA,FTL,6,1.5964912280701755,1.654970760233918,1.0,0.6666666666666666,24.166666666666668,15.166666666666666,19.870583333333332,1.5964912280701755
IND576201AAA,IND581320AAA,FTL,8,2.0526315789473686,2.2162721448228413,1.0,1.0,39.75,18.0,24.61615,2.0526315789473686
IND577002AAA,IND581110AAE,Carting,8,1.8333333333333335,2.390873015873016,1.0,0.75,15.5,6.5,9.05535,1.8333333333333335
IND577101AAA,IND577132AAD,FTL,13,2.15,2.680422209369578,1.0,1.0,24.307692307692307,11.307692307692308,16.58716153846154,2.15
IND414502AAA,IND431107AAB,FTL,7,1.5769230769230769,1.6142578436056696,1.0,0.7142857142857143,40.285714285714285,25.0,26.724442857142858,1.5769230769230769
IND574202AAA,IND574239AAA,FTL,12,1.625,2.194319291819292,1.0,0.5833333333333334,25.666666666666668,15.5,17.037941666666665,1.625
IND574211AAA,IND574202AAA,FTL,5,2.473684210526316,2.5462676298589613,1.0,1.0,46.4,18.2,25.83154,2.473684210526316
IND574211AAA,IND574216AAA,FTL,2,2.775,2.775,1.0,1.0,40.5,14.0,20.44565,2.775
IND574216AAA,IND562132AAA,FTL,11,1.9166666666666667,2.092932281796438,1.0,0.6363636363636364,39.0,19.545454545454547,26.543872727272728,1.9166666666666667
IND574216AAA,IND575004AAB,Carting,24,2.3095238095238093,2.5405753968253966,1.0,1.0,18.583333333333332,7.541666666666667,11.206291666666667,2.3095238095238093
IND574216AAA,IND575004AAB,FTL,3,3.0,2.5692007797270957,1.0,0.6666666666666666,31.666666666666668,13.333333333333334,19.135366666666666,3.0
IND574227AAA,IND574104AAA,Carting,19,1.8333333333333333,2.036424394319131,1.0,0.7894736842105263,13.31578947368421,6.421052631578948,8.754036842105265,1.8333333333333333
IND574239AAA,IND574221AAA,FTL,7,1.5128205128205128,1.5113911151505135,1.0,0.5714285714285714,54.0,35.714285714285715,33.789342857142856,1.5128205128205128
IND575004AAB,IND574117AAA,FTL,10,2.7592592592592595,2.8937960506926026,1.0,1.0,37.3,14.6,16.9876,2.7592592592592595
IND416404AAA,IND416012AAA,FTL,16,2.801851851851852,3.093926549420938,1.0,1.0,153.3125,37.625,52.23438125,2.801851851851852
IND416510AAA,IND416602AAC,FTL,12,2.5062656641604013,2.8057887774993038,1.0,1.0,54.666666666666664,19.583333333333332,26.341033333333332,2.5062656641604013
IND416606AAA,IND416510AAA,Carting,50,2.4722222222222223,23.497669035539626,1.0,0.98,255.86,9.58,10.77701,2.4722222222222223
IND421301AAA,IND421302AAR,Carting,18,3.6527777777777777,4.009062850729517,1.0,1.0,33.05555555555556,7.777777777777778,10.233772222222221,3.6527777777777777
IND421302AAF,IND421302AAR,Carting,12,2.9444444444444446,2.9840277777777775,1.0,1.0,26.833333333333332,9.0,11.670433333333333,2.9444444444444446
IND485001AAC,IND485771AAA,FTL,5,2.909090909090909,4.621212121212121,1.0,1.0,122.6,19.8,25.91164,2.909090909090909
IND485001AAC,IND486001AAA,FTL,6,2.4215686274509802,5.15010634592678,1.0,1.0,162.66666666666666,23.166666666666668,29.71975,2.4215686274509802
IND485001AAC,IND488001AAA,FTL,12,1.9666666666666668,2.1299836601307187,1.0,1.0,28.416666666666668,13.25,19.05326666666667,1.9666666666666668
IND485771AAA,IND486001AAA,FTL,3,2.1818181818181817,2.151875901875902,1.0,1.0,31.666666666666668,14.666666666666666,21.499966666666666,2.1818181818181817
IND486661AAA,IND211002AAB,FTL,21,2.8666666666666667,3.6782516495255724,1.0,1.0,222.61904761904762,48.476190476190474,64.0368380952381,2.8666666666666667
IND486771AAA,IND486661AAA,FTL,6,1.6875,1.9128968253968255,1.0,1.0,40.166666666666664,21.0,26.237033333333333,1.6875
IND486886AAA,IND486889AAA,FTL,7,2.4,2.5743537414965987,1.0,1.0,53.57142857142857,20.857142857142858,24.6264,2.4
IND476111AAA,IND477001AAB,FTL,6,2.361111111111111,2.2326685660018994,1.0,1.0,37.5,17.666666666666668,22.277966666666668,2.361111111111111
IND477001AAA,IND474003AAA,FTL,4,3.7509803921568627,5.1912796697626415,1.0,1.0,46.0,13.25,19.021,3.7509803921568627
IND477001AAB,IND474003AAA,FTL,27,3.6,5.736687979118676,1.0,1.0,120.18518518518519,22.14814814814815,31.199129629629628,3.6
IND480661AAA,IND480001AAA,FTL,6,1.7857142857142856,1.8774689362924655,1.0,0.6666666666666666,31.333333333333332,17.333333333333332,24.828116666666663,1.7857142857142856
IND480886AAA,IND480661AAA,FTL,6,1.3827838827838828,1.5280610342529848,1.0,0.16666666666666666,23.833333333333332,15.833333333333334,22.2127,1.3827838827838828
IND482002AAA,IND842003AAB,Carting,4,12.8125,11.334821428571429,1.0,1.0,86.0,6.25,8.443900000000001,12.8125
IND483225AAA,IND483501AAA,FTL,5,2.176470588235294,2.191484593837535,1.0,1.0,42.8,19.8,27.2164,2.176470588235294
IND483501AAA,IND483770AAA,FTL,6,2.0585714285714287,2.094980520492442,1.0,1.0,47.166666666666664,23.166666666666668,26.38671666666667,2.0585714285714287
IND421302AAG,IND400078AAB,Carting,2,3.2272727272727275,3.2272727272727275,1.0,1.0,15.5,6.0,8.10075,3.2272727272727275
IND421302AAG,IND400701AAB,Carting,43,2.2857142857142856,3.0585888271934785,1.0,1.0,33.395348837209305,10.674418604651162,11.486846511627906,2.2857142857142856
IND421302AAG,IND401104AAA,Carting,148,2.4444444444444446,3.4047603189946543,1.0,0.9864864864864865,41.42567567567568,12.79054054054054,14.881396621621622,2.4444444444444446
IND421302AAG,IND401104AAB,Carting,20,2.1666666666666665,2.2523711795450927,1.0,0.85,27.55,12.5,14.504445,2.1666666666666665
IND573201AAB,IND575004AAB,FTL,94,2.2857142857142856,2.735823764534822,1.0,1.0,57.92553191489362,20.77659574468085,29.30819893617021,2.2857142857142856
IND574104AAA,IND574216AAA,Carting,50,2.0,2.04562099012099,1.0,0.86,17.86,8.86,10.785766,2.0
IND574104AAA,IND574216AAA,FTL,2,1.9046052631578947,1.9046052631578947,1.0,1.0,41.5,21.5,25.41705,1.9046052631578947
IND574117AAA,IND576101AAA,FTL,2,1.6614906832298137,1.6614906832298137,1.0,1.0,36.5,22.0,24.751350000000002,1.6614906832298137
IND574117AAA,IND576201AAA,FTL,3,2.0,2.744736842105263,1.0,1.0,42.333333333333336,13.666666666666666,17.7349,2.0
IND572201AAB,IND577116AAA,FTL,3,1.45,1.8707977207977209,1.0,0.3333333333333333,32.333333333333336,17.0,22.981333333333335,1.45
IND573103AAA,IND572201AAB,FTL,3,1.588235294117647,2.5294117647058822,1.0,0.6666666666666666,20.0,11.666666666666666,16.915366666666667,1.588235294117647
IND573116AAA,IND571432AAB,FTL,24,1.6833333333333333,1.7368128287046953,1.0,0.7083333333333334,38.125,21.916666666666668,29.848291666666668,1.6833333333333333
IND573134AAB,IND573201AAB,FTL,28,2.4272727272727272,2.484281463781685,1.0,1.0,38.32142857142857,15.678571428571429,21.804914285714286,2.4272727272727272
IND573134AAB,IND577101AAA,FTL,2,1.7708978328173375,1.7708978328173375,1.0,1.0,46.0,26.5,34.187799999999996,1.7708978328173375
IND573201AAB,IND573103AAA,FTL,6,1.84375,2.013480392156863,1.0,0.6666666666666666,62.833333333333336,32.0,38.51623333333333,1.84375
IND573201AAB,IND573134AAB,FTL,6,1.6754385964912282,1.9131803868645976,1.0,0.8333333333333334,29.333333333333332,15.5,21.552599999999998,1.6754385964912282
IND421302AAR,IND421301AAA,Carting,33,4.25,5.034511784511785,1.0,0.9393939393939394,23.90909090909091,5.242424242424242,6.680721212121212,4.25
IND421302AAR,IND421302AAF,Carting,1,4.235294117647059,4.235294117647059,1.0,1.0,72.0,17.0,20.5132,4.235294117647059
IND421502AAA,IND421302AAR,Carting,33,3.3333333333333335,3.736245656700202,1.0,1.0,30.484848484848484,8.393939393939394,10.005575757575759,3.3333333333333335
IND424006AAA,IND452001AAC,Carting,10,1.9285714285714286,2.6906349206349205,1.0,0.9,20.9,7.3,10.741530000000001,1.9285714285714286
IND424201AAA,IND424006AAA,Carting,1,10.552238805970148,10.552238805970148,1.0,1.0,707.0,67.0,85.721,10.552238805970148
IND424304AAC,IND424006AAA,FTL,2,22.313662790697673,22.313662790697673,1.0,1.0,926.0,41.5,56.7526,22.313662790697673
IND424304AAC,IND425412AAA,FTL,18,1.792857142857143,1.8749500576386768,1.0,1.0,34.05555555555556,18.38888888888889,26.63553333333333,1.792857142857143
IND425201AAA,IND425508AAB,Carting,36,1.9,2.1522937710437713,1.0,0.9166666666666666,18.666666666666668,9.027777777777779,10.377180555555556,1.9
IND425405AAA,IND424006AAA,FTL,18,21.185586734693878,15.434254548600242,1.0,1.0,703.3888888888889,36.388888888888886,49.25235000000001,21.185586734693878
IND422103AAC,IND423601AAA,Carting,6,2.0,2.1515873015873015,1.0,0.8333333333333334,13.833333333333334,6.666666666666667,9.509566666666666,2.0
IND422605AAA,IND413709AAA,Carting,48,1.75,2.083829365079365,1.0,0.8958333333333334,15.0625,8.1875,9.34505625,1.75
IND423105AAA,IND423301AAB,FTL,14,1.438095238095238,1.641888494528246,1.0,0.42857142857142855,24.928571428571427,16.214285714285715,17.059192857142857,1.438095238095238
IND423106AAA,IND423105AAA,FTL,16,1.5108695652173914,1.7662716646276428,1.0,0.5,31.25,16.625,18.354525,1.5108695652173914
IND423109AAA,IND423601AAA,Carting,20,2.0,2.7584920634920636,1.0,1.0,14.7,5.1,7.542025,2.0
IND423109AAA,IND423701AAB,Carting,4,2.7857142857142856,2.7261904761904763,1.0,1.0,16.75,6.0,9.388774999999999,2.7857142857142856
IND572201AAB,IND573103AAA,FTL,4,1.7105263157894737,1.9333881578947367,1.0,0.5,27.0,14.0,20.252724999999998,1.7105263157894737
IND572201AAB,IND577101AAA,FTL,4,1.8706563706563708,2.1753031226715436,1.0,0.75,46.0,21.0,25.822699999999998,1.8706563706563708
IND483770AAA,IND842003AAB,FTL,11,2.4705882352941178,2.9498394307217835,1.0,0.9090909090909091,46.81818181818182,18.636363636363637,23.98889090909091,2.4705882352941178
IND533401AAA,IND533308AAB,FTL,4,2.2746753246753246,2.439356295878035,1.0,1.0,55.5,23.5,31.438575,2.2746753246753246
IND534001AAA,IND521225AAB,FTL,3,1.7142857142857142,2.1481829573934834,1.0,1.0,36.333333333333336,16.333333333333332,21.256433333333334,1.7142857142857142
IND534001AAA,IND521333AAA,FTL,14,1.7541666666666667,1.9002452177452176,1.0,1.0,48.642857142857146,25.571428571428573,24.600964285714287,1.7541666666666667
IND534260AAC,IND533106AAA,FTL,12,1.922222222222222,2.0028016641044704,1.0,0.9166666666666666,50.166666666666664,24.5,22.855675,1.922222222222222
IND535501AAB,IND532001AAB,FTL,4,1.833793103448276,3.2864617691154425,1.0,0.75,39.25,20.0,22.188075,1.833793103448276
IND535591AAA,IND535558AAA,FTL,3,2.1333333333333333,2.273611111111111,1.0,1.0,35.666666666666664,15.666666666666666,18.980233333333334,2.1333333333333333
IND560067AAC,IND562114AAA,Carting,22,2.708333333333333,2.854063360881543,1.0,1.0,26.318181818181817,9.545454545454545,11.657572727272726,2.708333333333333
IND560077AAA,IND560099AAB,Carting,3,2.5454545454545454,3.0801087801087803,1.0,1.0,50.0,17.333333333333332,16.504833333333334,2.5454545454545454
IND560083AAB,IND560058AAD,Carting,3,1.4545454545454546,1.5542929292929293,1.0,0.3333333333333333,16.333333333333332,11.0,10.828800000000001,1.4545454545454546
IND560099AAB,IND560077AAA,Carting,4,2.4594017094017095,2.9968379514750483,1.0,1.0,46.0,17.5,18.755125,2.4594017094017095
IND560099AAB,IND560083AAB,Carting,2,2.111111111111111,2.111111111111111,1.0,0.5,18.5,11.5,9.88405,2.111111111111111
IND471001AAA,IND472001AAA,FTL,36,1.51,1.7059244445838648,1.0,0.5,32.138888888888886,19.86111111111111,24.145875,1.51
IND431107AAB,IND431136AAC,FTL,12,1.810483870967742,1.9163541158068584,1.0,0.9166666666666666,45.916666666666664,24.333333333333332,24.400116666666666,1.810483870967742
IND431112AAB,IND431136AAC,Carting,87,2.3333333333333335,2.904523382109589,1.0,0.9885057471264368,21.528735632183906,6.954022988505747,9.961622988505747,2.3333333333333335
IND571105AAA,IND571114AAA,FTL,2,81.7,81.7,1.0,0.5,98.5,13.0,14.9177,50.0
IND571111AAB,IND571313AAB,FTL,20,1.6742424242424243,1.8995256132756133,1.0,0.85,26.5,15.15,16.77383,1.6742424242424243
IND571114AAA,IND570020AAA,FTL,19,3.0869565217391304,3.7623079829440043,1.0,0.8421052631578947,86.63157894736842,21.736842105263158,23.978615789473686,3.0869565217391304
IND571124AAA,IND570020AAA,FTL,20,3.375,4.103502357273395,1.0,0.95,77.75,15.85,20.76265,3.375
IND571213AAA,IND570020AAA,FTL,1,8.47887323943662,8.47887323943662,1.0,1.0,602.0,71.0,85.0601,8.47887323943662
IND571301AAA,IND571111AAB,FTL,16,2.0,2.120365750466853,1.0,1.0,23.75,11.625,17.07451875,2.0
IND572101AAA,IND561203AAB,Carting,72,1.8,2.223822550905884,1.0,0.9166666666666666,13.597222222222221,6.805555555555555,9.505426388888889,1.8
IND424006AAA,IND423105AAA,FTL,1,4.205882352941177,4.205882352941177,1.0,1.0,143.0,34.0,47.7911,4.205882352941177
IND424006AAA,IND424304AAC,FTL,24,2.0,2.1633386980523204,1.0,0.9583333333333334,29.041666666666668,12.958333333333334,18.05912916666667,2.0
IND424006AAA,IND425405AAA,FTL,9,1.75,2.0398905761134865,1.0,1.0,27.666666666666668,14.444444444444445,20.054155555555557,1.75
IND424006AAA,IND425412AAA,FTL,12,1.8958333333333335,2.0143849206349205,1.0,0.9166666666666666,37.5,19.0,25.356333333333335,1.8958333333333335
IND431515AAA,IND431517AAB,FTL,14,2.933333333333333,3.0213860544217686,1.0,1.0,45.785714285714285,15.142857142857142,21.633928571428573,2.933333333333333
IND431603AAA,IND413517AAA,Carting,10,2.4365079365079367,3.1739357864357864,1.0,1.0,23.1,8.0,10.74206,2.4365079365079367
IND425405AAA,IND425409AAA,FTL,3,2.1,2.222222222222222,1.0,1.0,39.0,17.0,22.3245,2.1
IND425406AAA,IND425405AAA,FTL,4,1.9484126984126984,1.956024531024531,1.0,1.0,39.5,20.25,21.008775,1.9484126984126984
IND425406AAA,IND425409AAA,FTL,2,2.3823529411764706,2.3823529411764706,1.0,1.0,40.5,17.0,24.672849999999997,2.3823529411764706
IND425406AAA,IND425412AAA,FTL,6,1.9669117647058822,2.0266339869281045,1.0,0.8333333333333334,28.5,14.833333333333334,18.50035,1.9669117647058822
IND425409AAA,IND424006AAA,FTL,1,12.08108108108108,12.08108108108108,1.0,1.0,894.0,74.0,94.5602,12.08108108108108
IND425409AAA,IND424304AAC,FTL,3,2.1904761904761907,2.2392496392496395,1.0,1.0,50.333333333333336,22.666666666666668,30.996633333333335,2.1904761904761907
IND425409AAA,IND425406AAA,FTL,17,2.3,2.3387613074919575,1.0,1.0,42.588235294117645,18.11764705882353,25.965864705882353,2.3
IND425409AAA,IND425412AAA,FTL,2,2.25,2.25,1.0,1.0,31.0,15.0,19.11395,2.25
IND425412AAA,IND424006AAA,FTL,1,13.835443037974683,13.835443037974684,1.0,1.0,1093.0,79.0,109.1615,13.835443037974683
IND425412AAA,IND424304AAC,FTL,2,2.1644736842105265,2.1644736842105265,1.0,1.0,42.0,19.5,28.8352,2.1644736842105265
IND425412AAA,IND425406AAA,FTL,6,2.052631578947368,2.457590155945419,1.0,1.0,28.5,12.833333333333334,18.64155,2.052631578947368
IND431001AAB,IND431136AAC,Carting,33,3.0,3.5047138047138047,1.0,1.0,22.303030303030305,6.484848484848484,8.416521212121213,3.0
IND442001AAA,IND442101AAB,FTL,5,3.7142857142857144,3.62967032967033,1.0,1.0,49.2,13.6,17.82036,3.7142857142857144
IND442101AAB,IND445001AAB,FTL,30,2.1377708978328176,3.089553028813865,1.0,1.0,32.733333333333334,14.433333333333334,20.613733333333336,2.1377708978328176
IND442605AAA,IND441603AAA,Carting,9,2.0,2.042869167869168,1.0,1.0,14.88888888888889,7.222222222222222,10.714666666666666,2.0
IND443201AAA,IND000000AAZ,FTL,1,6.25,6.25,1.0,1.0,100.0,16.0,23.79,6.25
IND443301AAA,IND443201AAA,FTL,4,2.7672064777327936,2.744714349977508,1.0,1.0,42.0,15.5,22.2832,2.7672064777327936
IND444005AAB,IND000000AAZ,FTL,5,2.369565217391304,3.260021640763329,1.0,1.0,77.4,25.8,36.23778,2.369565217391304
IND431122AAA,IND431127AAA,FTL,14,2.1213235294117645,2.223185107376284,1.0,0.9285714285714286,21.928571428571427,10.214285714285714,15.096621428571428,2.1213235294117645
IND431127AAA,IND414502AAA,FTL,21,2.0952380952380953,2.1890197449203663,1.0,0.8571428571428571,38.95238095238095,18.428571428571427,20.83215238095238,2.0952380952380953
IND431136AAC,IND431112AAB,Carting,8,2.0,2.007644724556489,1.0,0.875,27.875,12.375,17.749112500000003,2.0
IND431136AAC,IND431122AAA,FTL,45,2.2222222222222223,2.22894670023755,1.0,1.0,42.955555555555556,19.266666666666666,27.570402222222224,2.2222222222222223
IND563101AAB,IND560300AAB,Carting,1,6.163636363636364,6.163636363636364,1.0,1.0,339.0,55.0,63.8641,6.163636363636364
IND563101AAB,IND563125AAB,Carting,4,1.5050505050505052,1.6136363636363638,1.0,0.5,13.25,8.5,9.282225,1.5050505050505052
IND563125AAB,IND560300AAA,Carting,3,3.849056603773585,3.8479680696661833,1.0,1.0,202.66666666666666,52.666666666666664,58.941599999999994,3.849056603773585
IND563131AAB,IND563116AAA,Carting,32,1.7638888888888888,2.189670138888889,1.0,0.78125,19.34375,8.6875,8.96684375,1.7638888888888888
IND570020AAA,IND571430AAA,FTL,3,3.1379310344827585,13.260262725779967,1.0,1.0,57.333333333333336,19.333333333333332,22.606033333333333,3.1379310344827585
IND571104AAA,IND573142AAA,FTL,2,1.4935897435897436,1.4935897435897434,1.0,0.5,25.5,16.0,16.90635,1.4935897435897436
IND571104AAA,IND577598AAB,FTL,18,1.8723684210526317,2.3323099415204678,1.0,1.0,33.888888888888886,17.333333333333332,24.587216666666666,1.8723684210526317
IND431603AAA,IND431708AAA,FTL,29,2.0,2.8260208656176116,1.0,0.9655172413793104,29.448275862068964,11.758620689655173,16.773572413793104,2.0
IND431708AAA,IND431514AAA,FTL,32,1.9375,2.0689349840314915,1.0,0.96875,28.8125,14.03125,20.708053125,1.9375
IND431717AAA,IND431603AAA,Carting,9,1.8571428571428572,3.9326270340421283,1.0,1.0,93.0,11.555555555555555,17.02348888888889,1.8571428571428572
IND441206AAB,IND441603AAA,Carting,9,2.1818181818181817,2.8594877344877343,1.0,1.0,20.11111111111111,7.222222222222222,10.932300000000001,2.1818181818181817
IND441206AAB,IND442605AAA,Carting,41,2.076923076923077,3.03427257024818,1.0,0.926829268292683,20.24390243902439,7.658536585365853,11.237278048780489,2.076923076923077
IND441603AAA,IND442605AAA,Carting,3,1.875,1.9583333333333337,1.0,0.6666666666666666,14.333333333333334,7.333333333333333,10.6371,1.875
IND441614AAA,IND481001AAA,FTL,18,2.1875,2.341460944647219,1.0,0.9444444444444444,29.88888888888889,13.166666666666666,19.303272222222223,2.1875
IND473001AAA,IND473331AAA,FTL,22,2.0238095238095237,2.11215272975881,1.0,0.9090909090909091,40.09090909090909,19.454545454545453,21.57103181818182,2.0238095238095237
IND473443AAA,IND470113AAA,FTL,14,1.7391304347826086,1.809872354738997,1.0,0.9285714285714286,54.07142857142857,29.214285714285715,37.45494285714285,1.7391304347826086
IND474003AAA,IND475661AAB,FTL,4,1.943421052631579,2.335599415204678,1.0,0.75,44.25,19.25,27.170775,1.943421052631579
IND474003AAA,IND476001AAA,FTL,6,1.768181818181818,1.75987012987013,1.0,0.6666666666666666,31.5,18.333333333333332,17.70645,1.768181818181818
IND474003AAA,IND476111AAA,FTL,23,2.45,2.9148527197440237,1.0,1.0,55.73913043478261,21.47826086956522,24.50651304347826,2.45
IND476001AAA,IND476111AAA,FTL,2,2.34375,2.34375,1.0,1.0,26.5,12.0,17.32505,2.34375
IND560099AAG,IND560099AAB,Carting,2,1.8035714285714286,1.8035714285714286,1.0,0.5,21.5,11.0,10.892,1.8035714285714286
IND560099AAH,IND562125AAA,Carting,1,1.7647058823529411,1.7647058823529411,1.0,1.0,30.0,17.0,11.646,1.7647058823529411
IND560300AAA,IND000000ACS,Carting,4,1.9861111111111112,2.0172979797979798,1.0,1.0,26.5,13.0,11.491175,1.9861111111111112
IND562114AAA,IND560048AAB,Carting,17,3.0,4.079660765992946,1.0,1.0,32.23529411764706,9.235294117647058,10.73135294117647,3.0
IND562114AAA,IND560067AAC,Carting,8,3.6222222222222222,4.430681818181818,1.0,1.0,44.125,10.0,11.3790625,3.6222222222222222
IND562125AAA,IND000000ACS,Carting,1,7.125,7.125,1.0,1.0,171.0,24.0,16.7946,7.125
IND464668AAA,IND462022AAA,FTL,8,2.2967032967032965,2.469158817373103,1.0,0.875,53.375,26.0,30.2022875,2.2967032967032965
IND462022AAA,IND462011AAA,Carting,31,2.3636363636363638,2.8938391357746194,1.0,1.0,31.64516129032258,11.516129032258064,12.419332258064516,2.3636363636363638
IND462022AAA,IND462042AAA,Carting,3,2.875,3.2361111111111107,1.0,1.0,49.0,13.666666666666666,13.641166666666669,2.875
IND462022AAA,IND465669AAB,FTL,39,2.0714285714285716,2.6224001462559814,1.0,1.0,36.94871794871795,17.23076923076923,24.862597435897435,2.0714285714285716
IND462022AAA,IND466001AAA,FTL,33,2.56,3.3433022102187517,1.0,0.9393939393939394,53.45454545454545,22.242424242424242,24.557487878787878,2.56
IND462042AAA,IND462022AAA,Carting,34,3.090909090909091,5.581633644133644,1.0,1.0,51.61764705882353,9.970588235294118,9.745358823529411,3.090909090909091
IND444005AAB,IND443301AAA,FTL,20,2.1311827956989244,2.3141384349686485,1.0,0.9,46.7,19.9,27.8781,2.1311827956989244
IND444203AAA,IND444005AAB,FTL,10,2.369281045751634,2.5033664651631407,1.0,0.9,48.5,19.2,25.19745,2.369281045751634
IND444303AAA,IND444203AAA,FTL,2,3.242424242424242,3.242424242424242,1.0,1.0,37.0,11.5,16.9471,3.242424242424242
IND444602AAA,IND444005AAB,FTL,84,2.0930735930735933,2.1874012620188923,1.0,1.0,39.892857142857146,18.19047619047619,24.182724999999998,2.0930735930735933
IND451666AAA,IND424006AAA,FTL,40,2.380952380952381,2.6502004091110125,1.0,1.0,41.35,15.55,22.503977499999998,2.380952380952381
IND452001AAC,IND425508AAB,Carting,12,1.8388888888888888,2.192285954785955,1.0,1.0,17.833333333333332,8.333333333333334,10.252825,1.8388888888888888
IND458664AAA,IND312403AAA,FTL,14,2.4441176470588237,3.077949009440606,1.0,1.0,66.07142857142857,22.571428571428573,27.2424,2.4441176470588237
IND562159AAA,IND562117AAA,FTL,20,1.914855072463768,2.54031498211933,1.0,0.95,28.75,14.4,15.482095000000001,1.914855072463768
IND470004AAA,IND462022AAA,FTL,7,1.9444444444444444,2.004434162328899,1.0,1.0,37.857142857142854,19.142857142857142,26.02864285714286,1.9444444444444444
IND470004AAA,IND470113AAA,FTL,8,2.376470588235294,2.2381503697970415,1.0,1.0,32.625,14.5,20.762825,2.376470588235294
IND470004AAA,IND470117AAA,FTL,3,1.875,2.479901960784314,1.0,1.0,32.666666666666664,14.333333333333334,19.7684,1.875
IND470004AAA,IND473443AAA,FTL,10,2.1374269005847957,2.4039639192320426,1.0,1.0,48.1,23.3,31.808460000000004,2.1374269005847957
IND470113AAA,IND470117AAA,FTL,2,2.5142857142857142,2.5142857142857142,1.0,1.0,36.5,14.5,20.7331,2.5142857142857142
IND461001AAA,IND461111AAA,FTL,1,4.785714285714286,4.785714285714286,1.0,1.0,67.0,14.0,21.1863,4.785714285714286
IND461111AAA,IND460001AAA,FTL,80,1.8888888888888888,1.9345593096731792,1.0,0.9,28.3875,15.0375,21.5242025,1.8888888888888888
IND462001AAA,IND462022AAA,Carting,55,4.0,5.795637544273908,1.0,0.9818181818181818,38.56363636363636,7.472727272727273,7.942594545454545,4.0
IND462021AAA,IND462001AAA,Carting,1,6.7272727272727275,6.727272727272728,1.0,1.0,74.0,11.0,11.7024,6.7272727272727275
IND462022AAA,IND461001AAA,FTL,15,2.5454545454545454,2.8726623376623377,1.0,1.0,47.86666666666667,16.4,23.947400000000002,2.5454545454545454
IND462022AAA,IND462001AAA,Carting,6,2.611111111111111,3.998148148148148,1.0,1.0,18.5,6.166666666666667,7.215583333333334,2.611111111111111
IND854335AAA,IND854326AAB,FTL,4,2.5535714285714284,2.449988328664799,1.0,0.75,49.25,20.5,27.316200000000002,2.5535714285714284
IND000000ACA,IND143001AAA,FTL,7,1.625,1.69140989729225,1.0,0.8571428571428571,26.714285714285715,15.571428571428571,22.176085714285712,1.625
IND000000ACA,IND147301AAA,FTL,6,2.0555555555555554,2.2471046898291482,1.0,0.8333333333333334,34.333333333333336,14.833333333333334,20.697216666666666,2.0555555555555554
IND854105AAA,IND853204AAA,FTL,6,2.3362573099415203,2.4471211730306157,1.0,1.0,42.166666666666664,17.333333333333332,25.266766666666665,2.3362573099415203
IND854105AAB,IND851204AAA,FTL,20,2.0,2.4492361568543926,1.0,0.95,45.55,18.55,27.008315,2.0
IND854105AAB,IND853204AAA,FTL,15,2.764705882352941,3.0097468753583305,1.0,1.0,51.2,17.333333333333332,25.006886666666666,2.764705882352941
IND854311AAA,IND854326AAB,FTL,2,7.2243589743589745,7.2243589743589745,1.0,1.0,101.0,15.5,22.512999999999998,7.2243589743589745
IND854311AAA,IND854334AAA,FTL,12,1.7326388888888888,2.1723365296410964,1.0,0.75,27.666666666666668,12.25,16.833833333333335,1.7326388888888888
IND854326AAB,IND852113AAA,FTL,4,2.103030303030303,2.0462228128054742,1.0,1.0,51.0,25.0,35.783975,2.103030303030303
IND854326AAB,IND854105AAA,FTL,2,2.6875,2.6875,1.0,1.0,46.0,17.0,24.7618,2.6875
IND854326AAB,IND854105AAB,FTL,22,2.46875,8.182969399881165,1.0,0.9545454545454546,35.77272727272727,9.818181818181818,14.619295454545455,2.46875
IND852118AAA,IND852111AAA,FTL,2,4.294117647058823,4.294117647058823,1.0,1.0,55.5,14.5,21.03915,4.294117647058823
IND852118AAA,IND854326AAB,FTL,3,1.565217391304348,1.834368530020704,1.0,0.6666666666666666,41.333333333333336,22.333333333333332,29.853099999999998,1.565217391304348
IND852131AAA,IND852139AAB,FTL,1,3.380952380952381,3.380952380952381,1.0,1.0,71.0,21.0,29.7371,3.380952380952381
IND852131AAA,IND852201AAA,FTL,12,2.8181818181818183,4.475080897967438,1.0,0.9166666666666666,59.833333333333336,21.75,23.853158333333337,2.8181818181818183
IND852201AAA,IND852113AAA,FTL,17,3.75,3.887584987555394,1.0,1.0,65.94117647058823,17.0,22.42475294117647,3.75
IND852201AAA,IND852131AAA,FTL,2,3.145161290322581,3.1451612903225805,1.0,1.0,37.5,16.0,17.3913,3.145161290322581
IND852201AAA,IND854326AAB,FTL,5,3.75,4.927536231884058,1.0,1.0,89.6,23.6,33.15164,3.75
IND853204AAA,IND851204AAA,FTL,33,2.0555555555555554,2.368134977155523,1.0,1.0,33.484848484848484,14.848484848484848,21.7399,2.0555555555555554
IND854335AAA,IND852118A1B,FTL,2,5.1875,5.1875,1.0,0.5,20.0,9.0,13.363100000000001,5.1875
IND000000AAZ,IND444303AAA,FTL,2,2.266183574879227,2.266183574879227,1.0,1.0,79.5,34.0,46.85345,2.266183574879227
IND000000AAZ,IND444203AAA,FTL,3,3.2083333333333335,4.059095860566448,1.0,1.0,95.66666666666667,25.666666666666668,36.435566666666666,3.2083333333333335
IND000000AAS,IND783370AAC,FTL,18,1.8333333333333335,2.58045318610536,1.0,0.8888888888888888,30.5,14.5,20.730811111111112,1.8333333333333335
IND000000AAQ,IND700028AAB,Carting,4,4.9393939393939394,5.416666666666667,1.0,1.0,42.25,7.0,6.950349999999999,4.9393939393939394
IND000000AAL,IND411033AAA,Carting,35,2.25,3.0696338072574534,1.0,0.9428571428571428,44.94285714285714,15.314285714285715,14.85543142857143,2.25
IND614620AAA,IND630561AAA,Carting,154,1.8333333333333333,2.107438304840902,0.9935064935064936,0.8441558441558441,14.194805194805195,7.233766233766234,10.91625,1.8333333333333333
IND400072AAB,IND401104AAA,Carting,144,2.7142857142857144,3.1310910732785735,0.9930555555555556,0.9930555555555556,25.006944444444443,8.0,10.436529166666666,2.7142857142857144
IND152026AAA,IND000000ACA,FTL,133,1.9166666666666667,3.371554418827557,0.9924812030075187,0.9172932330827067,77.86466165413533,19.67669172932331,26.17892105263158,1.9166666666666667
IND121004AAB,IND110037AAM,Carting,110,2.6333333333333333,2.844296107932472,0.990909090909091,0.9363636363636364,22.69090909090909,8.209090909090909,9.662382727272728,2.6333333333333333
IND421302AAG,IND395023AAA,FTL,106,2.0,2.4379365540217517,0.9905660377358491,0.7924528301886793,47.15094339622642,19.27358490566038,26.498237735849056,2.0
IND305001AAC,IND306401AAB,FTL,102,1.8856209150326797,2.077611202829577,0.9901960784313726,0.9509803921568627,37.705882352941174,17.764705882352942,24.563276470588235,1.8856209150326797
IND131028AAB,IND136118AAA,FTL,102,1.8348214285714286,2.2077197907146915,0.9901960784313726,0.9509803921568627,33.31372549019608,15.764705882352942,21.836999019607845,1.8348214285714286
IND712311AAA,IND781018AAB,FTL,203,2.3529411764705883,3.0517522336574463,0.9901477832512315,0.9556650246305419,91.88669950738917,31.67487684729064,44.46697684729064,2.3529411764705883
IND518002AAA,IND501359AAE,FTL,96,1.6339712918660287,1.9528044812476495,0.9895833333333334,0.7604166666666666,33.072916666666664,17.583333333333332,25.032592708333336,1.6339712918660287
IND273014AAB,IND277303AAC,FTL,90,2.064583333333333,2.096258857768831,0.9888888888888889,0.8,40.17777777777778,19.77777777777778,25.902343333333334,2.064583333333333
IND160002AAC,IND144001AAB,FTL,90,2.0,2.374264393730338,0.9888888888888889,0.9333333333333333,37.922222222222224,16.755555555555556,23.689753333333332,2.0
IND131028AAB,IND247667AAB,FTL,90,1.75,1.8651542853988934,0.9888888888888889,0.7222222222222222,44.12222222222222,24.133333333333333,24.47113666666667,1.75
IND781018AAB,IND788026AAC,FTL,89,2.6,2.800403945095609,0.9887640449438202,0.9662921348314607,95.3932584269663,33.157303370786515,45.97869887640449,2.6
IND302014AAA,IND313001AAB,FTL,178,1.6666666666666667,1.8768825514572316,0.9887640449438202,0.7134831460674157,37.0,19.224719101123597,27.6907,1.6666666666666667
IND712311AAA,IND700026AAC,Carting,85,2.25,2.923514022501912,0.9882352941176471,0.9176470588235294,34.8235294117647,12.023529411764706,11.68010588235294,2.25
IND421302AAG,IND444005AAB,FTL,419,2.1052631578947367,2.3463594319048986,0.9880668257756563,0.964200477326969,44.2673031026253,19.057279236276848,27.418390214797135,2.1052631578947367
IND721212AAA,IND712310AAE,Carting,79,2.0,2.3879374610387267,0.9873417721518988,0.9367088607594937,23.670886075949365,10.20253164556962,13.450054430379748,2.0
IND362265AAA,IND362720AAA,Carting,78,2.25,3.007912315604623,0.9871794871794872,0.9743589743589743,17.73076923076923,7.230769230769231,10.24772564102564,2.25
IND472001AAA,IND485001AAC,FTL,155,2.25,2.629580014989096,0.9870967741935484,0.8451612903225807,45.12903225806452,18.767741935483873,25.008306451612903,2.25
IND396321AAA,IND396580AAB,Carting,77,1.8333333333333333,2.085052753883923,0.987012987012987,0.8961038961038961,12.753246753246753,6.597402597402597,9.350755844155843,1.8333333333333333
IND501359AAE,IND751002AAB,FTL,302,1.7777777777777777,2.0492072800818093,0.9867549668874173,0.7715231788079471,39.85761589403973,19.350993377483444,27.994349337748343,1.7777777777777777
IND781018AAB,IND712311AAA,FTL,149,2.142857142857143,3.07770044784356,0.9865771812080537,0.87248322147651,89.46979865771812,29.57718120805369,41.79393154362416,2.142857142857143
IND581115AAC,IND581110AAE,Carting,74,1.6904761904761905,2.178588341088341,0.9864864864864865,0.7162162162162162,12.202702702702704,6.4324324324324325,8.994147297297298,1.6904761904761905
IND834002AAB,IND832109AAB,FTL,70,2.3508771929824563,2.4018090674354347,0.9857142857142858,0.8571428571428571,40.52857142857143,17.542857142857144,23.984374285714285,2.3508771929824563
IND431203AAA,IND431112AAB,Carting,70,2.0,2.0753231292517005,0.9857142857142858,0.9285714285714286,13.485714285714286,6.5285714285714285,9.55392,2.0
IND410206AAB,IND000000AFT,Carting,68,2.4615384615384617,2.822108779012121,0.9852941176470589,0.9558823529411765,24.86764705882353,8.955882352941176,11.113492647058823,2.4615384615384617
IND382430AAB,IND380015AAB,Carting,66,2.2222222222222223,3.0936972539245264,0.9848484848484849,0.9242424242424242,19.28787878787879,6.136363636363637,8.140169696969698,2.2222222222222223
IND842001AAA,IND846004AAA,FTL,66,2.2198067632850242,2.4728995578905786,0.9848484848484849,0.8939393939393939,38.84848484848485,16.28787878787879,22.865101515151515,2.2198067632850242
IND580028AAA,IND590016AAA,FTL,65,1.875,6.996997102484719,0.9846153846153847,0.9846153846153847,55.03076923076923,14.476923076923077,20.637475384615385,1.875
IND313001AAB,IND312001AAA,FTL,65,1.8,2.0475751950745895,0.9846153846153847,0.8923076923076924,32.06153846153846,15.753846153846155,21.984113846153846,1.8
IND712311AAA,IND742101AAC,FTL,64,2.5486111111111107,2.5981757552896148,0.984375,0.953125,55.859375,21.59375,30.83760625,2.5486111111111107
IND524101AAB,IND517501AAB,FTL,64,1.9523809523809523,2.0880455081431197,0.984375,0.90625,40.71875,19.578125,24.030146875,1.9523809523809523
IND600008AAC,IND600056AAB,Carting,64,2.380952380952381,2.953634865682563,0.984375,0.859375,24.140625,8.578125,10.5835953125,2.380952380952381
IND413002AAA,IND413501AAA,FTL,63,1.5,1.5920374063840146,0.9841269841269841,0.42857142857142855,24.793650793650794,15.587301587301587,21.58801746031746,1.5
IND756032AAA,IND712311AAA,FTL,63,1.9,3.040974686372256,0.9841269841269841,0.8253968253968254,55.888888888888886,19.26984126984127,27.17977777777778,1.9
IND532127AAA,IND535591AAA,FTL,62,1.6833333333333333,2.753954088663824,0.9838709677419355,0.6612903225806451,24.451612903225808,14.225806451612904,16.507603225806452,1.6833333333333333
IND508207AAB,IND521225AAB,FTL,60,1.891812865497076,1.9240057266811625,0.9833333333333333,0.8166666666666667,41.666666666666664,21.916666666666668,26.86469333333333,1.891812865497076
IND411033AAA,IND431136AAC,FTL,120,2.0,2.1197935997726094,0.9833333333333333,0.9083333333333333,36.916666666666664,17.25,24.57745,2.0
IND516390AAA,IND515004AAA,FTL,60,1.7416666666666667,1.8841369009888325,0.9833333333333333,0.7333333333333333,41.8,23.933333333333334,24.609295,1.7416666666666667
IND610001AAA,IND605010AAB,FTL,60,2.0166666666666666,2.0635994491236618,0.9833333333333333,0.9833333333333333,43.03333333333333,20.6,24.918346666666665,2.0166666666666666
IND444005AAB,IND421302AAG,FTL,419,2.0,2.2228049859328882,0.9832935560859188,0.9212410501193318,42.52267303102625,18.988066825775658,27.28877971360382,2.0
IND535001AAA,IND530012AAA,Carting,59,2.0,3.6983390142039196,0.9830508474576272,0.8135593220338984,33.220338983050844,10.779661016949152,12.3533406779661,2.0
IND401209AAA,IND401104AAA,Carting,58,2.4722222222222223,6.030202354612518,0.9827586206896551,0.9827586206896551,50.793103448275865,8.706896551724139,11.343925862068964,2.4722222222222223
IND421601AAB,IND421302AAG,Carting,58,2.2222222222222223,3.962671123325118,0.9827586206896551,0.9482758620689655,35.172413793103445,7.310344827586207,10.520055172413793,2.2222222222222223
IND450331AAA,IND452001AAC,Carting,113,2.25,2.508796365876012,0.9823008849557522,0.9380530973451328,17.76991150442478,7.610619469026549,9.775059292035397,2.25
IND402109AAA,IND402301AAA,Carting,113,1.8333333333333333,2.1404212061291705,0.9823008849557522,0.7876106194690266,16.41592920353982,7.946902654867257,11.205741592920354,1.8333333333333333
IND516269AAA,IND516390AAA,FTL,56,1.5,1.8994554063620526,0.9821428571428571,0.48214285714285715,33.107142857142854,20.446428571428573,22.449935714285715,1.5
IND313001AAB,IND327001AAB,FTL,56,2.1052631578947367,2.9861724451630223,0.9821428571428571,0.875,59.0,21.607142857142858,31.082851785714286,2.1052631578947367
IND501359AAE,IND506002AAA,FTL,110,1.7573529411764706,1.836142082650208,0.9818181818181818,0.9454545454545454,32.127272727272725,17.6,25.650787272727275,1.7573529411764706
IND441912AAA,IND441107AAB,Carting,107,2.25,2.8340035613400096,0.9813084112149533,0.8598130841121495,22.205607476635514,7.785046728971962,10.677951401869159,2.25
IND382430AAB,IND389001AAA,FTL,105,1.6842105263157894,1.7345328109672877,0.9809523809523809,0.6285714285714286,33.38095238095238,19.333333333333332,27.429422857142857,1.6842105263157894
IND600056AAB,IND600008AAC,Carting,155,2.0,3.968044965786901,0.9806451612903225,0.8,22.561290322580646,6.754838709677419,9.082532903225806,2.0
IND000000ACA,IND144001AAB,FTL,51,1.6153846153846154,1.7701984227890255,0.9803921568627451,0.7843137254901961,28.294117647058822,16.431372549019606,23.34307843137255,1.6153846153846154
IND424006AAA,IND424101AAA,Carting,51,1.7142857142857142,2.1331040963393906,0.9803921568627451,0.7450980392156863,14.686274509803921,6.647058823529412,9.791150980392157,1.7142857142857142
IND854326AAB,IND852131AAA,FTL,50,1.8328173374613002,2.479963996871198,0.98,0.86,44.7,18.8,26.613248,1.8328173374613002
IND741126AAB,IND741156AAA,Carting,49,2.2857142857142856,3.405004859086492,0.9795918367346939,0.9591836734693877,16.46938775510204,6.408163265306122,9.619916326530612,2.2857142857142856
IND638701AAA,IND641607AAA,Carting,49,1.75,3.0223857208551084,0.9795918367346939,0.8571428571428571,18.102040816326532,7.63265306122449,8.717077551020408,1.75
IND210427AAA,IND209304AAA,FTL,49,2.909090909090909,4.308891984475872,0.9795918367346939,0.9387755102040817,80.61224489795919,22.448979591836736,31.42148367346939,2.909090909090909
IND416012AAA,IND415612AAA,FTL,49,2.526315789473684,3.7964076100252515,0.9795918367346939,0.9591836734693877,61.40816326530612,19.387755102040817,27.28864285714286,2.526315789473684
IND203390AAA,IND201301AAF,FTL,98,1.986842105263158,2.948335764463737,0.9795918367346939,0.8469387755102041,60.755102040816325,23.867346938775512,21.706566326530613,1.986842105263158
IND600056AAB,IND524003AAA,FTL,97,1.5294117647058822,1.5921698303872478,0.979381443298969,0.5463917525773195,34.97938144329897,21.8659793814433,28.741915463917525,1.5294117647058822
IND583201AAA,IND583227AAA,Carting,48,2.0,2.111781881313131,0.9791666666666666,0.9375,20.395833333333332,9.895833333333334,10.811877083333334,2.0
IND421302AAG,IND400102AAB,Carting,96,2.2264957264957266,2.7898508031320532,0.9791666666666666,0.8854166666666666,26.65625,9.489583333333334,11.447363541666666,2.2264957264957266
IND400072AAD,IND421302AAG,Carting,238,2.4772727272727275,5.495473584618597,0.9789915966386554,0.9705882352941176,31.983193277310924,8.65126050420168,10.842373109243699,2.4772727272727275
IND382430AAB,IND313001AAB,FTL,141,1.8571428571428572,1.9867284912005985,0.9787234042553191,0.8085106382978723,38.59574468085106,19.74468085106383,28.23394964539007,1.8571428571428572
IND224141AAB,IND224122AAA,Carting,47,3.125,3.4761904761904763,0.9787234042553191,0.9361702127659575,20.361702127659573,6.212765957446808,9.327882978723405,3.125
IND000000ACK,IND501359AAF,Carting,94,2.3166666666666664,2.925590373497404,0.9787234042553191,0.9574468085106383,24.93617021276596,9.053191489361701,9.712759574468086,2.3166666666666664
IND562132AAA,IND580028AAA,FTL,46,1.625,1.8587826151208051,0.9782608695652174,0.6739130434782609,34.369565217391305,18.652173913043477,25.661152173913045,1.625
IND121004AAB,IND121004AAA,Carting,46,1.75,1.925284679089027,0.9782608695652174,0.7608695652173914,11.652173913043478,5.956521739130435,8.320978260869564,1.75
IND515134AAA,IND515201AAA,Carting,90,1.6666666666666667,1.757983467150134,0.9777777777777777,0.7222222222222222,16.177777777777777,9.344444444444445,10.520472222222223,1.6666666666666667
IND000000ACB,IND110043AAC,Carting,45,1.5555555555555556,2.5720598546811138,0.9777777777777777,0.5555555555555556,21.6,11.933333333333334,11.875473333333334,1.5555555555555556
IND742149AAA,IND742148AAA,Carting,44,2.857142857142857,3.3751533189033185,0.9772727272727273,0.9090909090909091,18.977272727272727,6.409090909090909,9.345895454545454,2.857142857142857
IND502286AAB,IND502220AAC,FTL,44,1.6625,1.7836228798934834,0.9772727272727273,0.6363636363636364,51.0,28.522727272727273,32.98281363636364,1.6625
IND845401AAA,IND845305AAA,FTL,44,2.5322128851540615,2.566955650301361,0.9772727272727273,0.9318181818181818,46.31818181818182,18.045454545454547,24.559402272727276,2.5322128851540615
IND431136AAC,IND411033AAA,FTL,130,1.719607843137255,2.2310195087596014,0.9769230769230769,0.7230769230769231,34.746153846153845,17.223076923076924,24.13277692307692,1.719607843137255
IND852139AAB,IND854326AAB,FTL,84,2.80625,3.1486404468329785,0.9761904761904762,0.9523809523809523,58.166666666666664,18.428571428571427,26.506589285714284,2.80625
IND691574AAA,IND695614AAA,Carting,42,1.5,1.7272937380080235,0.9761904761904762,0.4523809523809524,15.523809523809524,9.714285714285714,10.703235714285714,1.5
IND302014AAA,IND305001AAC,FTL,84,2.0488095238095236,2.2224077333606393,0.9761904761904762,0.9047619047619048,44.88095238095238,20.654761904761905,26.171794047619045,2.0488095238095236
IND507002AAA,IND508213AAB,FTL,42,1.75,1.8368537832464191,0.9761904761904762,0.8809523809523809,26.88095238095238,14.785714285714286,21.162880952380952,1.75
IND209206AAB,IND210301AAA,Carting,42,2.3333333333333335,2.8740079365079363,0.9761904761904762,0.9523809523809523,13.80952380952381,5.095238095238095,8.026349999999999,2.3333333333333335
IND413501AAA,IND413401AAA,FTL,42,1.4045454545454545,1.444111176952792,0.9761904761904762,0.3333333333333333,24.547619047619047,17.166666666666668,19.063138095238095,1.4045454545454545
IND854326AAB,IND854311AAA,FTL,42,1.5,2.3305642967324744,0.9761904761904762,0.47619047619047616,32.666666666666664,15.047619047619047,21.5323,1.5
IND852111AAA,IND854326AAB,FTL,82,2.9265873015873014,3.4089629275472446,0.975609756097561,0.9146341463414634,67.82926829268293,20.414634146341463,28.420593902439023,2.9265873015873014
IND243503AAB,IND244901AAB,FTL,41,2.0625,3.438511549393385,0.975609756097561,0.9024390243902439,61.19512195121951,18.24390243902439,26.322343902439027,2.0625
IND501359AAE,IND533106AAA,FTL,204,2.0,2.219995908190919,0.9754901960784313,0.8431372549019608,38.431372549019606,17.485294117647058,25.279525000000003,2.0
IND691506AAA,IND691305AAA,Carting,40,1.5857142857142859,1.6272204184704187,0.975,0.575,14.75,9.1,8.9121725,1.5857142857142859
IND000000ACA,IND160002AAC,FTL,278,1.875,2.1385122700516885,0.9748201438848921,0.935251798561151,33.906474820143885,16.02158273381295,23.266078057553955,1.875
IND421302AAG,IND400072AAA,Carting,79,2.2857142857142856,2.873979139105074,0.9746835443037974,0.9493670886075949,22.79746835443038,8.177215189873417,10.274874683544304,2.2857142857142856
IND515004AAA,IND501359AAE,FTL,236,1.588235294117647,1.8116010221561731,0.9745762711864406,0.6059322033898306,30.360169491525422,17.114406779661017,24.514306355932202,1.588235294117647
IND532201AAA,IND532222AAA,FTL,39,1.9090909090909092,3.3820047102655795,0.9743589743589743,0.7948717948717948,23.05128205128205,12.128205128205128,14.304143589743589,1.9090909090909092
IND140901AAA,IND160055AAA,Carting,39,1.9090909090909092,1.9910099955348823,0.9743589743589743,0.7692307692307693,13.64102564102564,7.205128205128205,7.080184615384616,1.9090909090909092
IND262122AAB,IND244901AAB,Carting,39,2.4285714285714284,2.5719835942537217,0.9743589743589743,0.9487179487179487,31.41025641025641,11.615384615384615,14.790228205128205,2.4285714285714284
IND532001AAB,IND530012AAA,Carting,232,1.75,2.1317954212293486,0.9741379310344828,0.7198275862068966,17.099137931034484,7.728448275862069,11.090723275862068,1.75
IND261201AAB,IND261001AAA,FTL,38,1.6055555555555556,1.6896432366372802,0.9736842105263158,0.631578947368421,44.28947368421053,26.026315789473685,30.76856842105263,1.6055555555555556
IND503185AAA,IND503187AAA,FTL,38,1.606060606060606,2.1350660495111295,0.9736842105263158,0.5263157894736842,21.31578947368421,13.447368421052632,16.04322894736842,1.606060606060606
IND506132AAA,IND122001AAJ,FTL,38,1.7894736842105263,1.9323842728418141,0.9736842105263158,0.9473684210526315,32.5,17.526315789473685,24.537781578947367,1.7894736842105263
IND402301AAA,IND402107AAA,Carting,113,1.875,2.2162387570055677,0.9734513274336283,0.8938053097345132,16.36283185840708,7.371681415929204,10.97633539823009,1.875
IND431136AAC,IND431203AAA,Carting,112,1.8333333333333333,2.487753472601162,0.9732142857142857,0.8125,15.866071428571429,6.991071428571429,10.086693749999998,1.8333333333333333
IND509203AAA,IND509301AAA,FTL,37,1.5238095238095237,1.7221931417583591,0.972972972972973,0.5405405405405406,19.756756756756758,12.81081081081081,14.59691081081081,1.5238095238095237
IND390022AAA,IND395023AAA,FTL,147,1.625,1.8528265651096891,0.9727891156462585,0.6938775510204082,30.68027210884354,17.224489795918366,24.679801360544218,1.625
IND562132AAA,IND712311AAA,FTL,216,1.7669683257918551,2.1735539014573497,0.9722222222222222,0.8518518518518519,41.81018518518518,19.675925925925927,27.389944444444446,1.7669683257918551
IND384205AAA,IND382715AAA,FTL,36,1.4328703703703702,1.6153688047951331,0.9722222222222222,0.3888888888888889,30.52777777777778,19.36111111111111,21.038991666666664,1.4328703703703702
IND423601AAA,IND423701AAB,Carting,36,1.6258741258741258,1.8983831754665088,0.9722222222222222,0.75,18.77777777777778,9.88888888888889,9.452844444444445,1.6258741258741258
IND586128AAA,IND585104AAA,Carting,36,2.236111111111111,2.792194765111432,0.9722222222222222,0.8055555555555556,24.47222222222222,8.694444444444445,10.876141666666667,2.236111111111111
IND212501AAA,IND212402AAA,Carting,36,1.725,2.0645212041045373,0.9722222222222222,0.6944444444444444,15.472222222222221,8.75,8.47808888888889,1.725
IND761200AAA,IND532001AAB,FTL,36,2.213636363636364,2.321014077567786,0.9722222222222222,0.9722222222222222,36.52777777777778,16.444444444444443,23.926325000000002,2.213636363636364
IND585307AAB,IND585104AAA,Carting,107,2.6666666666666665,4.71959348254326,0.9719626168224299,0.822429906542056,53.45794392523364,10.906542056074766,12.011806542056075,2.6666666666666665
IND586128AAA,IND586211AAA,Carting,71,1.588235294117647,1.7097824443106493,0.971830985915493,0.5915492957746479,15.95774647887324,9.47887323943662,10.114788732394366,1.588235294117647
IND504293AAA,IND505001AAB,FTL,35,1.565217391304348,1.9462540693804786,0.9714285714285714,0.6,48.114285714285714,24.114285714285714,29.63232857142857,1.565217391304348
IND535558AAA,IND535501AAB,FTL,35,1.619047619047619,2.5377295582264523,0.9714285714285714,0.7142857142857143,21.4,12.971428571428572,14.608454285714286,1.619047619047619
IND842001AAA,IND854326AAB,FTL,209,1.5714285714285714,2.2104691360961337,0.9712918660287081,0.5980861244019139,36.25358851674641,18.593301435406698,26.862050717703347,1.5714285714285714
IND271210AAA,IND271001AAA,Carting,69,2.75,3.2429167005947765,0.9710144927536232,0.9420289855072463,28.797101449275363,7.797101449275362,11.66688695652174,2.75
IND535501AAB,IND532440AAA,FTL,34,1.4880952380952381,1.542988226466527,0.9705882352941176,0.4117647058823529,32.05882352941177,20.794117647058822,23.043444117647056,1.4880952380952381
IND573142AAA,IND573201AAB,FTL,34,1.8038461538461539,2.367734776117129,0.9705882352941176,0.7647058823529411,39.6764705882353,19.08823529411765,21.28925294117647,1.8038461538461539
IND500055AAC,IND501401AAC,Carting,34,2.416666666666667,2.8552521008403358,0.9705882352941176,0.9411764705882353,13.647058823529411,5.352941176470588,7.918064705882353,2.416666666666667
IND421302AAG,IND400072AAJ,Carting,102,2.325757575757576,3.4878272806906025,0.9705882352941176,0.9411764705882353,25.137254901960784,8.137254901960784,10.276198039215686,2.325757575757576
IND628801AAA,IND628204AAA,Carting,34,1.5,1.5168534080298786,0.9705882352941176,0.38235294117647056,11.529411764705882,7.676470588235294,8.759114705882352,1.5
IND673506AAA,IND670643AAA,Carting,34,1.4330357142857144,1.4610235760971055,0.9705882352941176,0.29411764705882354,16.08823529411765,11.117647058823529,10.551532352941177,1.4330357142857144
IND396191AAC,IND396232AAA,Carting,34,2.0625,2.1974736048265457,0.9705882352941176,0.8529411764705882,17.235294117647058,7.9411764705882355,11.10825588235294,2.0625
IND208012AAA,IND209304AAA,Carting,33,35.0,43.903914950789954,0.9696969696969697,0.9393939393939394,241.42424242424244,8.909090909090908,10.61708787878788,35.0
IND362720AAA,IND362560AAA,Carting,66,2.0,2.119808894808895,0.9696969696969697,0.8181818181818182,14.227272727272727,6.696969696969697,10.024898484848483,2.0
IND390022AAA,IND382430AAB,FTL,33,1.55,1.643230052827576,0.9696969696969697,0.6060606060606061,27.90909090909091,16.696969696969695,24.093751515151514,1.55
IND421302AAG,IND000000AFT,Carting,98,2.3,3.42288801193157,0.9693877551020408,0.9183673469387755,43.04081632653061,11.438775510204081,13.018439795918367,2.3
IND415612AAA,IND415408AAC,FTL,32,2.4292763157894735,2.6445937800059474,0.96875,0.96875,58.28125,22.21875,29.267646875,2.4292763157894735
IND160002AAC,IND131028AAB,FTL,96,1.7333333333333334,1.8805165960755648,0.96875,0.8958333333333334,30.96875,16.760416666666668,23.787075,1.7333333333333334
IND742102AAB,IND712311AAA,FTL,32,2.5,2.666576096941761,0.96875,0.9375,56.21875,21.90625,31.179409375,2.5
IND244001AAA,IND263153AAB,FTL,64,1.8387096774193548,2.049152133279253,0.96875,0.8125,44.671875,23.203125,24.3886734375,1.8387096774193548
IND000000ACN,IND501359AAF,Carting,32,2.071428571428571,2.8634087062855444,0.96875,0.84375,26.90625,9.46875,11.205409375,2.071428571428571
IND834002AAB,IND781018AAB,FTL,32,1.998768472906404,2.5445113903727927,0.96875,0.875,72.125,25.8125,36.91488125,1.998768472906404
IND403702AAA,IND575004AAB,FTL,96,1.7676470588235293,2.157112240745018,0.96875,0.6979166666666666,44.65625,21.5625,25.177873958333333,1.7676470588235293
IND421302AAG,IND400072AAB,Carting,288,2.236111111111111,3.003612834869162,0.96875,0.9166666666666666,21.947916666666668,7.916666666666667,10.037429166666666,2.236111111111111
IND431514AAA,IND431515AAA,FTL,32,2.1176470588235294,2.3092594384244927,0.96875,0.9375,23.0625,10.40625,15.319440625,2.1176470588235294
IND415605AAA,IND415709AAA,FTL,32,2.0488095238095236,2.2285734872012046,0.96875,0.96875,27.90625,11.8125,16.81901875,2.0488095238095236
IND842001AAA,IND845412AAB,FTL,31,2.235294117647059,2.2350161204575465,0.967741935483871,0.967741935483871,37.12903225806452,16.451612903225808,23.967687096774192,2.235294117647059
IND532421AAA,IND532201AAA,FTL,31,1.6666666666666667,3.3169310451967995,0.967741935483871,0.7096774193548387,24.032258064516128,11.741935483870968,16.85282258064516,1.6666666666666667
IND854326AAB,IND852201AAA,FTL,30,2.023109243697479,2.5821292623770074,0.9666666666666667,0.9333333333333333,66.66666666666667,26.066666666666666,34.886100000000006,2.023109243697479
IND458990AAA,IND312605AAB,FTL,30,1.7096153846153845,2.1057985258952274,0.9666666666666667,0.6666666666666666,40.86666666666667,18.833333333333332,20.766656666666666,1.7096153846153845
IND532001AAB,IND532421AAA,FTL,30,2.0555555555555554,6.6342843219159,0.9666666666666667,0.9333333333333333,35.733333333333334,13.166666666666666,19.131246666666666,2.0555555555555554
IND000000ACT,IND160002AAC,FTL,210,1.75,2.0121019201399792,0.9666666666666667,0.7904761904761904,38.25238095238095,19.4,23.66406761904762,1.75
IND518501AAA,IND518124AAA,FTL,30,1.5742753623188406,1.8163902532387406,0.9666666666666667,0.6333333333333333,35.266666666666666,20.033333333333335,21.986876666666667,1.5742753623188406
IND342902A1B,IND302014AAA,FTL,90,2.0,2.6025691522555654,0.9666666666666667,0.8111111111111111,44.28888888888889,21.68888888888889,26.83654111111111,2.0
IND121004AAB,IND000000ACB,Carting,180,1.6666666666666667,1.9694964612366574,0.9666666666666667,0.6722222222222223,24.616666666666667,12.05,12.508146111111111,1.6666666666666667
IND123401AAB,IND123106AAB,FTL,30,1.8478260869565217,2.3969760963674007,0.9666666666666667,0.7333333333333333,32.06666666666667,16.3,17.86600333333333,1.8478260869565217
IND751002AAB,IND756100AAC,FTL,60,1.743421052631579,1.8756871204973797,0.9666666666666667,0.8,32.36666666666667,17.533333333333335,25.17219833333333,1.743421052631579
IND148028AAA,IND147001AAB,FTL,30,1.6282894736842106,1.8883829057938966,0.9666666666666667,0.7666666666666667,32.9,17.433333333333334,21.661080000000002,1.6282894736842106
IND332001AAB,IND334001AAB,FTL,90,1.5294117647058822,1.7662704326404015,0.9666666666666667,0.5555555555555556,28.244444444444444,17.033333333333335,23.829667777777775,1.5294117647058822
IND723130AAA,IND723101AAA,FTL,30,1.8235294117647058,3.7539651416122,0.9666666666666667,0.9333333333333333,25.733333333333334,10.466666666666667,15.31253,1.8235294117647058
IND506314AAA,IND506002AAA,FTL,29,3.1176470588235294,4.709412464692703,0.9655172413793104,0.9655172413793104,74.24137931034483,13.206896551724139,18.896393103448275,3.1176470588235294
IND621212AAA,IND621704AAA,FTL,29,1.7142857142857142,1.9802060008956561,0.9655172413793104,0.6551724137931034,20.655172413793103,12.551724137931034,16.900655172413796,1.7142857142857142
IND466001AAA,IND466116AAA,FTL,29,1.8333333333333333,1.8577580634375765,0.9655172413793104,0.9310344827586207,30.103448275862068,16.379310344827587,22.370413793103445,1.8333333333333333
IND160002AAC,IND000000ACB,FTL,716,1.76,2.101138054166347,0.9650837988826816,0.7318435754189944,41.25977653631285,20.32262569832402,27.33150055865922,1.76
IND515761AAA,IND515004AAA,FTL,57,1.8888888888888888,1.9015062676961991,0.9649122807017544,0.7017543859649122,32.228070175438596,17.526315789473685,19.397294736842106,1.8888888888888888
IND641062AAD,IND643231AAA,Carting,85,1.7777777777777777,2.5019899217923256,0.9647058823529412,0.6235294117647059,26.529411764705884,10.2,12.46830705882353,1.7777777777777777
IND110078AAA,IND110043AAA,Carting,28,2.35625,3.1528518458665515,0.9642857142857143,0.7857142857142857,31.821428571428573,11.75,9.523582142857142,2.35625
IND000000ACB,IND125005AAA,FTL,28,1.5750000000000002,1.8222185583635164,0.9642857142857143,0.6071428571428571,38.0,22.0,23.511335714285714,1.5750000000000002
IND563116AAA,IND563131AAB,Carting,28,1.832167832167832,3.18520646020646,0.9642857142857143,0.8214285714285714,22.142857142857142,8.464285714285714,8.847642857142857,1.832167832167832
IND606003AAA,IND606105AAA,Carting,28,1.6666666666666667,1.7232142857142858,0.9642857142857143,0.6428571428571429,11.142857142857142,6.821428571428571,7.816364285714286,1.6666666666666667
IND585104AAA,IND585307AAB,Carting,28,1.4,1.4854888167388167,0.9642857142857143,0.35714285714285715,13.892857142857142,9.357142857142858,11.25695,1.4
IND573201AAB,IND573116AAA,FTL,28,1.725563909774436,2.2168731131519457,0.9642857142857143,0.7857142857142857,33.785714285714285,16.5,20.91541785714286,1.725563909774436
IND854335AAA,IND852111AAA,FTL,28,1.625,3.2925235883827213,0.9642857142857143,0.7857142857142857,23.964285714285715,11.714285714285714,16.921310714285713,1.625
IND570020AAA,IND571602AAA,FTL,28,1.9166666666666665,2.7941454363746105,0.9642857142857143,0.8928571428571429,45.214285714285715,18.071428571428573,21.67724642857143,1.9166666666666665
IND341001AAC,IND341303AAA,FTL,28,1.5327272727272727,1.8291386098160225,0.9642857142857143,0.5357142857142857,38.67857142857143,20.607142857142858,24.52533928571429,1.5327272727272727
IND000000ACB,IND124103AAA,FTL,27,1.6842105263157894,1.864935465072385,0.9629629629629629,0.6296296296296297,45.03703703703704,25.37037037037037,26.37148888888889,1.6842105263157894
IND332001AAB,IND334001AAC,FTL,27,1.4838709677419355,1.5802595507380675,0.9629629629629629,0.3333333333333333,27.14814814814815,17.88888888888889,23.95111111111111,1.4838709677419355
IND639001AAA,IND624001AAA,FTL,27,1.64,1.6675392223928571,0.9629629629629629,0.6296296296296297,30.48148148148148,18.22222222222222,25.204455555555555,1.64
IND509103AAB,IND518002AAA,FTL,27,2.111111111111111,3.084227723840129,0.9629629629629629,0.8888888888888888,45.25925925925926,19.074074074074073,25.502196296296297,2.111111111111111
IND400011AAA,IND400072AAD,Carting,107,2.6666666666666665,2.9450283407265267,0.9626168224299065,0.9626168224299065,25.11214953271028,8.841121495327103,10.058820560747662,2.6666666666666665
IND421302AAG,IND400102AAC,Carting,160,2.2111111111111112,3.7013947512606125,0.9625,0.88125,37.225,11.06875,13.016215625000001,2.2111111111111112
IND110037AAM,IND209304AAA,FTL,449,1.6,1.9208700863028811,0.9621380846325167,0.6258351893095768,40.30734966592428,20.253897550111358,27.473358351893093,1.6
IND000000ACB,IND160002AAC,FTL,656,1.8235294117647058,2.2315493247038893,0.961890243902439,0.7942073170731707,46.4405487804878,19.708841463414632,26.462089176829267,1.8235294117647058
IND395023AAA,IND390022AAA,FTL,52,1.5590277777777777,1.753036035823341,0.9615384615384616,0.6538461538461539,34.80769230769231,19.096153846153847,26.791109615384617,1.5590277777777777
IND506001AAC,IND505467AAA,FTL,26,1.5487012987012987,1.7532153743692205,0.9615384615384616,0.5,27.96153846153846,17.115384615384617,20.64585,1.5487012987012987
IND575004AAB,IND562132AAA,FTL,52,1.7454545454545456,2.1506008930275318,0.9615384615384616,0.75,42.40384615384615,20.307692307692307,27.715419230769232,1.7454545454545456
IND362001AAA,IND362220AAA,Carting,52,1.7638888888888888,3.04277634758404,0.9615384615384616,0.6923076923076923,15.884615384615385,7.4423076923076925,10.603563461538462,1.7638888888888888
IND421401AAC,IND421601AAB,Carting,26,3.273109243697479,4.114434506544235,0.9615384615384616,0.9615384615384616,20.923076923076923,7.269230769230769,10.998715384615386,3.273109243697479
IND530012AAA,IND530043AAA,Carting,26,2.1944444444444446,2.8332211313398608,0.9615384615384616,0.7692307692307693,30.346153846153847,11.23076923076923,12.311396153846154,2.1944444444444446
IND302014AAA,IND306401AAB,FTL,26,2.117647058823529,2.229092559543327,0.9615384615384616,0.8846153846153846,37.69230769230769,17.46153846153846,24.241049999999998,2.117647058823529
IND712311AAA,IND700088AAA,Carting,76,2.7850877192982457,4.704639180616218,0.9605263157894737,0.9210526315789473,56.13157894736842,12.5,12.385852631578947,2.7850877192982457
IND581110AAE,IND577002AAA,Carting,25,1.8,2.762189033189033,0.96,0.68,31.12,8.96,11.308364,1.8
IND781014AAA,IND781124AAA,Carting,25,2.25,2.4718730158730158,0.96,0.92,17.2,6.96,10.651384,2.25
IND500010AAB,IND501359AAE,Carting,175,2.0,2.5393527962521567,0.96,0.8742857142857143,29.30857142857143,11.942857142857143,14.877272571428572,2.0
IND342902AAA,IND302014AAA,FTL,50,1.9846491228070176,2.243516264114367,0.96,0.86,46.34,21.5,26.364686000000003,1.9846491228070176
IND421302AAG,IND400015AAA,Carting,197,2.125,3.1743084024199724,0.9593908629441624,0.8984771573604061,23.19289340101523,7.817258883248731,10.80774263959391,2.125
IND421302AAR,IND421004AAA,Carting,49,3.2222222222222223,4.159130948416663,0.9591836734693877,0.9183673469387755,23.285714285714285,6.3061224489795915,7.838622448979591,3.2222222222222223
IND580028AAA,IND591123AAC,FTL,73,1.8181818181818181,2.6607104786367635,0.958904109589041,0.8904109589041096,61.67123287671233,25.506849315068493,28.898987671232877,1.8181818181818181
IND713205AAB,IND722101AAC,Carting,24,1.75,2.6721636002886004,0.9583333333333334,0.6666666666666666,29.708333333333332,10.208333333333334,10.8383625,1.75
IND781018AAB,IND784001AAA,FTL,24,1.698611111111111,1.900213812070936,0.9583333333333334,0.875,48.583333333333336,25.458333333333332,34.34337083333333,1.698611111111111
IND462022AAA,IND842003AAB,FTL,96,1.8848684210526314,2.1478763843392357,0.9583333333333334,0.8333333333333334,45.5,23.114583333333332,28.569877083333335,1.8848684210526314
IND571105AAA,IND571213AAA,FTL,24,1.6168478260869565,1.7141240858991817,0.9583333333333334,0.9583333333333334,33.125,19.25,21.799308333333332,1.6168478260869565
IND585222AAA,IND585307AAB,Carting,72,1.5555555555555556,1.5926630853714188,0.9583333333333334,0.5555555555555556,14.041666666666666,8.944444444444445,10.082363888888889,1.5555555555555556
IND424006AAA,IND421302AAG,FTL,96,1.9511904761904761,2.4204162262143267,0.9583333333333334,0.8854166666666666,37.020833333333336,16.8125,24.410275,1.9511904761904761
IND783370AAC,IND783301AAA,FTL,24,2.1766917293233083,3.803786447792833,0.9583333333333334,0.9166666666666666,45.25,17.625,23.25984166666667,2.1766917293233083
IND600056AAB,IND600116AAB,Carting,71,2.0,5.3161801422364805,0.9577464788732394,0.8309859154929577,26.577464788732396,8.19718309859155,9.901225352112675,2.0
IND421302AAG,IND382430AAB,FTL,330,1.7647058823529411,2.0799139587533246,0.9575757575757575,0.7666666666666667,40.85757575757576,20.466666666666665,28.544201212121212,1.7647058823529411
IND431603AAA,IND413531AAA,Carting,47,2.25,2.7781594056062144,0.9574468085106383,0.9574468085106383,21.76595744680851,7.9361702127659575,11.692029787234043,2.25
IND508001AAA,IND501359AAE,FTL,70,1.6666666666666667,1.8260151344013094,0.9571428571428572,0.6857142857142857,31.0,17.085714285714285,23.280632857142855,1.6666666666666667
IND581110AAE,IND581119AAB,Carting,93,1.6666666666666667,1.9650246706698318,0.956989247311828,0.6666666666666666,13.118279569892474,7.053763440860215,9.303830107526881,1.6666666666666667
IND792121AAB,IND786181AAC,Carting,23,3.0714285714285716,11.324341037216097,0.9565217391304348,0.9565217391304348,280.3478260869565,13.652173913043478,19.953086956521737,3.0714285714285716
IND421302AAG,IND421401AAC,Carting,46,2.3484848484848486,2.670405138339921,0.9565217391304348,0.9565217391304348,16.956521739130434,6.282608695652174,9.259289130434782,2.3484848484848486
IND531001AAA,IND531116AAA,Carting,23,1.875,1.9752760524499653,0.9565217391304348,0.8695652173913043,15.391304347826088,7.695652173913044,9.279052173913044,1.875
IND562132AAA,IND751002AAB,FTL,818,1.75,1.9936290141286515,0.9559902200488998,0.7616136919315404,40.165036674816626,20.12958435207824,28.06369205378973,1.75
IND571426AAA,IND571104AAA,FTL,45,1.7222222222222223,1.8637083323065298,0.9555555555555556,0.6666666666666666,49.86666666666667,27.377777777777776,33.94638222222222,1.7222222222222223
IND425508AAB,IND450331AAA,Carting,45,2.5714285714285716,3.643298059964727,0.9555555555555556,0.9555555555555556,17.68888888888889,5.911111111111111,8.61789111111111,2.5714285714285716
IND847404AAB,IND842001AAA,FTL,45,4.0,8.514769645002135,0.9555555555555556,0.8,254.17777777777778,30.644444444444446,43.77212,4.0
IND110037AAM,IND110085AAB,Carting,45,1.9,2.2757699155944766,0.9555555555555556,0.9111111111111111,29.377777777777776,12.311111111111112,11.219915555555556,1.9
IND466116AAA,IND462022AAA,FTL,44,2.0868055555555554,2.400530822762892,0.9545454545454546,0.8636363636363636,62.65909090909091,24.181818181818183,30.178038636363635,2.0868055555555554
IND577002AAA,IND580028AAA,FTL,66,1.5527777777777778,1.7015471741073345,0.9545454545454546,0.5909090909090909,27.636363636363637,16.454545454545453,23.515331818181817,1.5527777777777778
IND577598AAC,IND577501AAA,FTL,22,1.8333333333333333,1.8641129072947253,0.9545454545454546,0.9090909090909091,30.0,15.818181818181818,21.62443181818182,1.8333333333333333
IND533106AAA,IND530012AAA,FTL,88,1.6360294117647058,1.70374208322965,0.9545454545454546,0.6704545454545454,28.261363636363637,16.988636363636363,23.877525000000002,1.6360294117647058
IND385535AAA,IND384205AAA,FTL,66,1.5917508417508417,2.0898309545063465,0.9545454545454546,0.5606060606060606,40.833333333333336,20.257575757575758,23.77432121212121,1.5917508417508417
IND411014AAA,IND411033AAA,Carting,44,2.0,4.230351019672543,0.9545454545454546,0.8636363636363636,49.70454545454545,11.454545454545455,10.876340909090908,2.0
IND501359AAE,IND712311AAA,FTL,110,1.7633053221288515,1.9525973200693654,0.9545454545454546,0.7181818181818181,37.61818181818182,19.172727272727272,27.386315454545457,1.7633053221288515
IND673592AAA,IND673121AAA,Carting,22,2.0,2.3839334907516725,0.9545454545454546,0.9090909090909091,17.954545454545453,7.818181818181818,8.949913636363636,2.0
IND302020AAA,IND302014AAB,Carting,22,4.132575757575758,4.520684113865932,0.9545454545454546,0.9545454545454546,47.18181818181818,9.545454545454545,10.722731818181819,4.132575757575758
IND302014AAB,IND302006AAC,Carting,44,2.0,2.5862717459308366,0.9545454545454546,0.75,26.59090909090909,10.75,11.579056818181819,2.0
IND591123AAC,IND587103AAB,FTL,43,1.5416666666666667,1.6235363798060818,0.9534883720930233,0.5813953488372093,38.41860465116279,24.930232558139537,26.85403023255814,1.5416666666666667
IND607801AAA,IND606003AAA,Carting,43,2.142857142857143,2.3523532668881506,0.9534883720930233,0.9302325581395349,18.13953488372093,7.8604651162790695,11.332227906976744,2.142857142857143
IND814112AAA,IND814133AAB,FTL,21,2.3,2.896554770233452,0.9523809523809523,0.9047619047619048,48.285714285714285,18.238095238095237,26.324242857142856,2.3
IND000000ACB,IND125001AAA,FTL,105,1.64,1.9930615995918324,0.9523809523809523,0.6666666666666666,41.2952380952381,21.847619047619048,23.542546666666667,1.64
IND480334AAA,IND480106AAA,FTL,42,1.455026455026455,1.5666534174333844,0.9523809523809523,0.35714285714285715,26.047619047619047,17.547619047619047,19.496138095238095,1.455026455026455
IND465669AAB,IND465683AAA,FTL,21,1.52,1.620071436500008,0.9523809523809523,0.5238095238095238,29.523809523809526,18.476190476190474,20.68020476190476,1.52
IND125005AAA,IND335513AAA,FTL,21,1.6,1.7771457849170336,0.9523809523809523,0.8095238095238095,37.61904761904762,21.952380952380953,25.944176190476192,1.6
IND505001AAB,IND505209AAA,FTL,21,2.0,3.7875758171423803,0.9523809523809523,0.8571428571428571,45.23809523809524,15.0,21.146752380952382,2.0
IND581314AAA,IND403726AAA,FTL,42,1.7679487179487179,2.027570034646204,0.9523809523809523,0.7380952380952381,44.142857142857146,23.833333333333332,25.69359285714286,1.7679487179487179
IND584101AAA,IND509124AAA,FTL,42,1.5,1.859726535390397,0.9523809523809523,0.47619047619047616,27.333333333333332,18.166666666666668,17.03796428571429,1.5
IND395009AAA,IND395023AAD,Carting,21,9.5,7.894579304138129,0.9523809523809523,0.9523809523809523,117.0952380952381,12.904761904761905,13.340961904761906,9.5
IND600032AAB,IND600076AAB,Carting,84,2.2,2.4000489589775307,0.9523809523809523,0.8214285714285714,17.94047619047619,7.940476190476191,8.504573809523809,2.2
IND829122AAA,IND825301AAA,FTL,42,1.6666666666666667,1.8258087849706601,0.9523809523809523,0.7380952380952381,24.928571428571427,14.428571428571429,19.85793333333333,1.6666666666666667
IND643212AAA,IND641062AAD,Carting,21,3.0,3.7803150232055436,0.9523809523809523,0.9047619047619048,51.904761904761905,15.095238095238095,19.638928571428572,3.0
IND521225AAB,IND521201AAA,FTL,42,1.5292307692307694,1.908932592980212,0.9523809523809523,0.5238095238095238,49.88095238095238,26.047619047619047,26.50922380952381,1.5292307692307694
IND181152AAB,IND181201AAB,Carting,21,2.4545454545454546,3.8091209055494764,0.9523809523809523,0.9523809523809523,27.80952380952381,9.428571428571429,9.625738095238095,2.4545454545454546
IND670645AAB,IND673592AAA,Carting,21,2.4,3.1455903301491537,0.9523809523809523,0.9523809523809523,36.285714285714285,11.285714285714286,11.317552380952382,2.4
IND131028AAB,IND251001AAA,FTL,41,1.6956521739130435,1.752517230619033,0.9512195121951219,0.8292682926829268,44.170731707317074,24.804878048780488,24.705890243902438,1.6956521739130435
IND388220AAA,IND388320AAA,Carting,41,1.8181818181818181,2.898305894647358,0.9512195121951219,0.8780487804878049,17.75609756097561,8.439024390243903,9.448446341463415,1.8181818181818181
IND560300AAB,IND563130AAA,Carting,40,1.8888888888888888,1.839295634920635,0.95,0.75,16.625,8.75,11.0056825,1.8888888888888888
IND400064AAB,IND400072AAD,Carting,20,3.1813186813186816,4.1280219780219785,0.95,0.95,38.4,11.5,11.484775,3.1813186813186816
IND421302AAR,IND400612AAA,Carting,20,2.4,2.4754545454545456,0.95,0.9,19.55,8.0,10.022305,2.4
IND627811AAA,IND627401AAA,FTL,20,1.5683229813664596,1.8118135286613548,0.95,0.6,25.9,15.55,17.184475,1.5683229813664596
IND503111AAC,IND503185AAA,FTL,60,1.7272727272727273,1.7290338929682634,0.95,0.65,36.95,22.0,28.720418333333335,1.7272727272727273
IND282002AAD,IND205001AAB,FTL,40,2.1497326203208553,2.0626701165784262,0.95,0.675,39.9,25.875,33.6090425,2.1497326203208553
IND786001AAB,IND786184AAA,Carting,20,2.1666666666666665,2.8160714285714286,0.95,0.8,19.9,6.6,9.968245,2.1666666666666665
IND110037AAM,IND226004AAC,FTL,20,1.4281045751633987,1.545593292754418,0.95,0.25,33.9,21.5,27.459985,1.4281045751633987
IND121004AAA,IND121004AAB,Carting,20,2.283333333333333,2.8864213564213563,0.95,0.9,24.2,8.1,9.480565,2.283333333333333
IND400102AAC,IND421302AAG,Carting,79,2.4545454545454546,4.923853552158849,0.9493670886075949,0.8987341772151899,48.22784810126582,10.569620253164556,12.06976835443038,2.4545454545454546
IND530012AAA,IND501359AAE,FTL,237,1.8,2.038106175287602,0.9493670886075949,0.7679324894514767,37.257383966244724,18.143459915611814,25.87742194092827,1.8
IND302014AAA,IND303702AAB,FTL,19,2.210526315789474,2.3694512338638134,0.9473684210526315,0.9473684210526315,43.31578947368421,17.789473684210527,24.340999999999998,2.210526315789474
IND712311AAA,IND713103AAA,FTL,19,1.75,2.229731896420172,0.9473684210526315,0.9473684210526315,39.36842105263158,18.210526315789473,25.997747368421052,1.75
IND507111AAA,IND507117AAB,FTL,38,1.8333333333333333,1.9251598687353837,0.9473684210526315,0.6842105263157895,26.710526315789473,15.5,17.79136052631579,1.8333333333333333
IND140001AAA,IND140118AAA,FTL,38,1.707142857142857,1.6659369858198596,0.9473684210526315,0.7368421052631579,28.86842105263158,17.36842105263158,21.029557894736843,1.707142857142857
IND742101AAC,IND713130AAA,Carting,19,1.7142857142857142,1.7099355495399953,0.9473684210526315,0.5263157894736842,24.42105263157895,15.263157894736842,20.774863157894735,1.7142857142857142
IND845305AAA,IND842001AAA,FTL,113,2.6666666666666665,3.622296116394791,0.9469026548672567,0.9026548672566371,90.7433628318584,21.336283185840706,30.41160353982301,2.6666666666666665
IND000000ABG,IND501359AAF,Carting,37,2.1666666666666665,5.664558752058752,0.9459459459459459,0.8648648648648649,59.75675675675676,10.162162162162161,10.27564054054054,2.1666666666666665
IND493118AAC,IND495334AAB,Carting,55,1.5,1.6088706243251698,0.9454545454545454,0.45454545454545453,15.236363636363636,9.309090909090909,10.73236909090909,1.5
IND721501AAC,IND721253AAC,FTL,18,1.8376623376623376,1.9180401864566496,0.9444444444444444,0.9444444444444444,59.666666666666664,30.444444444444443,33.53867777777778,1.8376623376623376
IND335513AAA,IND335001AAA,FTL,18,1.8424242424242423,1.9581158810325476,0.9444444444444444,0.8888888888888888,31.0,16.38888888888889,20.927677777777777,1.8424242424242423
IND303108AAB,IND303106AAA,FTL,18,1.4722222222222223,1.820253451303503,0.9444444444444444,0.4444444444444444,25.833333333333332,14.88888888888889,21.790116666666666,1.4722222222222223
IND621211AAA,IND621010AAA,FTL,18,1.4880952380952381,1.6020683020683022,0.9444444444444444,0.4444444444444444,28.333333333333332,17.833333333333332,19.792661111111112,1.4880952380952381
IND600016AAB,IND600044AAC,Carting,90,2.0,2.306926006092673,0.9444444444444444,0.7555555555555555,19.044444444444444,8.28888888888889,9.742066666666668,2.0
IND600119AAA,IND600016AAC,Carting,18,2.1944444444444446,3.075428153717627,0.9444444444444444,0.8333333333333334,50.888888888888886,15.166666666666666,11.707633333333334,2.1944444444444446
IND605010AAB,IND600056AAB,FTL,18,1.7387914230019494,1.6649744288633177,0.9444444444444444,0.7222222222222222,35.44444444444444,21.27777777777778,25.36985,1.7387914230019494
IND342005AAD,IND344022AAB,FTL,18,1.4833333333333334,1.6939501175501983,0.9444444444444444,0.3888888888888889,28.833333333333332,16.555555555555557,23.525405555555555,1.4833333333333334
IND306401AAB,IND342005AAD,FTL,54,1.7142857142857142,1.9205390318156916,0.9444444444444444,0.7962962962962963,34.0,17.98148148148148,23.807409259259263,1.7142857142857142
IND505327AAA,IND505425AAA,FTL,18,1.368421052631579,3.7162500477773954,0.9444444444444444,0.4444444444444444,22.27777777777778,12.61111111111111,18.094166666666666,1.368421052631579
IND848210AAA,IND851127AAA,FTL,18,1.8461538461538463,2.64713654568727,0.9444444444444444,0.9444444444444444,48.05555555555556,24.666666666666668,27.172444444444444,1.8461538461538463
IND509358AAA,IND509324AAA,FTL,18,1.6228070175438596,1.9631598058326647,0.9444444444444444,0.6111111111111112,28.833333333333332,13.5,18.819211111111112,1.6228070175438596
IND209304AAA,IND208019AAA,Carting,36,3.4833333333333334,3.8211794443373392,0.9444444444444444,0.8888888888888888,40.638888888888886,9.972222222222221,10.960066666666668,3.4833333333333334
IND501359AAE,IND500039AAD,Carting,18,2.1483516483516483,2.171697420226832,0.9444444444444444,0.7777777777777778,25.61111111111111,12.055555555555555,13.40927222222222,2.1483516483516483
IND561203AAB,IND562101AAA,Carting,36,1.5,1.5946198092031425,0.9444444444444444,0.4444444444444444,12.972222222222221,8.25,9.11555,1.5
IND581119AAB,IND577002AAA,Carting,54,1.5,1.8394775581369784,0.9444444444444444,0.48148148148148145,23.944444444444443,13.444444444444445,14.39237037037037,1.5
IND421302AAG,IND462022AAA,FTL,358,1.919871794871795,2.1724170724010765,0.9441340782122905,0.7905027932960894,40.226256983240226,19.35754189944134,27.525646648044695,1.919871794871795
IND501359AAE,IND500010AAB,Carting,143,1.875,2.2645159846414358,0.9440559440559441,0.7692307692307693,34.29370629370629,13.20979020979021,17.973030769230768,1.875
IND473331AAA,IND473226AAA,FTL,35,2.027027027027027,4.920375565706077,0.9428571428571428,0.7714285714285715,316.6857142857143,38.885714285714286,37.38156571428571,2.027027027027027
IND764001AAC,IND764059AAA,Carting,35,2.0,4.270215419501134,0.9428571428571428,0.7428571428571429,17.314285714285713,5.714285714285714,8.80922,2.0
IND421302AAG,IND400015AAB,Carting,139,2.0,2.839716668223862,0.9424460431654677,0.8489208633093526,17.31654676258993,7.0071942446043165,9.816458992805757,2.0
IND245304AAA,IND201007AAA,Carting,52,2.5934065934065935,2.7414504832774065,0.9423076923076923,0.9423076923076923,23.115384615384617,9.01923076923077,8.615076923076924,2.5934065934065935
IND713364AAB,IND712311AAA,FTL,52,1.719607843137255,2.242698380482936,0.9423076923076923,0.8269230769230769,121.8076923076923,34.0,48.579948076923074,1.719607843137255
IND131028AAB,IND160002AAC,FTL,240,1.58359133126935,1.7141455570878272,0.9416666666666667,0.575,28.6625,17.154166666666665,24.28983291666667,1.58359133126935
IND786190AAA,IND792103AAB,Carting,34,1.7867647058823528,2.4694190421266544,0.9411764705882353,0.6764705882352942,19.764705882352942,9.147058823529411,12.942144117647059,1.7867647058823528
IND476111AAA,IND477001AAA,FTL,17,2.0526315789473686,2.000738618093856,0.9411764705882353,0.9411764705882353,33.294117647058826,18.0,22.701805882352943,2.0526315789473686
IND533106AAA,IND533308AAB,FTL,17,3.6666666666666665,3.6422482254550568,0.9411764705882353,0.9411764705882353,86.3529411764706,23.647058823529413,28.04305882352941,3.6666666666666665
IND121102AAA,IND121004AAB,Carting,51,2.0,3.481750246767349,0.9411764705882353,0.7647058823529411,28.45098039215686,8.254901960784315,10.833129411764705,2.0
IND501359AAE,IND509358AAA,FTL,34,1.5,2.1797215231903815,0.9411764705882353,0.47058823529411764,26.0,13.205882352941176,18.294867647058823,1.5
IND305001AAC,IND305901AAA,FTL,51,1.8888888888888888,1.9543337202531257,0.9411764705882353,0.6666666666666666,41.86274509803921,20.11764705882353,26.669039215686276,1.8888888888888888
IND125001AAA,IND335513AAA,FTL,51,1.7272727272727273,1.7625617554280815,0.9411764705882353,0.7058823529411765,36.6078431372549,21.313725490196077,25.59275882352941,1.7272727272727273
IND784168AAB,IND784176AAA,FTL,17,2.411764705882353,2.823451759444748,0.9411764705882353,0.9411764705882353,35.35294117647059,13.882352941176471,20.497917647058824,2.411764705882353
IND500039AAC,IND501359AAE,Carting,34,2.6363636363636362,4.314351511777982,0.9411764705882353,0.9117647058823529,75.58823529411765,14.147058823529411,16.01369411764706,2.6363636363636362
IND110037AAM,IND781018AAB,FTL,68,1.7507739938080495,2.2132371447075334,0.9411764705882353,0.7352941176470589,48.25,22.66176470588235,32.08030441176471,1.7507739938080495
IND313001AAB,IND306401AAB,FTL,117,1.9047619047619047,3.1184569033450313,0.9401709401709402,0.8803418803418803,41.81196581196581,20.017094017094017,27.43804957264957,1.9047619047619047
IND142001AAB,IND152026AAA,FTL,115,1.631578947368421,1.7988935093488194,0.9391304347826087,0.6782608695652174,26.06086956521739,15.217391304347826,20.027227826086953,1.631578947368421
IND585211AAA,IND585222AAA,Carting,49,1.5,2.0322257107971393,0.9387755102040817,0.4489795918367347,13.857142857142858,8.16326530612245,8.79028163265306,1.5
IND411036AAA,IND411033AAA,Carting,98,2.0,2.391924661542831,0.9387755102040817,0.7755102040816326,25.336734693877553,9.938775510204081,9.438335714285714,2.0
IND600056AAB,IND600016AAC,Carting,49,2.1,2.5555445121771654,0.9387755102040817,0.7755102040816326,20.632653061224488,8.36734693877551,9.912930612244898,2.1
IND723202AAA,IND713205AAB,FTL,97,1.7647058823529411,2.3688578261451023,0.9381443298969072,0.7319587628865979,46.845360824742265,21.329896907216494,25.265321649484534,1.7647058823529411
IND722122AAA,IND713205AAB,Carting,48,1.746031746031746,1.920208482963501,0.9375,0.625,23.958333333333332,11.958333333333334,14.497958333333335,1.746031746031746
IND570020AAA,IND571301AAA,FTL,16,1.9023809523809523,4.621347402597403,0.9375,0.9375,37.25,13.375,15.50384375,1.9023809523809523
IND585307AAB,IND585222AAA,Carting,16,1.4722222222222223,1.4454049422799424,0.9375,0.4375,12.625,8.8125,10.05898125,1.4722222222222223
IND431203AAA,IND431136AAC,Carting,16,1.8116883116883118,1.8434997294372293,0.9375,0.6875,12.5,7.3125,10.200825,1.8116883116883118
IND126112AAA,IND131028AAB,FTL,64,1.8888888888888888,2.5472008985791788,0.9375,0.90625,43.640625,17.796875,22.479896875,1.8888888888888888
IND784176AAA,IND781018AAB,FTL,32,2.0782828282828283,2.340768162864692,0.9375,0.875,53.625,24.625,33.687696875,2.0782828282828283
IND203135AAA,IND203390AAA,FTL,16,1.3958333333333333,1.6830520068699417,0.9375,0.4375,37.125,24.375,22.08254375,1.3958333333333333
IND244901AAB,IND243002AAA,FTL,48,1.825814536340852,3.0307667674710053,0.9375,0.8333333333333334,35.875,15.4375,21.10539375,1.825814536340852
IND621010AAA,IND621212AAA,FTL,32,1.4691666666666667,1.6853380994005993,0.9375,0.4375,27.40625,17.40625,18.929665625,1.4691666666666667
IND212601AAA,IND210001AAA,FTL,63,2.2941176470588234,2.696717665241917,0.9365079365079365,0.9047619047619048,36.333333333333336,15.015873015873016,21.480022222222225,2.2941176470588234
IND641062AAD,IND638401AAA,Carting,61,1.7142857142857142,1.8132205681386009,0.9344262295081968,0.7049180327868853,15.639344262295081,8.573770491803279,11.07627049180328,1.7142857142857142
IND577002AAA,IND581115AAC,Carting,76,2.0,2.47559202493413,0.9342105263157895,0.8026315789473685,17.57894736842105,7.197368421052632,9.573953947368421,2.0
IND160002AAC,IND143001AAA,FTL,121,1.85,1.9908258178747555,0.9338842975206612,0.8925619834710744,32.0,16.388429752066116,23.43607603305785,1.85
IND422103AAC,IND422605AAA,Carting,45,1.7142857142857142,1.9745454545454546,0.9333333333333333,0.7555555555555555,12.0,6.511111111111111,8.946995555555556,1.7142857142857142
IND562132AAA,IND577598AAC,FTL,60,1.5,1.6670847386368486,0.9333333333333333,0.48333333333333334,32.28333333333333,19.45,24.540048333333335,1.5
IND462011AAA,IND462022AAA,Carting,15,2.3636363636363638,2.7156177156177157,0.9333333333333333,0.9333333333333333,21.6,8.933333333333334,9.497440000000001,2.3636363636363638
IND370001AAA,IND370615AAB,FTL,15,1.608695652173913,1.799613831434916,0.9333333333333333,0.6666666666666666,41.13333333333333,23.2,25.479499999999998,1.608695652173913
IND586211AAA,IND586128AAA,Carting,15,1.7142857142857142,1.9257671957671958,0.9333333333333333,0.8666666666666667,16.466666666666665,9.133333333333333,9.694166666666666,1.7142857142857142
IND302004AAA,IND302014AAB,Carting,15,2.142857142857143,3.0647041847041847,0.9333333333333333,0.6666666666666666,29.933333333333334,8.533333333333333,9.483986666666668,2.142857142857143
IND131028AAB,IND247667AAA,FTL,30,1.6666666666666665,1.8436420605554855,0.9333333333333333,0.7,43.766666666666666,24.1,24.39828333333333,1.6666666666666665
IND244901AAB,IND244921AAB,Carting,15,1.8333333333333333,2.8899110149110148,0.9333333333333333,0.6666666666666666,23.733333333333334,10.533333333333333,10.217313333333333,1.8333333333333333
IND821307AAA,IND824101AAA,FTL,15,2.0,2.0860084033613444,0.9333333333333333,0.9333333333333333,20.2,10.666666666666666,15.583553333333333,2.0
IND480001AAA,IND480661AAA,FTL,30,1.4705882352941178,1.7477423526765632,0.9333333333333333,0.4666666666666667,28.7,16.7,24.176263333333335,1.4705882352941178
IND396580AAB,IND396321AAA,Carting,30,1.775,2.4865954207770065,0.9333333333333333,0.8333333333333334,28.333333333333332,8.033333333333333,11.372533333333333,1.775
IND422011AAD,IND421302AAG,FTL,105,1.8333333333333333,3.3128657332605664,0.9333333333333333,0.8476190476190476,57.89523809523809,19.104761904761904,27.343814285714284,1.8333333333333333
IND421302AAN,IND400072AAB,Carting,45,2.4285714285714284,2.5803342953342954,0.9333333333333333,0.8666666666666667,18.77777777777778,7.5777777777777775,9.960897777777777,2.4285714285714284
IND636705AAB,IND562132AAA,FTL,30,1.4402298850574713,1.681503041835215,0.9333333333333333,0.4666666666666667,45.6,27.566666666666666,28.922393333333332,1.4402298850574713
IND263601AAA,IND262501AAA,FTL,30,1.7211538461538463,2.2035802649945553,0.9333333333333333,0.7,80.23333333333333,40.266666666666666,37.48499666666667,1.7211538461538463
IND670643AAA,IND673632AAA,Carting,45,1.8,2.2250030216696883,0.9333333333333333,0.8,18.977777777777778,9.822222222222223,10.463342222222222,1.8
IND712311AAA,IND712410AAC,FTL,15,3.3333333333333335,5.5621338413147,0.9333333333333333,0.9333333333333333,107.6,25.733333333333334,28.35879333333333,3.3333333333333335
IND574221AAA,IND562132AAA,FTL,59,1.7297297297297298,2.0210638595325685,0.9322033898305084,0.5932203389830508,55.86440677966102,27.23728813559322,34.58458983050848,1.7297297297297298
IND121004AAB,IND121001AAA,Carting,29,1.7,1.7825311661518557,0.9310344827586207,0.7931034482758621,16.689655172413794,9.413793103448276,10.078586206896551,1.7
IND530043AAA,IND531163AAA,Carting,29,1.6363636363636365,1.6286458751975992,0.9310344827586207,0.6206896551724138,15.206896551724139,9.551724137931034,9.240168965517242,1.6363636363636365
IND680587AAA,IND683511AAA,Carting,29,1.8333333333333333,2.2006472341201655,0.9310344827586207,0.7241379310344828,29.310344827586206,13.310344827586206,13.823472413793104,1.8333333333333333
IND515201AAA,IND515134AAA,Carting,29,1.6666666666666667,2.573231429288598,0.9310344827586207,0.6551724137931034,19.862068965517242,9.655172413793103,10.762751724137932,1.6666666666666667
IND000000ACB,IND282002AAD,FTL,72,1.6485294117647058,1.9503725710967228,0.9305555555555556,0.6111111111111112,34.90277777777778,18.13888888888889,24.153019444444443,1.6485294117647058
IND110037AAM,IND110035AAC,Carting,71,1.9090909090909092,2.777860246170105,0.9295774647887324,0.7323943661971831,31.380281690140844,11.183098591549296,10.424338028169014,1.9090909090909092
IND751002AAB,IND562132AAA,FTL,706,1.7647058823529411,2.1526151017049315,0.9291784702549575,0.7436260623229461,43.522662889518415,20.97025495750708,29.028971529745043,1.7647058823529411
IND000000AFT,IND421302AAG,Carting,28,2.326470588235294,3.0335203677092606,0.9285714285714286,0.9285714285714286,43.107142857142854,11.535714285714286,12.675739285714286,2.326470588235294
IND759122AAC,IND767017AAA,Carting,14,1.7888888888888888,1.902865388579674,0.9285714285714286,0.7142857142857143,18.285714285714285,22.142857142857142,26.592899999999997,1.7888888888888888
IND332001AAB,IND333042AAA,FTL,28,1.6181818181818182,3.4849652105961235,0.9285714285714286,0.5714285714285714,36.392857142857146,17.107142857142858,17.48808214285714,1.6181818181818182
IND144040AAA,IND144001AAB,FTL,14,2.025,2.2010001608298824,0.9285714285714286,0.9285714285714286,28.857142857142858,13.928571428571429,19.337542857142857,2.025
IND312605AAB,IND313001AAB,FTL,42,1.7777272727272728,2.0787988621674978,0.9285714285714286,0.7857142857142857,54.38095238095238,29.61904761904762,27.87314285714286,1.7777272727272728
IND303106AAA,IND303002AAA,FTL,14,1.5,1.68468536537422,0.9285714285714286,0.42857142857142855,20.142857142857142,13.0,17.990685714285714,1.5
IND581325AAA,IND580028AAA,FTL,42,1.8229166666666665,1.8487013633902238,0.9285714285714286,0.8333333333333334,44.45238095238095,23.952380952380953,28.480319047619044,1.8229166666666665
IND431131AAB,IND431603AAA,Carting,14,1.875,6.39017847232133,0.9285714285714286,0.7857142857142857,64.21428571428571,9.285714285714286,11.192164285714286,1.875
IND431517AAB,IND411033AAA,FTL,151,2.2857142857142856,2.557033940171547,0.9271523178807947,0.8079470198675497,50.45695364238411,21.47682119205298,28.58794701986755,2.2857142857142856
IND608301AAA,IND639104AAB,FTL,96,1.8441295546558705,1.8360068130847893,0.9270833333333334,0.6979166666666666,35.145833333333336,19.6875,24.94689375,1.8441295546558705
IND520011AAA,IND521185AAA,Carting,41,1.6666666666666667,2.162780241438778,0.926829268292683,0.8048780487804879,14.048780487804878,7.170731707317073,10.364660975609755,1.6666666666666667
IND712311AAA,IND721306AAA,FTL,68,1.875,2.050675870227071,0.9264705882352942,0.8088235294117647,43.588235294117645,22.323529411764707,29.47832794117647,1.875
IND751002AAB,IND712311AAA,FTL,420,1.75,2.3998660227143387,0.9261904761904762,0.7476190476190476,43.23095238095238,18.964285714285715,26.08167095238095,1.75
IND68004AAA,IND678683AAA,FTL,27,2.1666666666666665,2.689398122731456,0.9259259259259259,0.6296296296296297,59.148148148148145,18.88888888888889,17.05662592592593,2.1666666666666665
IND518002AAA,IND584101AAA,FTL,54,1.6276923076923078,1.6474724524054667,0.9259259259259259,0.6296296296296297,41.25925925925926,26.037037037037038,28.944464814814815,1.6276923076923078
IND342301AAA,IND342005AAD,FTL,54,1.9,4.18723512180324,0.9259259259259259,0.6851851851851852,179.2962962962963,33.25925925925926,43.52471851851852,1.9
IND245304AAA,IND245101AAA,Carting,27,1.8461538461538463,2.225227640913915,0.9259259259259259,0.7407407407407407,13.851851851851851,7.851851851851852,7.747781481481481,1.8461538461538463
IND462022AAA,IND209304AAA,FTL,525,1.76,2.08536558934466,0.9257142857142857,0.7238095238095238,39.59238095238095,20.95047619047619,28.626042095238095,1.76
IND600056AAB,IND501359AAE,FTL,161,1.6956521739130435,1.9014848279595076,0.9254658385093167,0.7142857142857143,37.24844720496895,21.51552795031056,29.68485403726708,1.6956521739130435
IND600110AAA,IND600056AAB,Carting,40,1.6961538461538461,1.8782968991792521,0.925,0.775,22.125,12.15,12.9825925,1.6961538461538461
IND121001AAA,IND121004AAB,Carting,40,2.0,2.8291666666666666,0.925,0.8,18.35,7.425,8.1629925,2.0
IND322201AAA,IND303503AAA,Carting,53,1.6666666666666667,1.9927173804532297,0.9245283018867925,0.660377358490566,11.49056603773585,6.320754716981132,9.708843396226415,1.6666666666666667
IND465683AAA,IND465001AAA,FTL,39,1.4,1.6807681131886818,0.9230769230769231,0.4358974358974359,39.0,22.46153846153846,18.419266666666665,1.4
IND223101AAB,IND222125AAB,FTL,13,1.826086956521739,2.116246072767812,0.9230769230769231,0.8461538461538461,28.46153846153846,14.307692307692308,15.906838461538463,1.826086956521739
IND243201AAA,IND262001AAA,Carting,13,1.8,2.0666389454850993,0.9230769230769231,0.8461538461538461,26.923076923076923,13.0,13.826984615384616,1.8
IND322241AAA,IND322201AAA,Carting,52,1.873015873015873,2.60776862026862,0.9230769230769231,0.6538461538461539,13.942307692307692,6.288461538461538,9.269576923076924,1.873015873015873
IND683565AAA,IND683511AAA,Carting,26,1.7774725274725274,1.8332488024795717,0.9230769230769231,0.8076923076923077,18.26923076923077,9.461538461538462,7.7479000000000005,1.7774725274725274
IND722202AAA,IND722101AAC,Carting,13,1.5,1.4821123321123322,0.9230769230769231,0.38461538461538464,13.0,8.461538461538462,9.873169230769232,1.5
IND606801AAB,IND632006AAA,FTL,39,2.0,2.335198222424493,0.9230769230769231,0.7692307692307693,46.35897435897436,18.333333333333332,21.728892307692306,2.0
IND712310AAE,IND711303AAA,Carting,90,2.0,2.686010501843835,0.9222222222222223,0.7777777777777778,20.788888888888888,8.933333333333334,11.73474888888889,2.0
IND712311AAA,IND700053AAA,Carting,38,2.8562091503267975,3.5040677135787766,0.9210526315789473,0.9210526315789473,41.0,12.31578947368421,12.042863157894738,2.8562091503267975
IND485001AAC,IND486771AAA,FTL,25,2.409090909090909,4.284989652127811,0.92,0.88,123.88,29.96,32.864132,2.409090909090909
IND472001AAA,IND474003AAA,FTL,25,2.375,2.608769493221672,0.92,0.8,59.88,30.08,34.267123999999995,2.375
IND562132AAA,IND583101AAA,FTL,100,1.474937343358396,1.5522209224242476,0.92,0.46,34.56,21.52,29.300955,1.474937343358396
IND321022AAA,IND121004AAB,Carting,75,2.0,3.063627688406392,0.92,0.7733333333333333,30.346666666666668,11.013333333333334,13.968794666666666,2.0
IND524003AAA,IND501359AAE,FTL,237,1.5294117647058822,1.6897518444229964,0.919831223628692,0.5443037974683544,35.82700421940928,21.81856540084388,28.11217341772152,1.5294117647058822
IND802158AAB,IND821115AAB,FTL,37,2.128205128205128,3.2881843356436993,0.918918918918919,0.8648648648648649,51.4054054054054,20.81081081081081,25.676143243243242,2.128205128205128
IND691551AAA,IND691001AAB,Carting,74,1.9090909090909092,2.550542783611669,0.918918918918919,0.7837837837837838,41.945945945945944,12.22972972972973,12.125302702702703,1.9090909090909092
IND500080AAB,IND501359AAE,Carting,61,1.8888888888888888,3.7725279658787287,0.9180327868852459,0.7540983606557377,38.868852459016395,9.754098360655737,10.248760655737705,1.8888888888888888
IND382430AAB,IND000000ACB,FTL,558,1.6363636363636365,3.515423626764646,0.9175627240143369,0.6272401433691757,39.96057347670251,19.799283154121863,27.7092082437276,1.6363636363636365
IND000000ACA,IND142001AAB,FTL,36,1.5147058823529411,1.5977845450790094,0.9166666666666666,0.5,24.25,15.61111111111111,20.025850000000002,1.5147058823529411
IND000000ACA,IND142401AAA,FTL,24,2.3333333333333335,2.9186329499748616,0.9166666666666666,0.625,25.333333333333332,10.916666666666666,15.799879166666665,2.3333333333333335
IND501359AAE,IND503111AAC,FTL,12,1.3578947368421053,1.43222746961593,0.9166666666666666,0.16666666666666666,30.166666666666668,20.666666666666668,28.520916666666665,1.3578947368421053
IND521185AAA,IND521225AAB,Carting,36,1.7142857142857142,2.1477775832555244,0.9166666666666666,0.6666666666666666,19.22222222222222,8.833333333333334,11.770000000000001,1.7142857142857142
IND742102AAB,IND713130AAA,Carting,84,1.8181818181818181,3.3984429214028054,0.9166666666666666,0.7619047619047619,29.94047619047619,15.25,20.61294404761905,1.8181818181818181
IND160002AAC,IND147105AAA,FTL,12,1.7655677655677655,2.247670385170385,0.9166666666666666,0.75,48.083333333333336,21.333333333333332,26.103158333333337,1.7655677655677655
IND530012AAA,IND535001AAA,Carting,12,2.071428571428571,2.599935064935065,0.9166666666666666,0.9166666666666666,41.0,14.833333333333334,18.563433333333332,2.071428571428571
IND781018AAB,IND784125AAA,FTL,12,1.8694444444444445,1.774999301714988,0.9166666666666666,0.6666666666666666,37.083333333333336,21.583333333333332,26.866091666666666,1.8694444444444445
IND301001AAB,IND302014AAA,FTL,12,1.6980392156862745,4.833930562832468,0.9166666666666666,0.5833333333333334,50.833333333333336,22.0,26.786191666666667,1.6980392156862745
IND305802AAA,IND341512AAA,FTL,12,2.1059782608695654,2.197836855173812,0.9166666666666666,0.9166666666666666,37.75,17.666666666666668,19.636083333333335,2.1059782608695654
IND332713AAA,IND332709AAA,FTL,12,1.7596153846153846,2.228169515669516,0.9166666666666666,0.5833333333333334,48.75,27.833333333333332,28.83713333333333,1.7596153846153846
IND327001AAB,IND312605AAB,FTL,12,1.4558823529411766,1.4112400669356517,0.9166666666666666,0.25,28.583333333333332,20.25,29.386925,1.4558823529411766
IND673632AAA,IND683511AAA,FTL,36,1.5857142857142859,1.6566225379677046,0.9166666666666666,0.5555555555555556,48.52777777777778,30.13888888888889,28.222105555555558,1.5857142857142859
IND689650AAA,IND690548AAA,Carting,12,1.75,1.8923992673992673,0.9166666666666666,0.8333333333333334,16.75,10.166666666666666,10.711525,1.75
IND380006AAA,IND382430AAB,Carting,36,1.6666666666666667,2.9394400352733685,0.9166666666666666,0.6111111111111112,12.61111111111111,5.75,7.500833333333333,1.6666666666666667
IND121004AAC,IND121004AAB,Carting,12,2.2222222222222223,4.597222222222222,0.9166666666666666,0.8333333333333334,31.916666666666668,7.25,8.587783333333332,2.2222222222222223
IND500008AAC,IND501359AAE,Carting,24,2.7027972027972025,4.921757856676336,0.9166666666666666,0.8333333333333334,81.16666666666667,12.583333333333334,13.574325,2.7027972027972025
IND500008AAD,IND501359AAE,Carting,12,2.2214285714285715,3.9865317674528202,0.9166666666666666,0.9166666666666666,56.5,12.75,13.028933333333335,2.2214285714285715
IND533106AAA,IND533242AAA,FTL,12,2.9333333333333336,2.6415303344304317,0.9166666666666666,0.6666666666666666,80.25,30.416666666666668,30.089366666666667,2.9333333333333336
IND533106AAA,IND533262AAA,FTL,12,2.286231884057971,2.7219281322542197,0.9166666666666666,0.9166666666666666,62.666666666666664,23.166666666666668,26.605658333333334,2.286231884057971
IND821115AAB,IND802101AAA,FTL,24,2.0,3.1473971479567595,0.9166666666666666,0.7083333333333334,41.833333333333336,20.958333333333332,26.484308333333335,2.0
IND500039AAC,IND500035AAD,Carting,12,2.6363636363636362,3.4011613386613386,0.9166666666666666,0.9166666666666666,25.916666666666668,9.0,9.069725,2.6363636363636362
IND413709AAA,IND423701AAB,Carting,12,2.3166666666666664,2.204054279054279,0.9166666666666666,0.8333333333333334,21.666666666666668,9.75,8.982616666666667,2.3166666666666664
IND562108AAA,IND572101AAA,Carting,12,1.7888888888888888,2.4529912217412218,0.9166666666666666,0.6666666666666666,22.083333333333332,9.333333333333334,11.024808333333333,1.7888888888888888
IND203135AAA,IND203396AAB,FTL,36,1.52,2.2904872965122007,0.9166666666666666,0.5277777777777778,32.27777777777778,18.583333333333332,18.451275,1.52
IND000000ACB,IND110024AAA,Carting,36,1.7571428571428571,2.163602102685565,0.9166666666666666,0.6944444444444444,22.36111111111111,11.416666666666666,11.905825,1.7571428571428571
IND382421AAA,IND382430AAB,Carting,59,2.125,4.059829405185727,0.9152542372881356,0.8813559322033898,36.440677966101696,10.169491525423728,13.229325423728815,2.125
IND843105AAB,IND848101AAA,FTL,35,2.1052631578947367,3.1168671679198,0.9142857142857143,0.9142857142857143,27.771428571428572,11.17142857142857,15.97834,2.1052631578947367
IND413304AAA,IND413002AAA,Carting,35,1.8571428571428572,1.9487414965986396,0.9142857142857143,0.8571428571428571,14.285714285714286,7.3428571428571425,10.549548571428572,1.8571428571428572
IND411033AAA,IND000000AAL,Carting,35,2.4545454545454546,2.859112156701719,0.9142857142857143,0.9142857142857143,40.94285714285714,13.628571428571428,12.97502857142857,2.4545454545454546
IND382430AAB,IND380005AAA,Carting,104,1.875,2.5022002836906685,0.9134615384615384,0.75,18.471153846153847,8.336538461538462,10.905377884615385,1.875
IND530012AAA,IND532001AAB,Carting,264,1.6666666666666667,1.8186475141020595,0.9128787878787878,0.6401515151515151,13.147727272727273,7.212121212121212,10.2489,1.6666666666666667
IND395023AAD,IND395006AAA,Carting,34,1.8846153846153846,1.961581555699203,0.9117647058823529,0.9117647058823529,21.323529411764707,10.764705882352942,12.099041176470587,1.8846153846153846
IND413304AAA,IND415301AAB,Carting,34,1.452991452991453,1.5391206016206016,0.9117647058823529,0.3235294117647059,13.088235294117647,8.852941176470589,10.006729411764706,1.452991452991453
IND421302AAG,IND000000ACB,FTL,1268,1.6963109354413701,1.9225810841951816,0.9108832807570978,0.6774447949526814,39.73422712933754,21.42902208201893,28.920103627760255,1.6963109354413701
IND206122AAA,IND206001AAA,FTL,56,1.4375,1.4713736834441746,0.9107142857142857,0.35714285714285715,24.446428571428573,17.357142857142858,25.300939285714286,1.4375
IND400102AAB,IND421302AAG,Carting,56,1.95,4.188667762728822,0.9107142857142857,0.8392857142857143,39.69642857142857,10.607142857142858,11.976719642857143,1.95
IND421302AAG,IND834002AAB,FTL,246,1.8229166666666665,2.0569314218482595,0.9105691056910569,0.8008130081300813,42.71951219512195,24.264227642276424,33.39192398373984,1.8229166666666665
IND226004AAA,IND226016AAA,Carting,11,3.0,3.2820227220944926,0.9090909090909091,0.9090909090909091,48.36363636363637,13.727272727272727,17.08600909090909,3.0
IND781018AAB,IND785621AAA,FTL,11,1.8823529411764706,1.8853229380776524,0.9090909090909091,0.8181818181818182,40.27272727272727,23.454545454545453,32.67944545454546,1.8823529411764706
IND400015AAB,IND400072AAB,Carting,11,3.8,3.6747227519954793,0.9090909090909091,0.9090909090909091,38.54545454545455,10.727272727272727,13.291527272727272,3.8
IND611001AAA,IND610001AAA,FTL,11,2.1875,2.319890077243018,0.9090909090909091,0.9090909090909091,38.18181818181818,15.727272727272727,22.023881818181817,2.1875
IND792001AAA,IND786001AAB,Carting,11,2.2,2.561763236763237,0.9090909090909091,0.7272727272727273,31.818181818181817,13.272727272727273,18.273600000000002,2.2
IND281121AAB,IND110037AAM,FTL,66,1.7703488372093024,1.9708308269266215,0.9090909090909091,0.8181818181818182,56.92424242424242,26.12121212121212,33.55564242424242,1.7703488372093024
IND362225AAA,IND362265AAA,Carting,22,1.8285714285714287,1.799025974025974,0.9090909090909091,0.8636363636363636,13.090909090909092,7.090909090909091,10.455786363636363,1.8285714285714287
IND500050AAA,IND501218AAC,Carting,11,2.111111111111111,3.792018424716372,0.9090909090909091,0.7272727272727273,66.54545454545455,16.272727272727273,18.298218181818182,2.111111111111111
IND501359AAE,IND500039AAC,Carting,33,1.75,1.7689788326151963,0.9090909090909091,0.6363636363636364,19.0,10.757575757575758,12.312157575757576,1.75
IND521225AAB,IND501359AAE,FTL,132,1.643181818181818,1.82193279369282,0.9090909090909091,0.6060606060606061,39.06818181818182,21.84090909090909,27.16783106060606,1.643181818181818
IND507159AAA,IND507002AAA,FTL,11,2.111111111111111,8.854284407542922,0.9090909090909091,0.9090909090909091,163.54545454545453,17.636363636363637,23.346572727272726,2.111111111111111
IND412105AAC,IND411017AAA,Carting,65,2.1,2.3704439150592997,0.9076923076923077,0.8307692307692308,19.523076923076925,8.092307692307692,9.453901538461539,2.1
IND000000ACB,IND382430AAB,FTL,556,1.6,2.024096202752729,0.9064748201438849,0.579136690647482,35.381294964028775,19.782374100719423,27.362387230215827,1.6
IND721134AAB,IND721139AAC,Carting,32,1.625,1.8058035714285714,0.90625,0.5625,14.3125,8.34375,9.780459375,1.625
IND000000ACB,IND842001AAA,FTL,720,1.631578947368421,1.8860546915462424,0.9055555555555556,0.6236111111111111,39.477777777777774,22.29861111111111,31.289402916666667,1.631578947368421
IND395023AAA,IND382430AAB,FTL,201,1.5263157894736843,1.7599196999797715,0.9054726368159204,0.5223880597014925,35.766169154228855,21.124378109452735,29.35451144278607,1.5263157894736843
IND560300AAB,IND563101AAB,Carting,74,1.6333333333333333,1.741627277153593,0.9054054054054054,0.5945945945945946,19.66216216216216,10.405405405405405,13.939625675675677,1.6333333333333333
IND683511AAA,IND686028AAB,FTL,21,1.5806451612903225,2.304916778815944,0.9047619047619048,0.5714285714285714,62.285714285714285,30.0,28.860385714285712,1.5806451612903225
IND224001AAA,IND224141AAB,Carting,42,3.0,3.264115646258504,0.9047619047619048,0.8809523809523809,20.857142857142858,6.357142857142857,9.342088095238095,3.0
IND273014AAB,IND273155AAA,Carting,21,1.8333333333333333,2.857300387093411,0.9047619047619048,0.7619047619047619,25.333333333333332,10.952380952380953,16.305666666666667,1.8333333333333333
IND451666AAA,IND421302AAG,FTL,31,2.3333333333333335,2.5175169303714697,0.9032258064516129,0.8387096774193549,45.096774193548384,17.967741935483872,25.95534193548387,2.3333333333333335
IND000000ADV,IND600044AAC,Carting,72,1.5,1.5749430047530537,0.9027777777777778,0.4305555555555556,19.25,12.305555555555555,12.975490277777778,1.5
IND000000ACB,IND712311AAA,FTL,2828,1.6470588235294117,2.079608903428487,0.9027581329561527,0.6488684582743989,36.45473833097596,19.214285714285715,27.053295226308347,1.6470588235294117
IND160002AAC,IND151001AAA,FTL,113,1.5333333333333334,1.8099755013187193,0.9026548672566371,0.5398230088495575,35.92920353982301,21.079646017699115,27.487340707964602,1.5333333333333334
IND416602AAC,IND411033AAA,FTL,82,1.6754385964912282,2.2688349149519347,0.9024390243902439,0.6219512195121951,60.02439024390244,25.158536585365855,31.229153658536582,1.6754385964912282
IND610001AAA,IND614715AAA,Carting,51,1.6666666666666667,1.8518054385701443,0.9019607843137255,0.7254901960784313,13.431372549019608,7.862745098039215,9.022123529411765,1.6666666666666667
IND560300AAA,IND563130AAA,Carting,10,1.873015873015873,1.8463125763125763,0.9,0.8,16.5,8.9,11.45794,1.873015873015873
IND786001AAB,IND792103AAB,Carting,10,1.9,2.1635531135531134,0.9,0.8,18.0,8.5,12.07084,1.9
IND641062AAD,IND641001AAA,Carting,10,2.916666666666667,2.875238095238095,0.9,0.9,29.9,11.1,11.17229,2.916666666666667
IND000000AFT,IND400072AAB,Carting,20,2.0,1.9107142857142858,0.9,0.9,17.6,9.0,10.30523,2.0
IND335001AAA,IND125104AAA,FTL,40,1.5238095238095237,1.646558238058238,0.9,0.525,37.375,23.125,25.1024575,1.5238095238095237
IND125001AAA,IND335523AAB,FTL,20,1.7638888888888888,2.0331341794759927,0.9,0.7,73.55,35.75,38.28241,1.7638888888888888
IND641001AAA,IND641062AAD,Carting,10,1.7777777777777777,4.225763125763125,0.9,0.6,43.4,10.3,9.980459999999999,1.7777777777777777
IND620020AAA,IND621112AAA,Carting,50,1.9375,1.9362619047619045,0.9,0.82,12.0,6.32,8.032432,1.9375
IND000000ACB,IND127021AAA,FTL,10,1.9283088235294117,3.2559256100559346,0.9,0.7,38.1,21.6,24.630959999999998,1.9283088235294117
IND382430AAB,IND395023AAA,FTL,300,1.632456140350877,1.8664732222947673,0.9,0.65,36.62,20.7,28.312956333333332,1.632456140350877
IND561207AAB,IND572101AAA,Carting,10,1.8,2.0862026862026863,0.9,0.7,22.9,10.4,10.719759999999999,1.8
IND395023AAA,IND421302AAG,FTL,30,1.9285714285714286,2.3341151255186072,0.9,0.7,48.3,20.6,26.947263333333336,1.9285714285714286
IND501141AAA,IND501101AAB,Carting,20,1.595959595959596,1.6412605450105449,0.9,0.55,16.4,10.0,9.83841,1.595959595959596
IND584101AAA,IND584123AAA,Carting,10,1.4642857142857144,1.5926298701298702,0.9,0.3,12.9,8.2,9.43511,1.4642857142857144
IND160002AAC,IND110037AAM,FTL,90,1.836021505376344,1.906646568749117,0.9,0.8111111111111111,33.455555555555556,18.77777777777778,23.515366666666665,1.836021505376344
IND600032AAB,IND600056AAB,Carting,246,1.7777777777777777,2.0633225288713093,0.8983739837398373,0.6788617886178862,18.979674796747968,8.747967479674797,10.172661382113821,1.7777777777777777
IND421302AAG,IND160002AAC,FTL,59,1.6470588235294117,1.7721930664784167,0.8983050847457628,0.559322033898305,36.40677966101695,20.593220338983052,28.072861016949155,1.6470588235294117
IND562132AAA,IND411033AAA,FTL,442,1.5294117647058822,1.769934076268938,0.8981900452488688,0.5407239819004525,30.502262443438916,18.782805429864254,25.05374027149321,1.5294117647058822
IND751002AAB,IND530012AAA,FTL,176,1.5714285714285714,1.920402647129074,0.8977272727272727,0.6022727272727273,31.232954545454547,19.0625,26.640673295454544,1.5714285714285714
IND421302AAG,IND131028AAB,FTL,740,1.6,1.8226598225398571,0.8972972972972973,0.6148648648648649,37.13918918918919,21.01081081081081,28.31738337837838,1.6
IND533401AAA,IND533106AAA,FTL,68,1.9411764705882353,2.2806525011568493,0.8970588235294118,0.7647058823529411,39.294117647058826,18.11764705882353,25.148664705882354,1.9411764705882353
IND500050AAA,IND501359AAE,Carting,68,2.0,3.4105357141595416,0.8970588235294118,0.7058823529411765,37.98529411764706,9.75,11.436204411764706,2.0
IND781018AAB,IND793001AAA,FTL,29,2.1923076923076925,2.1384747151654486,0.896551724137931,0.8275862068965517,67.89655172413794,34.13793103448276,43.91144827586207,2.1923076923076925
IND144401AAB,IND144001AAB,Carting,29,2.0,2.4008577629267287,0.896551724137931,0.7931034482758621,12.482758620689655,5.862068965517241,7.748586206896552,2.0
IND560300AAA,IND563101AAB,Carting,29,1.6666666666666667,2.0529872648021468,0.896551724137931,0.6206896551724138,18.275862068965516,9.344827586206897,12.838806896551723,1.6666666666666667
IND756100AAC,IND758001AAA,FTL,19,2.0588235294117645,7.588532777365495,0.8947368421052632,0.8947368421052632,76.52631578947368,35.10526315789474,47.03853157894737,2.0588235294117645
IND756100AAC,IND758034AAA,FTL,76,2.0694444444444446,2.870534965700503,0.8947368421052632,0.8552631578947368,73.80263157894737,32.38157894736842,43.65594736842105,2.0694444444444446
IND209304AAA,IND209801AAA,Carting,85,2.0,3.432433475979659,0.8941176470588236,0.8117647058823529,28.352941176470587,14.505882352941176,19.810402352941175,2.0
IND306401AAB,IND302014AAA,FTL,216,1.6470588235294117,1.8997488905269426,0.8935185185185185,0.6111111111111112,33.01851851851852,17.800925925925927,25.181023148148146,1.6470588235294117
IND390020AAA,IND391110AAD,Carting,28,1.9375,2.8038603261817547,0.8928571428571429,0.7857142857142857,17.714285714285715,8.178571428571429,8.723464285714286,1.9375
IND131028AAB,IND110037AAM,Carting,28,2.2222222222222223,2.3356898876700365,0.8928571428571429,0.7857142857142857,33.607142857142854,14.642857142857142,12.920792857142857,2.2222222222222223
IND600056AAB,IND600110AAA,Carting,112,1.688259109311741,1.890327775233514,0.8928571428571429,0.6517857142857143,24.482142857142858,12.142857142857142,13.056574107142856,1.688259109311741
IND847103AAA,IND847404AAB,FTL,37,1.9642857142857142,2.4899831055003467,0.8918918918918919,0.8378378378378378,34.891891891891895,16.37837837837838,16.708181081081083,1.9642857142857142
IND786001AAB,IND786602AAA,Carting,46,1.5555555555555556,1.7106705492575058,0.8913043478260869,0.5217391304347826,16.804347826086957,9.434782608695652,10.458282608695653,1.5555555555555556
IND680012AAA,IND679303AAA,Carting,55,1.3846153846153846,1.4746585737494828,0.8909090909090909,0.2727272727272727,16.87272727272727,11.472727272727273,11.880485454545454,1.3846153846153846
IND160002AAC,IND173212AAA,FTL,55,1.608695652173913,1.979760441685222,0.8909090909090909,0.6181818181818182,62.236363636363635,29.145454545454545,31.97078727272727,1.608695652173913
IND501359AAE,IND462022AAA,FTL,611,1.75,2.021364737794625,0.8903436988543372,0.7021276595744681,41.759410801963995,21.432078559738134,30.700994926350244,1.75
IND501359AAE,IND413002AAA,FTL,136,1.9131944444444444,3.2515686733627525,0.8897058823529411,0.7794117647058824,41.830882352941174,19.78676470588235,26.4874,1.9131944444444444
IND306401AAB,IND305001AAC,Carting,317,1.9090909090909092,2.890267354023749,0.889589905362776,0.7949526813880127,22.009463722397477,9.135646687697161,13.060531230283912,1.9090909090909092
IND841405AAA,IND841301AAC,Carting,9,1.8571428571428572,1.8858465608465609,0.8888888888888888,0.5555555555555556,19.666666666666668,11.555555555555555,13.281766666666666,1.8571428571428572
IND518002AAA,IND509124AAA,FTL,9,1.5454545454545454,1.5547973516400018,0.8888888888888888,0.6666666666666666,48.44444444444444,26.444444444444443,30.316955555555555,1.5454545454545454
IND505209AAA,IND505001AAB,FTL,9,1.894736842105263,2.747238466536712,0.8888888888888888,0.5555555555555556,42.0,15.0,21.307277777777777,1.894736842105263
IND600116AAB,IND600056AAB,Carting,9,2.1,2.353174603174603,0.8888888888888888,0.7777777777777778,20.555555555555557,8.777777777777779,10.619755555555555,2.1
IND834002AAB,IND825102AAA,Carting,9,1.8461538461538463,2.508354568137177,0.8888888888888888,0.6666666666666666,26.666666666666668,11.444444444444445,12.267744444444444,1.8461538461538463
IND605601AAA,IND600056AAB,FTL,36,1.5750000000000002,1.6354148935351491,0.8888888888888888,0.6111111111111112,34.083333333333336,21.13888888888889,26.298677777777776,1.5750000000000002
IND683511AAA,IND68004AAA,FTL,27,1.3333333333333333,8.036034983914261,0.8888888888888888,0.4074074074074074,48.81481481481482,23.11111111111111,25.960825925925928,1.3333333333333333
IND301019AAA,IND301705AAA,FTL,18,2.7381404174573056,3.1808272765413537,0.8888888888888888,0.8888888888888888,53.111111111111114,16.444444444444443,19.73907222222222,2.7381404174573056
IND501359AAE,IND518002AAA,FTL,126,1.4666666666666666,1.8014546534813543,0.8888888888888888,0.4444444444444444,31.896825396825395,18.658730158730158,26.735686507936506,1.4666666666666666
IND441904AAB,IND441912AAA,Carting,36,1.6,1.9746101891935224,0.8888888888888888,0.5833333333333334,18.416666666666668,9.36111111111111,10.525572222222221,1.6
IND362220AAA,IND362225AAA,Carting,18,2.0,2.0043000028294147,0.8888888888888888,0.7777777777777778,16.11111111111111,7.944444444444445,9.409416666666665,2.0
IND751015AAA,IND752056AAA,Carting,18,2.0,2.1748556998556996,0.8888888888888888,0.7222222222222222,13.666666666666666,6.444444444444445,8.723199999999999,2.0
IND733102AAA,IND732103AAB,Carting,9,1.8,2.3384831218164552,0.8888888888888888,0.8888888888888888,26.88888888888889,10.88888888888889,13.234122222222222,1.8
IND473226AAA,IND473001AAA,FTL,18,1.3541666666666665,1.9425129095040106,0.8888888888888888,0.3333333333333333,35.888888888888886,21.333333333333332,17.9471,1.3541666666666665
IND421302AAG,IND422011AAD,FTL,126,1.7058823529411764,2.2021009138437724,0.8888888888888888,0.7936507936507936,28.38095238095238,16.00793650793651,23.007348412698413,1.7058823529411764
IND504208AAB,IND505001AAB,FTL,18,1.5755517826825127,2.0319839166890934,0.8888888888888888,0.5,47.55555555555556,23.0,29.70776111111111,1.5755517826825127
IND504215AAA,IND505001AAB,FTL,45,1.6363636363636365,2.0760216743322397,0.8888888888888888,0.6,41.82222222222222,19.266666666666666,21.742373333333333,1.6363636363636365
IND811399AAA,IND209304AAA,FTL,170,1.5,1.6683618367586739,0.888235294117647,0.48823529411764705,31.58823529411765,19.205882352941178,26.32938176470588,1.5
IND000000ACB,IND421302AAG,FTL,1615,1.6470588235294117,1.8477689059458666,0.886687306501548,0.6427244582043343,38.42724458204334,21.647678018575853,28.604296160990714,1.6470588235294117
IND523002AAA,IND600056AAB,FTL,141,1.6666666666666667,1.7062414965684587,0.8865248226950354,0.7304964539007093,33.851063829787236,21.141843971631207,28.265630496453902,1.6666666666666667
IND322230AAA,IND322241AAA,Carting,44,1.6904761904761905,2.3626682660773572,0.8863636363636364,0.5909090909090909,14.795454545454545,8.727272727272727,10.287211363636363,1.6904761904761905
IND313001AAB,IND382430AAB,FTL,140,1.8333333333333333,2.171807995667293,0.8857142857142857,0.7071428571428572,41.378571428571426,20.45,29.41621857142857,1.8333333333333333
IND000000ACB,IND124112AAA,FTL,35,1.5769230769230769,2.653326394653936,0.8857142857142857,0.6,41.457142857142856,22.457142857142856,23.746257142857143,1.5769230769230769
IND585104AAA,IND586128AAA,Carting,131,1.4285714285714286,1.8710826209493934,0.8854961832061069,0.3282442748091603,15.709923664122137,9.0,11.185338931297709,1.4285714285714286
IND625106AAA,IND625008AAA,FTL,26,1.7453703703703702,1.6725257703540197,0.8846153846153846,0.7692307692307693,36.34615384615385,21.653846153846153,22.058557692307694,1.7453703703703702
IND248001AAD,IND131028AAB,Carting,95,1.75,2.1520481040837076,0.8842105263157894,0.7578947368421053,24.126315789473683,13.48421052631579,12.14929157894737,1.75
IND501359AAE,IND411033AAA,FTL,480,1.7894736842105263,2.0074143145575265,0.8833333333333333,0.7583333333333333,37.766666666666666,20.045833333333334,27.17224375,1.7894736842105263
IND580028AAA,IND581402AAA,FTL,60,1.4545454545454546,1.4671739836285984,0.8833333333333333,0.35,29.6,20.416666666666668,23.244239999999998,1.4545454545454546
IND600056AAB,IND605010AAB,FTL,77,1.4166666666666667,1.5266699370910952,0.8831168831168831,0.36363636363636365,35.25974025974026,23.12987012987013,25.775372727272728,1.4166666666666667
IND781018AAB,IND110037AAM,FTL,1137,1.7586206896551724,2.1067785833154025,0.8830255057167986,0.7176781002638523,49.96481970096746,25.0844327176781,34.396474670184695,1.7586206896551724
IND209304AAA,IND209101AAA,FTL,17,3.0,3.244884250247711,0.8823529411764706,0.8823529411764706,67.88235294117646,25.88235294117647,36.77118823529412,3.0
IND600056AAB,IND632006AAA,FTL,51,1.6470588235294117,1.7841375565468938,0.8823529411764706,0.6470588235294118,38.549019607843135,21.333333333333332,27.317245098039216,1.6470588235294117
IND395023AAA,IND110037AAM,FTL,773,1.6,1.80435284882299,0.8822768434670116,0.5860284605433377,36.124191461837,20.865459249676586,27.612814618369985,1.6
IND562132AAA,IND462022AAA,FTL,625,1.5789473684210527,1.8577247977643612,0.8816,0.5696,42.1088,22.2608,30.91282096,1.5789473684210527
IND110037AAK,IND000000ACB,Carting,177,1.7142857142857142,3.913233041560559,0.8813559322033898,0.6497175141242938,33.909604519774014,10.0,10.502421468926553,1.7142857142857142
IND501359AAE,IND562132AAA,FTL,109,1.5,1.5999072362436229,0.8807339449541285,0.47706422018348627,32.4954128440367,20.807339449541285,26.641425688073394,1.5
IND416510AAA,IND416606AAA,Carting,67,1.7777777777777777,1.9607692061423658,0.8805970149253731,0.7611940298507462,19.52238805970149,10.507462686567164,11.370956716417911,1.7777777777777777
IND452001AAC,IND425201AAA,Carting,25,2.2222222222222223,39.39785714285714,0.88,0.88,105.0,5.8,8.451504,2.2222222222222223
IND583227AAA,IND583231AAA,Carting,75,1.6666666666666667,1.9546969696969696,0.88,0.5866666666666667,13.373333333333333,7.573333333333333,9.108381333333334,1.6666666666666667
IND284001AAA,IND284403AAA,FTL,25,1.5625,1.8415007736389484,0.88,0.68,33.36,20.52,27.787488,1.5625
IND282001AAF,IND283122AAB,Carting,33,2.111111111111111,3.7884718816536997,0.8787878787878788,0.8787878787878788,16.12121212121212,7.212121212121212,8.93458787878788,2.111111111111111
IND573201AAB,IND572201AAB,FTL,33,1.8571428571428572,1.7796470920383964,0.8787878787878788,0.6666666666666666,25.484848484848484,16.151515151515152,18.253024242424242,1.8571428571428572
IND248001AAD,IND131028AAB,FTL,33,1.7037037037037037,2.707874107530831,0.8787878787878788,0.8181818181818182,58.54545454545455,32.27272727272727,28.23801818181818,1.7037037037037037
IND209304AAA,IND282001AAA,FTL,99,1.9375,2.062109347122694,0.8787878787878788,0.7373737373737373,38.84848484848485,21.13131313131313,30.036855555555558,1.9375
IND000000ACB,IND821115AAB,FTL,665,1.75,1.8538458353874703,0.8781954887218045,0.7097744360902256,35.589473684210525,20.562406015037595,29.029817894736844,1.75
IND360530AAB,IND362001AAA,Carting,98,1.7321428571428572,2.1388382363205025,0.8775510204081632,0.6428571428571429,22.693877551020407,11.204081632653061,12.945164285714284,1.7321428571428572
IND68004AAA,IND683511AAA,Carting,49,1.8888888888888888,2.055001877540893,0.8775510204081632,0.6530612244897959,24.6734693877551,12.16326530612245,12.188402040816328,1.8888888888888888
IND248001AAA,IND131028AAB,FTL,97,1.7241379310344827,1.9422410501626683,0.8762886597938144,0.7938144329896907,55.48453608247423,32.865979381443296,28.799970103092782,1.7241379310344827
IND421302AAG,IND413002AAA,FTL,113,1.6774193548387097,1.9723945883006346,0.8761061946902655,0.6902654867256637,39.9646017699115,21.04424778761062,26.675969911504424,1.6774193548387097
IND712311AAA,IND421302AAG,FTL,371,1.8235294117647058,2.2370066015320917,0.876010781671159,0.7520215633423181,42.33423180592992,23.08625336927224,31.698899191374664,1.8235294117647058
IND421302AAG,IND562132AAA,FTL,1128,1.5294117647058822,1.8650682632301956,0.875886524822695,0.5195035460992907,35.5895390070922,20.29964539007092,26.19882730496454,1.5294117647058822
IND110037AAM,IND000000ACB,FTL,24,1.5762962962962963,1.641552589924883,0.875,0.5416666666666666,33.666666666666664,21.583333333333332,22.268479166666665,1.5762962962962963
IND303702AAB,IND332404AAA,FTL,16,1.4852941176470589,1.7473520658263306,0.875,0.4375,19.5625,12.75,17.434306250000002,1.4852941176470589
IND560099AAB,IND683511AAB,FTL,16,1.4720238095238094,1.6100798753816068,0.875,0.375,43.9375,27.75,31.56474375,1.4720238095238094
IND131028AAB,IND248001AAA,FTL,16,1.6214285714285714,1.6358073701639788,0.875,0.75,47.5,33.0625,29.020825,1.6214285714285714
IND591304AAA,IND586101AAB,FTL,16,1.4666666666666668,2.0993965785424495,0.875,0.5,23.875,16.0,18.80069375,1.4666666666666668
IND501359AAE,IND000000ACB,FTL,56,1.6656346749226005,2.016068362839712,0.875,0.6071428571428571,45.285714285714285,23.964285714285715,30.514632142857145,1.6656346749226005
IND360003AAA,IND360311AAA,Carting,8,1.8452380952380953,1.9732142857142856,0.875,0.875,13.125,7.875,12.138875,1.8452380952380953
IND786184AAA,IND786190AAA,Carting,8,1.7916666666666665,1.7016098484848485,0.875,0.625,13.0,7.875,10.93365,1.7916666666666665
IND824101AAA,IND821307AAA,FTL,8,1.8705882352941177,1.9455882352941176,0.875,0.875,19.875,10.5,15.5217,1.8705882352941177
IND487001AAA,IND487551AAA,FTL,8,1.47,1.3605655938264634,0.875,0.375,31.125,22.5,24.6892875,1.47
IND331507AAA,IND302014AAA,FTL,24,1.8078817733990147,2.368410355667936,0.875,0.7083333333333334,49.208333333333336,21.541666666666668,28.683745833333333,1.8078817733990147
IND457226AAA,IND382430AAB,FTL,200,1.5625,1.693707583537129,0.875,0.565,42.245,26.62,34.220624,1.5625
IND572101AAA,IND562101AAA,Carting,8,2.1911764705882355,2.357764355742297,0.875,0.75,20.625,9.625,12.7964375,2.1911764705882355
IND282002AAD,IND110037AAM,FTL,8,1.584848484848485,1.5469243486706723,0.875,0.625,36.0,27.25,31.8370375,1.584848484848485
IND736146AAA,IND736135AAA,FTL,16,1.6048632218844985,1.7695780399495056,0.875,0.6875,47.5,27.875,28.5376375,1.6048632218844985
IND781018AAB,IND785001AAA,FTL,24,2.083881578947368,2.0565346730797582,0.875,0.7916666666666666,44.375,22.208333333333332,30.961716666666664,2.083881578947368
IND600044AAD,IND603001AAA,Carting,48,2.1055555555555556,2.323554743867244,0.875,0.8125,19.895833333333332,8.9375,10.913018749999999,2.1055555555555556
IND563125AAB,IND560300AAB,Carting,32,1.6125,2.655564016836338,0.875,0.625,78.46875,18.34375,20.473403125,1.6125
IND000000ACB,IND122015AAC,Carting,8,2.0,3.1893939393939394,0.875,0.875,20.875,8.625,9.3819375,2.0
IND131028AAB,IND248001AAD,FTL,8,1.8229665071770336,1.6907518018044332,0.875,0.75,49.25,33.0,28.9842375,1.8229665071770336
IND713205AAB,IND723130AAA,FTL,8,2.0652777777777778,2.1648621967401134,0.875,0.625,72.25,29.875,29.0459,2.0652777777777778
IND122503AAA,IND122001AAA,Carting,8,1.9444444444444446,2.249965161649944,0.875,0.625,30.125,11.875,10.7308,1.9444444444444446
IND362560AAA,IND362150AAA,Carting,64,1.588235294117647,2.159430647942104,0.875,0.546875,18.0,10.25,11.6654296875,1.588235294117647
IND301019AAA,IND123001AAA,FTL,8,2.2549019607843137,2.4304412016002575,0.875,0.875,38.875,15.625,19.399125,2.2549019607843137
IND363621AAB,IND360002AAB,Carting,8,1.7181818181818183,2.098989898989899,0.875,0.75,14.75,8.0,9.78445,1.7181818181818183
IND000000ACB,IND302014AAA,FTL,270,1.588235294117647,1.727502598688819,0.8740740740740741,0.6074074074074074,34.86666666666667,21.09259259259259,26.58641888888889,1.588235294117647
IND000000ACB,IND209304AAA,FTL,269,1.8666666666666667,2.153045804564371,0.8736059479553904,0.6951672862453532,41.58736059479554,21.185873605947954,29.463739033457248,1.8666666666666667
IND000000ACB,IND121004AAB,Carting,181,1.625,2.538130181305352,0.8729281767955801,0.6022099447513812,20.640883977900554,10.80110497237569,11.100907182320443,1.625
IND121004AAB,IND121102AAA,Carting,188,1.8166666666666667,1.9943665081962956,0.8723404255319149,0.7180851063829787,12.654255319148936,6.1861702127659575,8.970033510638297,1.8166666666666667
IND184104AAA,IND160002AAC,FTL,47,1.5151515151515151,1.7921020794682556,0.8723404255319149,0.5106382978723404,35.95744680851064,21.106382978723403,24.325640425531915,1.5151515151515151
IND312001AAA,IND311001AAA,FTL,39,1.5,1.514691526224034,0.8717948717948718,0.48717948717948717,23.974358974358974,15.743589743589743,18.339661538461538,1.5
IND263153AAB,IND131028AAB,FTL,187,1.7,2.069064326879831,0.8716577540106952,0.6417112299465241,41.411764705882355,23.459893048128343,29.287863636363635,1.7
IND421302AAG,IND110037AAM,FTL,965,1.6666666666666667,1.9862906429364124,0.8715025906735752,0.661139896373057,41.295336787564764,21.852849740932644,29.02621575129534,1.6666666666666667
IND563131AAA,IND563125AAB,Carting,70,1.6306818181818183,1.8911662543805399,0.8714285714285714,0.5714285714285714,15.242857142857142,8.4,10.277732857142857,1.6306818181818183
IND303503AAA,IND302014AAB,Carting,62,1.681547619047619,2.1253476514069733,0.8709677419354839,0.6451612903225806,17.580645161290324,10.096774193548388,14.305540322580645,1.681547619047619
IND757037AAA,IND756100AAC,FTL,54,2.3095238095238093,2.6865094530725657,0.8703703703703703,0.7962962962962963,77.55555555555556,36.111111111111114,43.00500925925926,2.3095238095238093
IND561202AAB,IND515134AAA,Carting,92,1.75,2.346336446304477,0.8695652173913043,0.6739130434782609,17.77173913043478,9.347826086956522,10.35979456521739,1.75
IND624001AAA,IND625008AAA,FTL,23,1.4285714285714286,1.4520751792018636,0.8695652173913043,0.4782608695652174,27.82608695652174,19.130434782608695,26.540791304347827,1.4285714285714286
IND110037AAM,IND121004AAB,Carting,137,1.875,2.6376483816264837,0.8686131386861314,0.5985401459854015,23.94890510948905,9.642335766423358,9.789402189781022,1.875
IND360575AAA,IND360510AAB,Carting,38,1.5192307692307692,1.8106372746246886,0.868421052631579,0.5,19.157894736842106,10.842105263157896,12.638465789473685,1.5192307692307692
IND201301AAF,IND203205AAA,FTL,38,1.5894736842105264,1.5986384500456574,0.868421052631579,0.5526315789473685,47.26315789473684,30.157894736842106,30.393765789473683,1.5894736842105264
IND124141AAA,IND000000ACB,FTL,38,1.6954022988505746,2.8651339981543824,0.868421052631579,0.631578947368421,41.86842105263158,25.42105263157895,26.618905263157895,1.6954022988505746
IND509001AAA,IND509203AAA,FTL,38,1.5833333333333333,1.7087163408673705,0.868421052631579,0.5263157894736842,26.36842105263158,16.657894736842106,19.021602631578947,1.5833333333333333
IND209304AAA,IND110037AAM,FTL,91,1.625,2.018431294003279,0.8681318681318682,0.6813186813186813,56.72527472527472,28.593406593406595,36.3493043956044,1.625
IND560043AAC,IND560064AAA,Carting,53,1.5294117647058822,1.8874577537072426,0.8679245283018868,0.5094339622641509,21.50943396226415,12.90566037735849,9.886041509433962,1.5294117647058822
IND641006AAD,IND641062AAD,Carting,15,1.5,9.845515873015872,0.8666666666666667,0.4,43.46666666666667,9.066666666666666,8.861506666666665,1.5
IND321001AAA,IND301001AAB,FTL,15,1.5833333333333333,2.8124974226715818,0.8666666666666667,0.5333333333333333,121.66666666666667,27.8,35.62200666666667,1.5833333333333333
IND533308AAB,IND533003AAA,FTL,30,1.4142857142857141,1.5550603563103564,0.8666666666666667,0.4,33.8,22.9,24.60797,1.4142857142857141
IND530012AAA,IND764020AAC,Carting,15,3.0,4.871820309320309,0.8666666666666667,0.8666666666666667,42.8,9.533333333333333,14.076813333333332,3.0
IND000000AFT,IND410210AAA,Carting,15,2.75,2.8931900263479213,0.8666666666666667,0.8666666666666667,41.733333333333334,13.8,15.61406,2.75
IND421302AAG,IND712311AAA,FTL,658,1.7647058823529411,1.9313157067096507,0.8662613981762918,0.7112462006079028,39.641337386018236,25.846504559270517,35.18285243161095,1.7647058823529411
IND144001AAC,IND160002AAC,Carting,254,2.0,2.4889896421600146,0.8661417322834646,0.8031496062992126,16.901574803149607,7.862204724409449,11.513813385826772,2.0
IND110037AAM,IND421302AAG,FTL,814,1.619047619047619,1.8475216216505228,0.8660933660933661,0.6081081081081081,44.61056511056511,24.415233415233416,32.094578255528255,1.619047619047619
IND501359AAE,IND509001AAA,FTL,67,1.5,1.854569618421576,0.8656716417910447,0.40298507462686567,23.791044776119403,14.985074626865671,20.849401492537314,1.5
IND160002AAC,IND421302AAG,FTL,59,1.6842105263157894,2.3134302742960027,0.864406779661017,0.5932203389830508,48.59322033898305,21.54237288135593,28.46877966101695,1.6842105263157894
IND786001AAB,IND786171AAA,Carting,81,2.0,2.4722103775122255,0.8641975308641975,0.7777777777777778,25.333333333333332,13.185185185185185,16.261176543209874,2.0
IND160002AAC,IND562132AAA,FTL,81,1.5,2.4934273373215126,0.8641975308641975,0.49382716049382713,46.30864197530864,23.012345679012345,30.866845679012346,1.5
IND600044AAD,IND600048AAA,Carting,22,2.9375,3.024967835195108,0.8636363636363636,0.8636363636363636,27.181818181818183,9.272727272727273,9.132727272727273,2.9375
IND530012AAA,IND764001AAC,Carting,51,2.1818181818181817,3.9257859947306315,0.8627450980392157,0.7843137254901961,30.313725490196077,9.431372549019608,13.603750980392157,2.1818181818181817
IND515004AAA,IND515401AAB,FTL,51,1.6666666666666667,2.1415345327861264,0.8627450980392157,0.803921568627451,24.176470588235293,13.156862745098039,18.253735294117647,1.6666666666666667
IND382721AAA,IND382430AAB,Carting,58,2.041666666666667,2.3450446312634403,0.8620689655172413,0.7931034482758621,28.051724137931036,11.431034482758621,14.229672413793104,2.041666666666667
IND641011AAA,IND641062AAD,Carting,29,2.0,4.3860378634212305,0.8620689655172413,0.7586206896551724,40.96551724137931,10.655172413793103,10.4402,2.0
IND600044AAE,IND600056AAB,Carting,87,1.75,2.1190903456248145,0.8620689655172413,0.6666666666666666,25.091954022988507,12.988505747126437,13.68130459770115,1.75
IND600008AAA,IND600044AAC,Carting,65,2.272727272727273,2.677813852813853,0.8615384615384616,0.7692307692307693,18.076923076923077,7.892307692307693,9.581447692307691,2.272727272727273
IND680712AAA,IND683511AAA,Carting,36,1.4852941176470589,1.6125087943102647,0.8611111111111112,0.4444444444444444,16.416666666666668,10.13888888888889,10.646394444444445,1.4852941176470589
IND560064AAD,IND560043AAC,Carting,79,2.0,2.4226928135155985,0.8607594936708861,0.7721518987341772,19.544303797468356,8.316455696202532,7.9061202531645565,2.0
IND396191AAC,IND421302AAG,FTL,43,1.793103448275862,2.2773845790762457,0.8604651162790697,0.7674418604651163,60.76744186046512,24.976744186046513,29.664251162790695,1.793103448275862
IND563101AAB,IND563131AAA,Carting,50,1.5857142857142859,1.849450360750361,0.86,0.56,11.2,7.18,9.84933,1.5857142857142859
IND000000AFT,IND410209AAA,Carting,78,2.0,2.2888130388130388,0.8589743589743589,0.717948717948718,18.346153846153847,8.820512820512821,10.014392307692308,2.0
IND503111AAC,IND501359AAE,FTL,78,1.5444444444444445,1.8508319331425986,0.8589743589743589,0.5384615384615384,41.62820512820513,22.58974358974359,30.841533333333334,1.5444444444444445
IND273304AAA,IND273014AAB,Carting,92,2.380952380952381,2.675529313889537,0.8586956521739131,0.6847826086956522,42.33695652173913,16.58695652173913,17.545133695652172,2.380952380952381
IND210501AAB,IND209304AAA,Carting,141,2.4,3.418617153012363,0.8581560283687943,0.8297872340425532,24.56737588652482,10.26241134751773,13.700030496453902,2.4
IND764071AAB,IND530012AAA,Carting,28,1.8474903474903477,2.654075500761809,0.8571428571428571,0.6785714285714286,112.57142857142857,17.035714285714285,24.281460714285714,1.8474903474903477
IND509301AAA,IND501359AAE,FTL,42,1.5278637770897832,1.9221553777649099,0.8571428571428571,0.5238095238095238,30.428571428571427,15.976190476190476,22.26218095238095,1.5278637770897832
IND560300AAA,IND563131AAB,Carting,7,1.6,1.5788053683011667,0.8571428571428571,0.5714285714285714,17.0,11.142857142857142,12.874142857142857,1.6
IND786001AAB,IND786190AAA,Carting,7,1.7142857142857142,1.7569160997732425,0.8571428571428571,0.8571428571428571,11.428571428571429,6.857142857142857,9.778171428571428,1.7142857142857142
IND000000ACA,IND152026AAA,FTL,7,1.411764705882353,1.5602757769774576,0.8571428571428571,0.42857142857142855,25.142857142857142,16.428571428571427,22.08317142857143,1.411764705882353
IND174101AAB,IND160002AAC,FTL,42,3.0852272727272725,2.833960749826433,0.8571428571428571,0.7142857142857143,50.095238095238095,20.214285714285715,22.55410476190476,3.0852272727272725
IND531116AAA,IND530012AAA,Carting,28,2.25,2.612520812520813,0.8571428571428571,0.8214285714285714,21.285714285714285,8.678571428571429,10.50415,2.25
IND201304AAA,IND201301AAF,Carting,21,2.1538461538461537,2.2357600732600735,0.8571428571428571,0.8571428571428571,29.047619047619047,12.047619047619047,10.064314285714286,2.1538461538461537
IND422011AAD,IND423109AAA,Carting,14,1.7333333333333334,1.6283062687440568,0.8571428571428571,0.6428571428571429,18.285714285714285,13.142857142857142,17.028114285714285,1.7333333333333334
IND232104AAB,IND232327AAA,Carting,7,1.4444444444444444,1.6134182181644587,0.8571428571428571,0.42857142857142855,22.714285714285715,16.0,11.653028571428573,1.4444444444444444
IND304001AAA,IND322001AAC,Carting,7,1.5,1.5064935064935063,0.8571428571428571,0.42857142857142855,11.857142857142858,7.857142857142857,11.735528571428572,1.5
IND630002AAA,IND622407AAA,FTL,28,1.3484848484848484,1.4021739188099482,0.8571428571428571,0.21428571428571427,33.67857142857143,24.928571428571427,25.071274999999996,1.3484848484848484
IND125001AAA,IND110037AAM,FTL,77,1.7575757575757576,3.5858192546967858,0.8571428571428571,0.6753246753246753,72.12987012987013,24.68831168831169,25.78775844155844,1.7575757575757576
IND505001AAB,IND501359AAE,FTL,7,1.3478260869565217,1.968532560147467,0.8571428571428571,0.2857142857142857,48.142857142857146,24.428571428571427,30.043599999999998,1.3478260869565217
IND758034AAA,IND756100AAC,FTL,7,1.7692307692307692,1.8549804692661838,0.8571428571428571,0.8571428571428571,47.714285714285715,29.714285714285715,38.81241428571428,1.7692307692307692
IND363641AAA,IND360002AAB,Carting,7,1.5555555555555556,1.7429189857761287,0.8571428571428571,0.5714285714285714,17.0,10.0,11.355385714285715,1.5555555555555556
IND209801AAA,IND209304AAA,Carting,21,1.8571428571428572,11.799884990187953,0.8571428571428571,0.7142857142857143,128.04761904761904,10.857142857142858,12.764252380952382,1.8571428571428572
IND733134AAA,IND733129AAB,Carting,7,1.4545454545454546,1.4773448773448774,0.8571428571428571,0.42857142857142855,13.857142857142858,9.0,9.913785714285714,1.4545454545454546
IND181152AAB,IND160002AAC,FTL,14,1.5989974937343359,1.7947566606757686,0.8571428571428571,0.5714285714285714,41.857142857142854,23.0,26.036957142857144,1.5989974937343359
IND834002AAB,IND826004AAA,Carting,286,2.25,2.8062397360484264,0.8566433566433567,0.8181818181818182,22.636363636363637,10.003496503496503,11.325445804195803,2.25
IND421302AAG,IND411033AAA,FTL,355,1.68,2.1079054579262966,0.856338028169014,0.5915492957746479,45.03380281690141,23.2056338028169,27.021776056338027,1.68
IND635601AAB,IND635802AAB,Carting,48,2.9545454545454546,3.9835962070337074,0.8541666666666666,0.7291666666666666,29.645833333333332,8.541666666666666,9.834372916666666,2.9545454545454546
IND600056AAB,IND530012AAA,FTL,48,1.4545454545454546,1.6423252042673748,0.8541666666666666,0.3541666666666667,42.395833333333336,25.583333333333332,35.64493541666666,1.4545454545454546
IND175001AAA,IND175101AAA,FTL,34,1.4201977401129944,1.5316666152496017,0.8529411764705882,0.4411764705882353,74.17647058823529,47.76470588235294,32.50833235294118,1.4201977401129944
IND571432AAB,IND571426AAA,FTL,34,1.5,1.5637782515419043,0.8529411764705882,0.4117647058823529,27.029411764705884,17.970588235294116,20.011673529411762,1.5
IND122004AAA,IND122413AAE,Carting,163,1.5555555555555556,2.3027572321419307,0.852760736196319,0.50920245398773,16.834355828220858,9.331288343558283,9.890116564417177,1.5555555555555556
IND110052AAA,IND000000ACB,Carting,61,1.6,2.0094644654070883,0.8524590163934426,0.6229508196721312,19.34426229508197,10.19672131147541,11.120863934426229,1.6
IND124103AAA,IND127021AAA,FTL,27,1.5172413793103448,1.6887363417056904,0.8518518518518519,0.5185185185185185,33.148148148148145,20.37037037037037,22.39473333333333,1.5172413793103448
IND518002AAA,IND518501AAA,FTL,54,1.5,1.5388436038095858,0.8518518518518519,0.48148148148148145,28.88888888888889,19.314814814814813,24.98427962962963,1.5
IND581402AAA,IND577401AAA,FTL,27,1.5,1.6612764607528336,0.8518518518518519,0.48148148148148145,38.333333333333336,25.25925925925926,23.890044444444445,1.5
IND562132AAA,IND395023AAA,FTL,47,1.5217391304347827,1.8716163050147108,0.851063829787234,0.5106382978723404,35.53191489361702,19.76595744680851,26.46688510638298,1.5217391304347827
IND600056AAB,IND600032AAB,Carting,208,1.8,2.4755896747483286,0.8509615384615384,0.6634615384615384,18.298076923076923,8.33173076923077,9.838361057692307,1.8
IND411033AAA,IND403726AAA,FTL,335,1.6785714285714286,1.9094252488997674,0.8507462686567164,0.6268656716417911,47.62686567164179,25.13134328358209,30.96949641791045,1.6785714285714286
IND395023AAA,IND411033AAA,FTL,154,1.7207792207792207,2.4659743893069646,0.8506493506493507,0.6753246753246753,58.16233766233766,23.83116883116883,29.53904025974026,1.7207792207792207
IND842003AAB,IND487001AAB,FTL,20,1.5357142857142856,1.8602036200514462,0.85,0.5,38.6,21.5,25.731205,1.5357142857142856
IND306401AAB,IND343001AAA,FTL,20,1.5584415584415585,1.6320855108230663,0.85,0.55,41.3,25.45,30.812245,1.5584415584415585
IND425412AAA,IND425409AAA,FTL,20,2.1833333333333336,2.1267321713374345,0.85,0.85,32.85,14.9,19.67802,2.1833333333333336
IND680104AAA,IND679576AAA,FTL,20,1.4705882352941178,2.017712322465643,0.85,0.45,42.6,28.3,26.46499,1.4705882352941178
IND600116AAB,IND602024AAA,Carting,20,1.6402714932126696,2.8084844322344322,0.85,0.6,28.6,11.15,9.74119,1.6402714932126696
IND248197AAA,IND248122AAB,FTL,20,2.059958071278826,2.091861815191717,0.85,0.8,83.5,37.15,35.105579999999996,2.059958071278826
IND501359AAE,IND515004AAA,FTL,126,1.5147058823529411,1.6608617869535514,0.8492063492063492,0.5,30.603174603174605,19.11904761904762,26.99617222222222,1.5147058823529411
IND160002AAC,IND142001AAB,FTL,126,1.7058823529411764,1.6318569303647656,0.8492063492063492,0.6666666666666666,31.166666666666668,20.41269841269841,25.296403174603178,1.7058823529411764
IND302014AAB,IND302023AAA,Carting,53,2.142857142857143,2.8479335392071237,0.8490566037735849,0.7924528301886793,22.20754716981132,8.60377358490566,10.033894339622643,2.142857142857143
IND560048AAB,IND562132AAA,Carting,66,1.9642857142857144,2.86689192084449,0.8484848484848485,0.6666666666666666,27.606060606060606,12.681818181818182,10.183981818181818,1.9642857142857144
IND140118AAA,IND160002AAC,FTL,85,1.5416666666666667,1.9409545597122906,0.8470588235294118,0.5411764705882353,33.43529411764706,21.0,20.992191764705883,1.5416666666666667
IND122001AAD,IND122050AAA,Carting,13,2.0,2.1262020057685693,0.8461538461538461,0.7692307692307693,31.384615384615383,14.615384615384615,11.811138461538462,2.0
IND431136AAC,IND431001AAA,Carting,39,2.3333333333333335,6.081267806267807,0.8461538461538461,0.7692307692307693,36.0,5.589743589743589,7.789294871794873,2.3333333333333335
IND515004AAA,IND562132AAA,FTL,65,1.4210526315789473,1.4959730887403835,0.8461538461538461,0.27692307692307694,38.01538461538462,25.43076923076923,27.841446153846153,1.4210526315789473
IND208017AAA,IND209304AAA,Carting,13,8.411764705882353,9.65545043192102,0.8461538461538461,0.8461538461538461,111.15384615384616,12.615384615384615,13.822292307692306,8.411764705882353
IND208019AAA,IND209304AAA,Carting,13,3.2222222222222223,7.598800451354631,0.8461538461538461,0.8461538461538461,89.92307692307692,11.384615384615385,12.657876923076923,3.2222222222222223
IND201301AAM,IND000000ACB,Carting,207,1.6666666666666667,1.8325884183660348,0.8454106280193237,0.6521739130434783,27.797101449275363,20.536231884057973,27.52762463768116,1.6666666666666667
IND518102AAA,IND518002AAA,FTL,77,1.875,2.4479701177982665,0.8441558441558441,0.7012987012987013,47.03896103896104,23.571428571428573,32.02467532467533,1.875
IND175101AAA,IND160002AAC,FTL,32,1.7233400402414487,2.1069136350401174,0.84375,0.59375,75.0,35.625,36.052518750000004,1.7233400402414487
IND530012AAC,IND533106AAA,FTL,32,1.5833333333333335,1.7287266591284103,0.84375,0.59375,30.25,18.25,25.5566125,1.5833333333333335
IND600044AAD,IND600056AAB,Carting,51,1.4444444444444444,1.8227462190743011,0.8431372549019608,0.47058823529411764,21.941176470588236,13.647058823529411,14.18610588235294,1.4444444444444444
IND000000ACB,IND600056AAB,FTL,1013,1.619047619047619,1.8369519073909562,0.843040473840079,0.5972359328726555,42.71668311944719,24.404738400789732,32.61239141164857,1.619047619047619
IND501359AAE,IND500050AAA,Carting,70,1.6666666666666667,3.5341640502354785,0.8428571428571429,0.6428571428571429,15.085714285714285,7.942857142857143,9.067342857142856,1.6666666666666667
IND302014AAA,IND000000ACB,FTL,197,1.5333333333333334,1.6719583310325925,0.8426395939086294,0.5329949238578681,36.46192893401015,22.588832487309645,28.976881218274112,1.5333333333333334
IND571213AAA,IND571114AAA,FTL,19,1.4583333333333333,2.618369916348094,0.8421052631578947,0.47368421052631576,45.0,27.894736842105264,30.94851052631579,1.4583333333333333
IND577132AAD,IND573134AAB,FTL,19,2.0,2.545461457024524,0.8421052631578947,0.7368421052631579,31.0,17.263157894736842,20.566557894736842,2.0
IND110037AAM,IND202001AAB,FTL,152,1.52,2.4555200152600665,0.8421052631578947,0.5197368421052632,41.223684210526315,22.75657894736842,25.223596710526316,1.52
IND000000ACB,IND834002AAB,FTL,726,1.5477272727272728,1.774560447353568,0.8415977961432507,0.5247933884297521,35.4931129476584,21.581267217630852,29.830850275482092,1.5477272727272728
IND000000ACB,IND390022AAA,FTL,385,1.5625,1.7423633675594736,0.8415584415584415,0.5506493506493506,35.45454545454545,21.137662337662338,27.837277922077924,1.5625
IND136118AAA,IND136128AAA,FTL,44,1.380952380952381,1.4230667060212516,0.8409090909090909,0.22727272727272727,19.15909090909091,13.704545454545455,14.360081818181818,1.380952380952381
IND201007AAA,IND245304AAA,Carting,44,1.75,2.1255182948364766,0.8409090909090909,0.75,20.65909090909091,9.954545454545455,8.722172727272728,1.75
IND282001AAA,IND110037AAM,FTL,25,1.5294117647058822,1.7277130125012852,0.84,0.52,57.76,32.88,39.586064,1.5294117647058822
IND829121AAA,IND834002AAB,Carting,50,2.333333333333333,4.534200384058099,0.84,0.78,68.72,12.3,12.087722000000001,2.333333333333333
IND562132AAA,IND560002AAA,Carting,75,2.3333333333333335,2.6748511809178477,0.84,0.72,23.6,10.32,9.711077333333332,2.3333333333333335
IND635802AAB,IND635601AAB,Carting,50,2.2777777777777777,2.230873015873016,0.84,0.7,15.44,7.06,9.292224,2.2777777777777777
IND413401AAA,IND411033AAA,FTL,187,1.6923076923076923,1.8657072790488713,0.839572192513369,0.6203208556149733,37.81283422459893,19.844919786096256,27.208568449197863,1.6923076923076923
IND000000ACB,IND000000AEL,Carting,137,1.5454545454545454,2.3419425107596,0.8394160583941606,0.5182481751824818,23.05839416058394,10.963503649635037,11.071491970802919,1.5454545454545454
IND586211AAA,IND585314AAA,Carting,143,1.6,1.8361290121942835,0.8391608391608392,0.5874125874125874,19.86013986013986,11.272727272727273,12.060975524475523,1.6
IND423701AAB,IND422011AAD,Carting,174,1.6515151515151516,1.9188566796700506,0.8390804597701149,0.5862068965517241,18.477011494252874,10.925287356321839,13.12524540229885,1.6515151515151516
IND421302AAG,IND501359AAE,FTL,671,1.75,1.94641050402958,0.8390461997019374,0.7198211624441133,39.32786885245902,24.248882265275707,30.086756631892698,1.75
IND396001AAA,IND395023AAD,Carting,37,1.5384615384615385,2.6061993633732765,0.8378378378378378,0.5135135135135135,41.67567567567568,11.837837837837839,16.33882972972973,1.5384615384615385
IND821115AAB,IND209304AAA,FTL,239,1.6666666666666667,1.7741494361496657,0.8368200836820083,0.5941422594142259,31.330543933054393,19.682008368200837,28.296838912133893,1.6666666666666667
IND000000ACB,IND121002AAB,Carting,335,1.68,2.7208447412112227,0.835820895522388,0.5791044776119403,23.134328358208954,11.42089552238806,11.974390447761193,1.68
IND600056AAB,IND560099AAB,FTL,146,1.5714285714285714,1.6644792732846894,0.8356164383561644,0.6095890410958904,36.17123287671233,22.027397260273972,26.602123287671233,1.5714285714285714
IND411033AAA,IND416012AAA,FTL,121,1.4761904761904763,1.613127118330244,0.8347107438016529,0.47107438016528924,39.79338842975206,24.60330578512397,28.0897,1.4761904761904763
IND712311AAA,IND713145AAB,FTL,12,1.3416666666666668,1.573236715670302,0.8333333333333334,0.4166666666666667,39.666666666666664,26.416666666666668,28.746008333333336,1.3416666666666668
IND413501AAA,IND411033AAA,FTL,12,1.7291666666666665,2.041211910568762,0.8333333333333334,0.5833333333333334,38.583333333333336,18.916666666666668,25.121733333333335,1.7291666666666665
IND457001AAA,IND382430AAB,FTL,36,1.6290849673202614,1.784837555654772,0.8333333333333334,0.6666666666666666,42.916666666666664,25.61111111111111,34.04406111111111,1.6290849673202614
IND501101AAB,IND501359AAE,Carting,6,1.6666666666666665,1.7100529100529103,0.8333333333333334,0.5,17.666666666666668,9.166666666666666,12.024099999999999,1.6666666666666665
IND110039AAA,IND110085AAB,Carting,6,2.9423076923076925,3.6996003996003997,0.8333333333333334,0.8333333333333334,32.333333333333336,8.666666666666666,7.3137,2.9423076923076925
IND575004AAB,IND574227AAA,Carting,6,1.8333333333333335,1.7875457875457874,0.8333333333333334,0.8333333333333334,20.666666666666668,11.833333333333334,12.116366666666666,1.8333333333333335
IND176201AAA,IND176303AAA,FTL,18,1.4830357142857142,1.623685008846063,0.8333333333333334,0.5,59.55555555555556,43.388888888888886,31.539422222222225,1.4830357142857142
IND176061AAA,IND160002AAC,FTL,18,1.4194444444444443,2.245312239792137,0.8333333333333334,0.4444444444444444,93.05555555555556,32.388888888888886,32.38727222222222,1.4194444444444443
IND273014AAB,IND273304AAA,Carting,18,1.4083333333333332,1.9142307373864749,0.8333333333333334,0.3888888888888889,20.166666666666668,16.61111111111111,16.054255555555557,1.4083333333333332
IND786001AAB,IND785675AAA,FTL,6,2.111111111111111,3.098148148148148,0.8333333333333334,0.8333333333333334,41.5,15.333333333333334,21.368783333333337,2.111111111111111
IND148028AAA,IND147001AAD,FTL,6,1.7222222222222223,1.8242215014660834,0.8333333333333334,0.6666666666666666,30.5,17.0,21.08385,1.7222222222222223
IND523002AAA,IND523226AAA,FTL,6,1.6578947368421053,1.8396686159844053,0.8333333333333334,0.8333333333333334,32.833333333333336,16.5,17.478033333333332,1.6578947368421053
IND845418AAB,IND842001AAA,FTL,6,2.4463946869070208,2.6614448201039704,0.8333333333333334,0.8333333333333334,67.33333333333333,28.0,36.06585,2.4463946869070208
IND403726AAB,IND403601AAA,Carting,12,1.5,1.5952861952861952,0.8333333333333334,0.4166666666666667,11.333333333333334,7.25,8.083425,1.5
IND414001AAA,IND411033AAA,FTL,6,1.8571428571428572,2.156912020180386,0.8333333333333334,0.8333333333333334,42.666666666666664,18.833333333333332,25.873099999999997,1.8571428571428572
IND321606AAA,IND321001AAA,FTL,6,1.4100169779286928,1.536690865093769,0.8333333333333334,0.3333333333333333,42.166666666666664,27.0,33.3078,1.4100169779286928
IND110035AAC,IND110037AAM,Carting,6,1.7857142857142856,1.7626984126984127,0.8333333333333334,0.8333333333333334,16.0,9.166666666666666,10.525983333333333,1.7857142857142856
IND505001AAA,IND505302AAB,FTL,18,1.4821428571428572,2.5128147235905853,0.8333333333333334,0.4444444444444444,26.22222222222222,16.38888888888889,17.188161111111114,1.4821428571428572
IND305901AAA,IND342602AAC,FTL,18,1.6047794117647058,1.9496476042872848,0.8333333333333334,0.6666666666666666,39.333333333333336,21.72222222222222,29.807299999999998,1.6047794117647058
IND303901AAA,IND304001AAA,Carting,18,1.3666666666666667,1.7589947089947089,0.8333333333333334,0.2777777777777778,11.666666666666666,6.611111111111111,9.592766666666668,1.3666666666666667
IND395023AAA,IND562132AAA,FTL,930,1.5,1.8405650230009247,0.8333333333333334,0.489247311827957,35.619354838709675,20.893548387096775,27.04893935483871,1.5
IND591201AAA,IND591304AAA,FTL,30,1.5092592592592593,1.4951468775454282,0.8333333333333334,0.5,29.0,19.866666666666667,24.622173333333333,1.5092592592592593
IND000000ACB,IND201001AAC,Carting,36,1.5,1.37061475912905,0.8333333333333334,0.4166666666666667,18.61111111111111,20.305555555555557,28.434424999999997,1.5
IND388320AAA,IND390022AAA,FTL,12,2.0789473684210527,1.9946275621714218,0.8333333333333334,0.75,33.25,18.0,20.783691666666666,2.0789473684210527
IND382430AAB,IND387620AAB,Carting,6,2.1818181818181817,2.72636960740409,0.8333333333333334,0.8333333333333334,17.833333333333332,10.833333333333334,13.812316666666666,2.1818181818181817
IND152026AAA,IND152116AAA,FTL,6,1.7173913043478262,1.6453804347826086,0.8333333333333334,0.6666666666666666,20.333333333333332,13.333333333333334,19.313166666666667,1.7173913043478262
IND500039AAD,IND501359AAE,Carting,24,2.0833333333333335,2.16541261366629,0.8333333333333334,0.75,29.583333333333332,14.333333333333334,13.757241666666665,2.0833333333333335
IND764071AAB,IND764073AAA,Carting,6,2.138888888888889,1.8885040885040887,0.8333333333333334,0.8333333333333334,18.166666666666668,10.666666666666666,15.62685,2.138888888888889
IND723131AAA,IND722140AAA,FTL,12,1.333165322580645,1.3971203975236233,0.8333333333333334,0.16666666666666666,43.75,31.333333333333332,33.92433333333333,1.333165322580645
IND184104AAA,IND181152AAB,FTL,6,1.38,1.3513241106719367,0.8333333333333334,0.3333333333333333,31.833333333333332,23.333333333333332,26.0872,1.38
IND201204AAA,IND250002AAA,FTL,6,1.6428571428571428,1.7529675638371292,0.8333333333333334,0.6666666666666666,38.333333333333336,22.333333333333332,24.19255,1.6428571428571428
IND131028AAB,IND249407AAA,FTL,6,2.15978835978836,1.9991515974697178,0.8333333333333334,0.6666666666666666,55.5,30.666666666666668,29.886833333333332,2.15978835978836
IND732139AAA,IND732103AAB,Carting,6,3.34453781512605,3.532835356364768,0.8333333333333334,0.8333333333333334,43.5,19.833333333333332,17.387016666666668,3.34453781512605
IND132001AAA,IND131028AAB,FTL,6,1.7861111111111112,2.2833648664144017,0.8333333333333334,0.8333333333333334,92.33333333333333,25.166666666666668,31.92901666666667,1.7861111111111112
IND110037AAM,IND201007AAA,Carting,18,2.116883116883117,2.4042202890371107,0.8333333333333334,0.7222222222222222,29.77777777777778,14.166666666666666,12.736933333333333,2.116883116883117
IND641664AAA,IND638657AAA,Carting,60,1.4365079365079365,1.5399861712361713,0.8333333333333334,0.35,13.716666666666667,8.95,10.153888333333333,1.4365079365079365
IND641062AAD,IND642001AAA,Carting,6,1.5,1.6137820512820513,0.8333333333333334,0.3333333333333333,14.333333333333334,9.5,9.766716666666667,1.5
IND786190AAA,IND786001AAB,Carting,6,2.45,2.3614718614718613,0.8333333333333334,0.6666666666666666,16.833333333333332,7.666666666666667,11.192216666666667,2.45
IND632006AAA,IND635802AAB,FTL,6,1.2857142857142858,1.247113997113997,0.8333333333333334,0.0,28.166666666666668,23.166666666666668,25.030433333333335,1.2857142857142858
IND515801AAA,IND515865AAB,FTL,72,1.5384615384615385,1.5756103259528462,0.8333333333333334,0.5555555555555556,35.40277777777778,22.916666666666668,23.00134166666667,1.5384615384615385
IND343001AAA,IND343029AAB,FTL,6,1.2219887955182074,1.502489884842826,0.8333333333333334,0.16666666666666666,28.333333333333332,21.333333333333332,23.60115,1.2219887955182074
IND110044AAB,IND110030AAD,Carting,60,1.625,2.883052503052503,0.8333333333333334,0.5333333333333333,13.483333333333333,7.55,7.70029,1.625
IND334001AAC,IND334803AAA,FTL,12,1.601010101010101,1.7207091834607315,0.8333333333333334,0.6666666666666666,25.916666666666668,15.083333333333334,20.540108333333333,1.601010101010101
IND845412AAB,IND845401AAA,FTL,30,2.025,2.419897106700865,0.8333333333333334,0.8,30.233333333333334,17.066666666666666,23.83613666666667,2.025
IND821115AAB,IND000000ACB,FTL,257,1.6875,1.9184754688348955,0.8326848249027238,0.6926070038910506,37.797665369649806,23.571984435797667,31.693726848249028,1.6875
IND413002AAA,IND421302AAG,FTL,143,1.6,2.216908468034065,0.8321678321678322,0.5594405594405595,46.48951048951049,20.95104895104895,26.947137062937063,1.6
IND382430AAB,IND364004AAB,FTL,77,1.6153846153846154,1.6406495738773932,0.8311688311688312,0.5714285714285714,30.766233766233768,19.272727272727273,24.407985714285715,1.6153846153846154
IND585314AAA,IND585104AAA,Carting,65,2.0,4.985971250971251,0.8307692307692308,0.6615384615384615,42.58461538461538,8.876923076923077,10.11792923076923,2.0
IND500010AAA,IND501359AAE,Carting,35,1.6666666666666667,3.1243288560990425,0.8285714285714286,0.6285714285714286,50.114285714285714,12.428571428571429,13.54278857142857,1.6666666666666667
IND712311AAA,IND751002AAB,FTL,455,1.6,2.046222738140295,0.8285714285714286,0.5934065934065934,40.31868131868132,21.795604395604396,30.84159142857143,1.6
IND560058AAD,IND562132AAA,Carting,70,1.6333333333333333,6.327889579935712,0.8285714285714286,0.5714285714285714,38.27142857142857,12.057142857142857,8.491274285714285,1.6333333333333333
IND591302AAB,IND580028AAA,FTL,29,1.8333333333333333,2.0581178977292183,0.8275862068965517,0.7931034482758621,51.724137931034484,23.103448275862068,27.62197931034483,1.8333333333333333
IND389001AAA,IND389151AAA,FTL,63,1.5555555555555556,1.667613501445063,0.8253968253968254,0.5396825396825397,29.603174603174605,20.349206349206348,28.317746031746033,1.5555555555555556
IND177033AAA,IND160002AAC,FTL,142,1.75,2.9260767468661606,0.823943661971831,0.6197183098591549,72.5,25.528169014084508,27.42978661971831,1.75
IND332404AAA,IND332001AAB,FTL,34,1.41640866873065,2.0539428191297158,0.8235294117647058,0.3235294117647059,19.11764705882353,13.058823529411764,18.285285294117646,1.41640866873065
IND600032AAB,IND600044AAD,Carting,17,2.090909090909091,2.4142122583299055,0.8235294117647058,0.7058823529411765,21.705882352941178,10.411764705882353,9.902564705882353,2.090909090909091
IND673104AAA,IND673506AAA,Carting,34,1.6363636363636365,1.7620903606197724,0.8235294117647058,0.5882352941176471,14.676470588235293,8.088235294117647,7.841823529411765,1.6363636363636365
IND000000AEM,IND110037AAB,Carting,51,1.8571428571428572,4.921201205914828,0.8235294117647058,0.7058823529411765,37.529411764705884,10.352941176470589,10.98876862745098,1.8571428571428572
IND000000ACT,IND000000ACB,Carting,192,1.5454545454545454,2.655006185773649,0.8229166666666666,0.5416666666666666,17.208333333333332,9.333333333333334,9.912738541666666,1.5454545454545454
IND000000ACB,IND501359AAE,FTL,1635,1.588235294117647,1.9705742744489478,0.8226299694189603,0.5602446483180428,40.521712538226296,22.683792048929664,30.325933149847092,1.588235294117647
IND000000ACB,IND201301AAM,Carting,304,1.6817279046673286,1.9573271662869296,0.8223684210526315,0.631578947368421,28.164473684210527,21.963815789473685,26.31258585526316,1.6817279046673286
IND273014AAB,IND209304AAA,FTL,45,1.894736842105263,2.2321559010642704,0.8222222222222222,0.8222222222222222,41.46666666666667,22.2,30.762828888888887,1.894736842105263
IND562132AAA,IND302014AAA,FTL,975,1.625,1.8084054393454905,0.8215384615384616,0.6102564102564103,37.95897435897436,22.41025641025641,29.185142564102563,1.625
IND562132AAA,IND683511AAA,FTL,28,1.5195681511470984,1.863701033613341,0.8214285714285714,0.5357142857142857,71.21428571428571,38.107142857142854,42.02473571428572,1.5195681511470984
IND622407AAA,IND622001AAA,FTL,28,1.3846153846153846,1.516281384173089,0.8214285714285714,0.21428571428571427,25.178571428571427,18.035714285714285,17.647692857142857,1.3846153846153846
IND000000ACB,IND302022AAD,FTL,179,1.5294117647058822,1.6489833692121423,0.8212290502793296,0.553072625698324,33.737430167597765,21.64245810055866,27.191958100558658,1.5294117647058822
IND508223AAA,IND500039AAC,FTL,67,1.6944444444444444,1.8900859624303852,0.8208955223880597,0.582089552238806,34.149253731343286,20.37313432835821,22.989440298507464,1.6944444444444444
IND000000ACB,IND110043AAA,Carting,67,1.7777777777777777,2.150333725147158,0.8208955223880597,0.6417910447761194,20.044776119402986,9.746268656716419,10.241461194029851,1.7777777777777777
IND411033AAA,IND411014AAA,Carting,111,2.1,3.881178455892078,0.8198198198198198,0.6666666666666666,33.270270270270274,10.774774774774775,10.282708108108107,2.1
IND854326AAB,IND000000ACB,FTL,899,1.5714285714285714,1.8525001801801206,0.8197997775305895,0.5639599555061179,40.37597330367075,24.985539488320356,33.867581646273635,1.5714285714285714
IND411033AAA,IND562132AAA,FTL,338,1.5,2.321819908874902,0.8195266272189349,0.47928994082840237,33.56804733727811,19.245562130177515,25.250905621301776,1.5
IND751002AAB,IND760003AAB,FTL,94,2.0,2.6170655415767436,0.8191489361702128,0.7978723404255319,37.829787234042556,18.340425531914892,24.463927659574466,2.0
IND786181AAC,IND786001AAB,Carting,105,2.0,2.395771767551808,0.819047619047619,0.7333333333333333,26.523809523809526,14.514285714285714,16.310805714285713,2.0
IND142401AAA,IND000000ACA,FTL,11,1.8125,1.572051967640203,0.8181818181818182,0.6363636363636364,22.181818181818183,16.363636363636363,22.970336363636363,1.8125
IND205001AAB,IND110037AAM,FTL,11,1.9444444444444444,2.4498960147684827,0.8181818181818182,0.6363636363636364,69.54545454545455,31.545454545454547,38.09542727272728,1.9444444444444444
IND742401AAA,IND742102AAB,Carting,55,2.268292682926829,2.396121266948789,0.8181818181818182,0.7818181818181819,47.07272727272727,22.654545454545456,21.57050909090909,2.268292682926829
IND342602AAC,IND311302AAA,FTL,11,1.9090909090909092,1.7110292633597537,0.8181818181818182,0.6363636363636364,39.54545454545455,25.272727272727273,33.93798181818182,1.9090909090909092
IND562132AAA,IND577002AAA,FTL,11,1.5625,1.5141395899135837,0.8181818181818182,0.6363636363636364,26.90909090909091,17.363636363636363,22.693936363636364,1.5625
IND121002AAB,IND000000ACB,Carting,154,1.5916666666666668,2.1578412141259857,0.8181818181818182,0.5844155844155844,30.753246753246753,13.071428571428571,13.92508961038961,1.5916666666666668
IND410401AAA,IND421302AAG,FTL,33,1.5714285714285714,1.9967740901074236,0.8181818181818182,0.5151515151515151,48.21212121212121,21.666666666666668,25.43441515151515,1.5714285714285714
IND421302AAG,IND410401AAA,FTL,44,2.0,2.1838615125110037,0.8181818181818182,0.75,42.20454545454545,20.40909090909091,23.866925000000002,2.0
IND422011AAD,IND413709AAA,Carting,11,2.25,2.069264069264069,0.8181818181818182,0.6363636363636364,17.454545454545453,11.545454545454545,12.310618181818182,2.25
IND581343AAC,IND581314AAA,FTL,11,1.76,1.6869210192530348,0.8181818181818182,0.6363636363636364,29.181818181818183,17.363636363636363,18.860063636363638,1.76
IND400102AAC,IND400052AAA,Carting,11,3.8,3.998084743539289,0.8181818181818182,0.7272727272727273,38.90909090909091,8.454545454545455,8.234845454545454,3.8
IND244221AAA,IND131028AAB,FTL,125,1.5,1.752538944173414,0.816,0.496,40.336,24.824,32.3085264,1.5
IND388620AAB,IND388320AAA,Carting,65,1.8333333333333333,1.9102839041300579,0.8153846153846154,0.6153846153846154,16.092307692307692,8.76923076923077,10.832026153846153,1.8333333333333333
IND825409AAA,IND000000ACB,FTL,611,1.588235294117647,1.7479757133436966,0.8150572831423896,0.5679214402618658,34.00327332242226,21.756137479541735,29.50538657937807,1.588235294117647
IND495677AAA,IND496001AAA,FTL,27,1.962962962962963,2.2133894731939723,0.8148148148148148,0.6666666666666666,65.22222222222223,35.074074074074076,38.965525925925924,1.962962962962963
IND742101AAC,IND742303AAB,Carting,27,2.5714285714285716,2.8678130511463844,0.8148148148148148,0.7777777777777778,18.703703703703702,6.925925925925926,9.914507407407408,2.5714285714285716
IND110085AAB,IND000000ACB,Carting,43,1.6923076923076923,3.0553660923359964,0.813953488372093,0.6046511627906976,34.81395348837209,10.883720930232558,11.719688372093023,1.6923076923076923
IND606803AAA,IND606801AAB,FTL,16,1.3276515151515151,1.9071076251646903,0.8125,0.375,25.875,18.75,19.77354375,1.3276515151515151
IND842001AAA,IND845401AAA,FTL,16,2.0238095238095237,2.258116893636446,0.8125,0.8125,34.375,19.5,27.85824375,2.0238095238095237
IND632402AAA,IND631102AAA,FTL,16,1.5217391304347827,2.0175271739130434,0.8125,0.5625,27.4375,17.0625,18.31685,1.5217391304347827
IND742226AAA,IND742101AAC,Carting,16,1.9594594594594594,2.201427137686329,0.8125,0.75,28.3125,13.3125,12.4714125,1.9594594594594594
IND501359AAE,IND501141AAA,Carting,80,1.4772727272727273,1.5692646936396937,0.8125,0.425,14.6875,9.4125,10.96952375,1.4772727272727273
IND411033AAA,IND521225AAB,FTL,341,1.65,1.8885240578433622,0.8123167155425219,0.6041055718475073,39.26099706744868,24.832844574780058,32.470220821114374,1.65
IND811399AAA,IND110044AAB,Carting,69,1.8,3.6500489493456243,0.8115942028985508,0.6086956521739131,40.927536231884055,9.710144927536232,8.476669565217392,1.8
IND834002AAB,IND827013AAA,Carting,169,2.7083333333333335,3.3509430707631562,0.8106508875739645,0.7692307692307693,39.337278106508876,12.337278106508876,13.683265088757395,2.7083333333333335
IND411033AAA,IND411036AAA,Carting,95,1.7,2.7814757172651907,0.8105263157894737,0.6421052631578947,23.2,9.378947368421052,8.81727052631579,1.7
IND460001AAA,IND480334AAA,FTL,84,1.5941176470588236,1.922930587752554,0.8095238095238095,0.5357142857142857,36.05952380952381,23.19047619047619,31.900066666666664,1.5941176470588236
IND328001AAA,IND282002AAD,FTL,21,2.111111111111111,2.621231644384319,0.8095238095238095,0.6190476190476191,57.285714285714285,20.61904761904762,20.554466666666666,2.111111111111111
IND487551AAA,IND464668AAA,FTL,21,1.8157894736842106,1.739974426379778,0.8095238095238095,0.6190476190476191,52.666666666666664,30.333333333333332,30.561133333333334,1.8157894736842106
IND501359AAE,IND585104AAA,FTL,167,1.6,1.603549304881658,0.8083832335329342,0.6227544910179641,34.64670658682635,24.233532934131738,31.427003592814373,1.6
IND421802AAA,IND411033AAA,FTL,26,1.3831521739130435,3.4507198153818175,0.8076923076923077,0.34615384615384615,33.84615384615385,20.192307692307693,21.693726923076927,1.3831521739130435
IND283203AAA,IND110037AAM,FTL,104,1.872983870967742,1.8020670285127216,0.8076923076923077,0.75,47.51923076923077,31.692307692307693,37.92584903846154,1.872983870967742
IND530012AAA,IND751002AAB,FTL,57,1.5294117647058822,1.5144379520444475,0.8070175438596491,0.5263157894736842,26.19298245614035,18.228070175438596,25.194426315789475,1.5294117647058822
IND000000ACB,IND562132AAA,FTL,4970,1.5,1.7766311457429351,0.8066398390342052,0.47364185110663987,38.0327967806841,23.0943661971831,30.38868070422535,1.5
IND562132AAA,IND421302AAG,FTL,258,1.4736842105263157,1.6546135647862819,0.8062015503875969,0.4573643410852713,33.3062015503876,20.44573643410853,26.51217519379845,1.4736842105263157
IND562132AAA,IND416012AAA,FTL,299,1.411764705882353,1.6968158588232445,0.8060200668896321,0.35451505016722407,28.25083612040134,18.217391304347824,25.220309364548495,1.411764705882353
IND842001AAA,IND845418AAB,FTL,36,2.019230769230769,2.0477684900646858,0.8055555555555556,0.6388888888888888,51.97222222222222,27.416666666666668,35.22985277777778,2.019230769230769
IND344022AAB,IND344001AAA,FTL,36,1.3764705882352941,1.443428056482752,0.8055555555555556,0.3611111111111111,23.944444444444443,16.694444444444443,24.02337222222222,1.3764705882352941
IND712311AAA,IND834002AAB,FTL,169,1.6,1.947168372109232,0.8047337278106509,0.5739644970414202,52.76331360946745,31.14792899408284,43.12585680473373,1.6
IND562132AAA,IND000000ACB,FTL,3316,1.4666666666666666,1.7057905970102403,0.8027744270205066,0.43636911942098916,36.708082026537994,23.709891435464414,30.685748642943306,1.4666666666666666
IND411033AAA,IND413002AAA,FTL,324,1.4666666666666666,1.6768531197198167,0.8024691358024691,0.44753086419753085,31.055555555555557,19.496913580246915,25.89238703703704,1.4666666666666666
IND000000ACB,IND751002AAB,FTL,850,1.5,1.7648709592770528,0.8011764705882353,0.4976470588235294,42.131764705882354,29.070588235294117,37.570364000000005,1.5
IND000000ACA,IND160002AAC,Carting,10,1.6666666666666667,1.5159632034632033,0.8,0.8,12.8,9.0,13.086070000000001,1.6666666666666667
IND305001AAC,IND342602AAC,FTL,10,1.7583732057416268,1.814525834073048,0.8,0.8,36.4,20.8,28.86279,1.7583732057416268
IND591304AAA,IND586101AAA,FTL,25,1.6,2.066004790264979,0.8,0.56,32.32,20.88,24.292136,1.6
IND591237AAB,IND591201AAA,FTL,5,1.5,2.1774891774891776,0.8,0.4,27.4,18.0,19.81412,1.5
IND400072AAB,IND411033AAA,FTL,40,1.9038901601830664,1.880834645268187,0.8,0.625,40.875,22.25,27.17973,1.9038901601830664
IND504296AAA,IND505001AAB,FTL,5,1.9285714285714286,1.6753200204813108,0.8,0.6,39.8,25.2,28.5856,1.9285714285714286
IND752050AAA,IND751002AAB,Carting,5,1.75,2.094444444444444,0.8,0.6,17.4,8.6,12.46858,1.75
IND712410AAC,IND712406AAA,FTL,10,1.4714285714285715,5.713481922442128,0.8,0.5,40.9,23.6,22.37943,1.4714285714285715
IND285205AAB,IND210431AAA,FTL,15,1.8387096774193548,2.22413971810746,0.8,0.7333333333333333,60.2,26.6,27.484113333333333,1.8387096774193548
IND125001AAA,IND335524AAA,FTL,30,1.601010101010101,1.9298392411190664,0.8,0.6,52.56666666666667,28.4,30.192096666666668,1.601010101010101
IND680307AAA,IND683511AAA,Carting,10,1.4444444444444444,1.7793434343434342,0.8,0.5,16.8,9.5,10.888819999999999,1.4444444444444444
IND176303AAA,IND176310AAA,FTL,10,1.335704291044776,4.622014616572886,0.8,0.3,331.0,68.3,45.71972,1.335704291044776
IND332001AAB,IND333031AAA,FTL,10,1.7023809523809523,2.022843171321432,0.8,0.5,42.7,19.5,22.448529999999998,1.7023809523809523
IND625008AAA,IND685514AAA,FTL,5,1.3043478260869565,1.4315608094570227,0.8,0.4,49.6,33.4,28.67634,1.3043478260869565
IND722143AAB,IND723133AAA,FTL,20,1.5238095238095237,1.52379253319507,0.8,0.55,38.35,25.8,22.59395,1.5238095238095237
IND531116AAA,IND531001AAA,Carting,5,1.75,1.6318181818181816,0.8,0.8,12.8,8.4,9.67196,1.75
IND415003AAA,IND411033AAA,FTL,10,1.3571428571428572,1.394057501811439,0.8,0.3,31.5,23.1,25.27122,1.3571428571428572
IND781001AAA,IND781018AAB,Carting,20,2.814285714285714,4.167870299635005,0.8,0.75,40.5,18.4,15.38681,2.814285714285714
IND484001AAA,IND484224AAA,FTL,5,1.2666666666666666,1.3196937113066145,0.8,0.4,27.6,25.8,28.65064,1.2666666666666666
IND403726AAB,IND403401AAA,Carting,10,1.8639291465378423,2.596261266913441,0.8,0.7,31.6,15.2,14.05789,1.8639291465378423
IND533106AAA,IND534260AAC,FTL,15,1.7142857142857142,2.9876054664289957,0.8,0.7333333333333333,63.46666666666667,24.8,22.774459999999998,1.7142857142857142
IND125005AAA,IND000000ACB,FTL,35,1.5238095238095237,1.8277495416381686,0.8,0.5428571428571428,37.285714285714285,22.571428571428573,22.92022,1.5238095238095237
IND125005AAA,IND335523AAB,FTL,5,2.0,1.9180176909152191,0.8,0.8,62.0,37.0,38.26784,2.0
IND000000AEM,IND110064AAB,Carting,65,1.5555555555555556,2.1824398258964464,0.8,0.5230769230769231,18.307692307692307,9.876923076923077,9.921335384615384,1.5555555555555556
IND485771AAA,IND486771AAA,FTL,5,1.7647058823529411,3.206107843137255,0.8,0.6,95.8,25.2,23.89842,1.7647058823529411
IND792110AAA,IND786001AAB,Carting,25,1.8571428571428572,2.867079365079365,0.8,0.72,20.0,8.36,12.115928000000002,1.8571428571428572
IND147001AAD,IND160002AAC,FTL,10,2.1869565217391305,3.4915485570680858,0.8,0.8,99.3,41.7,37.79299,2.1869565217391305
IND626607AAB,IND625008AAA,FTL,15,1.4054054054054055,1.4009353737892696,0.8,0.4,35.93333333333333,25.6,25.61158,1.4054054054054055
IND360311AAA,IND360050AAA,Carting,5,1.4545454545454546,1.5050505050505052,0.8,0.4,12.0,8.4,9.38044,1.4545454545454546
IND732103AAB,IND732123AAC,Carting,5,1.8,3.2800396825396825,0.8,0.6,52.0,25.8,20.51466,1.8
IND000000AFT,IND410206AAA,Carting,5,2.3333333333333335,3.1684848484848485,0.8,0.8,33.0,10.2,10.70828,2.3333333333333335
IND793150AAA,IND781018AAB,FTL,5,2.0,2.3823863636363636,0.8,0.8,53.4,28.0,37.92228,2.0
IND335523AAB,IND125001AAA,FTL,5,1.5588235294117647,2.3344217107132708,0.8,0.6,88.2,31.2,29.84094,1.5588235294117647
IND242307AAB,IND242221AAA,FTL,10,1.4210526315789473,1.4989096213384139,0.8,0.3,31.4,21.4,18.84973,1.4210526315789473
IND793001AAA,IND781018AAB,FTL,5,2.6666666666666665,2.580562564246332,0.8,0.8,87.2,34.4,46.72944,2.6666666666666665
IND110043AAC,IND000000ACB,Carting,5,1.375,1.4384848484848485,0.8,0.2,18.4,12.4,12.63866,1.375
IND464221AAA,IND470004AAA,FTL,5,2.411764705882353,4.274177170868347,0.8,0.8,42.6,30.4,37.535000000000004,2.411764705882353
IND470113AAA,IND470227AAB,FTL,5,1.441860465116279,1.3419754185366937,0.8,0.4,36.6,36.0,43.39634,1.441860465116279
IND505209AAA,IND504201AAA,FTL,10,1.4142857142857141,2.1120238095238095,0.8,0.3,26.3,13.9,19.24455,1.4142857142857141
IND209304AAA,IND000000ACB,FTL,627,1.6,1.8252101743858191,0.7990430622009569,0.583732057416268,37.35885167464115,26.339712918660286,32.63280063795853,1.6
IND209304AAA,IND221313AAA,FTL,84,1.7095652173913043,1.9082058849980768,0.7976190476190477,0.6071428571428571,35.80952380952381,21.642857142857142,30.234457142857142,1.7095652173913043
IND523230AAA,IND523105AAA,FTL,49,1.380952380952381,1.594096528325735,0.7959183673469388,0.3877551020408163,23.959183673469386,16.632653061224488,18.329308163265306,1.380952380952381
IND333042AAA,IND333031AAA,FTL,39,1.4,1.4267268323744893,0.7948717948717948,0.3076923076923077,39.46153846153846,27.435897435897434,26.526820512820514,1.4
IND140301AAA,IND140001AAA,FTL,39,1.7272727272727273,1.9485176659089705,0.7948717948717948,0.6923076923076923,23.23076923076923,12.615384615384615,14.231348717948718,1.7272727272727273
IND632006AAA,IND600056AAB,FTL,68,1.5669642857142856,1.6744490966865313,0.7941176470588235,0.5882352941176471,37.294117647058826,23.397058823529413,30.499798529411766,1.5669642857142856
IND209304AAA,IND206122AAA,FTL,58,1.4444444444444444,1.5052620046373528,0.7931034482758621,0.41379310344827586,27.982758620689655,23.20689655172414,33.23568448275862,1.4444444444444444
IND000000ACB,IND521225AAB,FTL,680,1.5,2.2284377967095588,0.7926470588235294,0.48676470588235293,40.46176470588235,25.355882352941176,32.92202955882353,1.5
IND501359AAE,IND500010AAA,Carting,48,1.6442687747035574,1.6387776469246678,0.7916666666666666,0.6041666666666666,19.854166666666668,13.041666666666666,14.400933333333333,1.6442687747035574
IND580028AAA,IND421302AAG,FTL,24,1.46875,1.626772747634904,0.7916666666666666,0.4583333333333333,84.5,38.5,50.20719583333334,1.46875
IND312605AAB,IND458001AAB,FTL,24,1.9703703703703703,2.8791203703703707,0.7916666666666666,0.5833333333333334,28.916666666666668,15.916666666666666,16.884866666666667,1.9703703703703703
IND110044AAB,IND201301AAF,Carting,24,2.0,7.710416666666667,0.7916666666666666,0.625,17.583333333333332,6.958333333333333,6.6066125,2.0
IND560078AAC,IND560099AAB,Carting,43,2.2,3.6200354619540667,0.7906976744186046,0.6744186046511628,34.04651162790697,11.418604651162791,11.153890697674418,2.2
IND403726AAA,IND411033AAA,FTL,229,1.5,1.898001044849643,0.7903930131004366,0.49344978165938863,47.48908296943232,25.480349344978166,31.897275109170305,1.5
IND637408AAA,IND637001AAA,FTL,19,1.619047619047619,2.1548898418858173,0.7894736842105263,0.631578947368421,25.789473684210527,15.473684210526315,18.033873684210526,1.619047619047619
IND522647AAA,IND523201AAA,FTL,38,1.30625,1.4317021318197316,0.7894736842105263,0.3157894736842105,38.578947368421055,26.894736842105264,21.25481052631579,1.30625
IND562132AAA,IND573201AAB,FTL,112,1.5,1.5752857303639405,0.7857142857142857,0.48214285714285715,29.455357142857142,18.75,24.06259017857143,1.5
IND676306AAA,IND676509AAA,Carting,14,1.7083333333333335,2.833673469387755,0.7857142857142857,0.5714285714285714,15.785714285714286,9.0,9.638207142857143,1.7083333333333335
IND303008AAB,IND303338AAB,Carting,14,1.5555555555555556,1.7017126148705095,0.7857142857142857,0.5714285714285714,13.928571428571429,9.642857142857142,10.896492857142857,1.5555555555555556
IND331304AAA,IND332001AAB,FTL,14,2.089572192513369,3.7014694885437924,0.7857142857142857,0.6428571428571429,130.07142857142858,32.357142857142854,40.84321428571429,2.089572192513369
IND625531AAA,IND625516AAA,FTL,14,1.2638888888888888,1.286190904611957,0.7857142857142857,0.07142857142857142,28.857142857142858,22.428571428571427,20.518114285714287,1.2638888888888888
IND000000ACB,IND110052AAA,Carting,14,1.5,1.892203548085901,0.7857142857142857,0.2857142857142857,14.285714285714286,9.5,9.61742142857143,1.5
IND802212AAA,IND821115AAB,FTL,14,1.7727272727272727,54.680181277056285,0.7857142857142857,0.6428571428571429,425.57142857142856,20.214285714285715,22.2123,1.7727272727272727
IND125001AAA,IND000000ACB,FTL,70,1.5714285714285714,1.9094843136582833,0.7857142857142857,0.5857142857142857,40.48571428571429,22.542857142857144,22.70585857142857,1.5714285714285714
IND277201AAA,IND221706AAA,FTL,28,1.9756944444444444,2.4251094696644118,0.7857142857142857,0.6428571428571429,38.0,21.892857142857142,24.045925,1.9756944444444444
IND411033AAA,IND410505AAB,Carting,14,1.46875,1.89289292640133,0.7857142857142857,0.42857142857142855,25.857142857142858,14.857142857142858,11.177785714285715,1.46875
IND416012AAA,IND395023AAA,FTL,358,1.526610644257703,1.7604572188507064,0.7849162011173184,0.5083798882681564,35.701117318435756,21.567039106145252,27.4628156424581,1.526610644257703
IND184121AAA,IND160002AAC,FTL,65,1.5555555555555556,1.879643393883035,0.7846153846153846,0.5230769230769231,41.41538461538462,22.523076923076925,25.82140153846154,1.5555555555555556
IND160102AAC,IND160002AAC,Carting,111,1.6666666666666667,2.17985542985543,0.7837837837837838,0.5675675675675675,17.64864864864865,8.837837837837839,9.262305405405405,1.6666666666666667
IND413002AAA,IND501359AAE,FTL,208,1.9273809523809522,2.3126425287040635,0.7836538461538461,0.6634615384615384,40.31730769230769,26.0,31.745825,1.9273809523809522
IND834002AAB,IND000000ACB,FTL,470,1.6,1.7568667916152552,0.7829787234042553,0.5659574468085107,35.61914893617021,23.959574468085105,31.717905531914894,1.6
IND733129AAA,IND732103AAB,Carting,23,1.8571428571428572,3.62354057565055,0.782608695652174,0.5652173913043478,30.17391304347826,10.478260869565217,11.889556521739129,1.8571428571428572
IND735224AAA,IND736146AAA,FTL,23,1.3333333333333333,2.1982230623818526,0.782608695652174,0.2608695652173913,25.956521739130434,16.956521739130434,20.36777391304348,1.3333333333333333
IND721602AAB,IND721139AAC,Carting,23,1.4761904761904763,1.5316324323450385,0.782608695652174,0.391304347826087,22.17391304347826,14.304347826086957,12.881586956521739,1.4761904761904763
IND416122AAA,IND395023AAA,FTL,23,1.4782608695652173,1.9341599995553647,0.782608695652174,0.43478260869565216,38.73913043478261,21.695652173913043,27.35671739130435,1.4782608695652173
IND815353AAA,IND814133AAB,FTL,32,1.915032679738562,1.946667634104275,0.78125,0.71875,42.78125,24.21875,30.199996875,1.915032679738562
IND400705AAA,IND421302AAH,Carting,32,2.5,3.441825622294372,0.78125,0.75,37.1875,10.375,11.0901,2.5
IND826004AAA,IND209304AAA,FTL,96,1.5313725490196077,1.7087561110632379,0.78125,0.5208333333333334,30.96875,23.354166666666668,31.469596874999997,1.5313725490196077
IND203131AAA,IND203135AAA,FTL,32,1.5192592592592593,1.773943061647803,0.78125,0.53125,29.71875,18.8125,17.5049,1.5192592592592593
IND313324AAA,IND313001AAB,FTL,41,1.7058823529411764,1.8011322353927879,0.7804878048780488,0.7317073170731707,31.21951219512195,15.951219512195122,21.899056097560976,1.7058823529411764
IND635802AAB,IND562132AAA,FTL,41,1.5588235294117647,1.6182762865082303,0.7804878048780488,0.5609756097560976,42.21951219512195,26.170731707317074,29.49429024390244,1.5588235294117647
IND144001AAB,IND143001AAA,FTL,68,1.5,1.463416711830356,0.7794117647058824,0.47058823529411764,24.308823529411764,17.558823529411764,24.09376176470588,1.5
IND246001AAA,IND249201AAA,FTL,9,1.3064516129032258,1.421492106807967,0.7777777777777778,0.3333333333333333,95.33333333333333,71.33333333333333,48.43352222222222,1.3064516129032258
IND131028AAB,IND201204AAA,FTL,27,1.7142857142857142,1.8315386654820205,0.7777777777777778,0.7037037037037037,32.888888888888886,18.296296296296298,23.981640740740744,1.7142857142857142
IND762001AAA,IND759122AAC,Carting,9,3.0,3.0264412571311246,0.7777777777777778,0.7777777777777778,42.888888888888886,42.111111111111114,49.872322222222216,3.0
IND742102AAB,IND742303AAB,Carting,45,2.5,2.3334676434676433,0.7777777777777778,0.7555555555555555,15.266666666666667,7.088888888888889,10.125551111111111,2.5
IND341030AAA,IND341303AAA,FTL,9,1.3,1.4478165730229715,0.7777777777777778,0.3333333333333333,21.88888888888889,14.555555555555555,18.388733333333334,1.3
IND585314AAA,IND586211AAA,Carting,27,1.5454545454545454,1.9367891488806521,0.7777777777777778,0.5185185185185185,19.814814814814813,11.25925925925926,12.151255555555554,1.5454545454545454
IND768216AAA,IND770001AAA,FTL,9,2.2058823529411766,2.843516950551264,0.7777777777777778,0.6666666666666666,45.333333333333336,20.77777777777778,23.249966666666666,2.2058823529411766
IND362150AAA,IND362001AAA,Carting,54,1.5555555555555556,1.814857702815219,0.7777777777777778,0.5370370370370371,22.333333333333332,13.222222222222221,13.82153888888889,1.5555555555555556
IND361335AAA,IND360002AAB,FTL,9,1.4,1.2571467854898792,0.7777777777777778,0.3333333333333333,27.444444444444443,28.555555555555557,34.221244444444444,1.4
IND151001AAA,IND151103AAA,FTL,9,1.5,1.6310726310726311,0.7777777777777778,0.4444444444444444,19.666666666666668,14.222222222222221,15.382877777777777,1.5
IND328001AAA,IND474003AAA,FTL,18,1.4415584415584415,1.4844135704747,0.7777777777777778,0.4444444444444444,33.888888888888886,24.72222222222222,26.13733333333333,1.4415584415584415
IND141115AAA,IND000000ACA,FTL,18,1.4543650793650793,2.243900259055207,0.7777777777777778,0.3888888888888889,35.388888888888886,24.22222222222222,23.74128888888889,1.4543650793650793
IND614809AAA,IND610001AAA,Carting,76,1.75,2.2406704514890516,0.7763157894736842,0.6578947368421053,21.61842105263158,15.947368421052632,18.237669736842104,1.75
IND411033AAA,IND501359AAE,FTL,263,1.5,1.758088937429856,0.7756653992395437,0.49049429657794674,33.50190114068441,23.269961977186313,29.326379087452473,1.5
IND577522AAA,IND562132AAA,FTL,80,1.375,2.2793462633557575,0.775,0.2875,25.775,17.2625,23.15966125,1.375
IND642001AAA,IND641062AAD,Carting,102,1.4,1.5891633950844477,0.7745098039215687,0.3431372549019608,14.823529411764707,9.558823529411764,9.893350980392157,1.4
IND302014AAB,IND302020AAA,Carting,31,2.0,2.454339925307667,0.7741935483870968,0.7419354838709677,16.903225806451612,7.516129032258065,8.440009677419356,2.0
IND673592AAA,IND562132AAA,FTL,119,1.7567567567567568,2.0149740634861084,0.773109243697479,0.6218487394957983,47.38655462184874,26.6218487394958,27.169711764705884,1.7567567567567568
IND458001AAB,IND458990AAA,FTL,22,1.6666666666666667,2.7767964084663688,0.7727272727272727,0.5,27.863636363636363,14.045454545454545,15.516145454545455,1.6666666666666667
IND600016AAC,IND600119AAA,Carting,22,1.681159420289855,2.0745512171934575,0.7727272727272727,0.6363636363636364,27.272727272727273,13.909090909090908,13.604199999999999,1.681159420289855
IND494334AAB,IND493445AAB,FTL,66,1.5653409090909092,1.7441560244253873,0.7727272727272727,0.6212121212121212,38.93939393939394,27.90909090909091,30.611092424242425,1.5653409090909092
IND322201AAA,IND302014AAB,Carting,22,1.625,2.5398088023088023,0.7727272727272727,0.5454545454545454,17.181818181818183,7.7727272727272725,11.242322727272727,1.625
IND282001AAA,IND110037AAM,Carting,57,1.6666666666666667,1.9526912716145899,0.7719298245614035,0.543859649122807,18.94736842105263,16.82456140350877,19.1419,1.6666666666666667
IND563131AAB,IND560300AAB,Carting,35,1.5714285714285714,1.7057269201386849,0.7714285714285715,0.5142857142857142,29.0,13.6,13.78198857142857,1.5714285714285714
IND501359AAE,IND500080AAB,Carting,70,1.547008547008547,2.0331181656811905,0.7714285714285715,0.5142857142857142,19.9,10.042857142857143,10.93018,1.547008547008547
IND562132AAA,IND501359AAE,FTL,175,1.4444444444444444,1.5920155199388941,0.7714285714285715,0.42857142857142855,33.28,20.834285714285713,26.599214285714286,1.4444444444444444
IND302022AAD,IND000000ACB,Carting,153,1.625,1.7050018439144254,0.7712418300653595,0.5816993464052288,13.96078431372549,9.22875816993464,12.106816339869281,1.625
IND560043AAC,IND562132AAA,Carting,48,1.75,2.285543237551415,0.7708333333333334,0.5625,31.666666666666668,14.395833333333334,11.332316666666665,1.75
IND577201AAA,IND562132AAA,FTL,100,1.656862745098039,1.7704803199776444,0.77,0.65,38.33,23.32,25.83495,1.656862745098039
IND302014AAA,IND301001AAB,FTL,126,1.387844611528822,1.9465695004276,0.7698412698412699,0.3888888888888889,36.26190476190476,23.41269841269841,27.566358730158733,1.387844611528822
IND742226AAA,IND742102AAB,Carting,39,2.0,2.458519258078677,0.7692307692307693,0.6410256410256411,27.17948717948718,11.666666666666666,11.1007,2.0
IND733129AAB,IND733129AAA,Carting,13,1.5,1.9051670551670552,0.7692307692307693,0.46153846153846156,16.307692307692307,8.461538461538462,9.400538461538462,1.5
IND577535AAC,IND577522AAA,FTL,26,1.5,1.7325861230272996,0.7692307692307693,0.46153846153846156,23.346153846153847,14.76923076923077,21.514226923076926,1.5
IND415408AAC,IND416012AAA,FTL,13,3.26,3.824206307423485,0.7692307692307693,0.7692307692307693,163.6153846153846,40.07692307692308,40.51033846153847,3.26
IND411033AAA,IND580028AAA,FTL,95,1.5263157894736843,1.6937706878584462,0.7684210526315789,0.5052631578947369,32.1578947368421,20.347368421052632,25.439115789473682,1.5263157894736843
IND110044AAB,IND131028AAB,Carting,198,1.6547619047619047,2.0569612925175127,0.7676767676767676,0.5757575757575758,19.065656565656564,11.212121212121213,10.20864696969697,1.6547619047619047
IND562132AAA,IND560058AAD,Carting,86,1.6666666666666667,4.5187498785724,0.7674418604651163,0.6162790697674418,32.674418604651166,13.069767441860465,10.409262790697674,1.6666666666666667
IND712311AAA,IND000000ACB,FTL,656,1.6,1.9226013861452174,0.7667682926829268,0.5746951219512195,34.96798780487805,25.07469512195122,32.52422012195122,1.6
IND203396AAB,IND203390AAA,FTL,30,1.3702107279693487,1.6849471160525928,0.7666666666666667,0.4,26.933333333333334,20.533333333333335,17.34478,1.3702107279693487
IND245101AAA,IND245304AAA,Carting,30,2.3842105263157896,2.259541910331384,0.7666666666666667,0.7666666666666667,22.3,9.866666666666667,8.991356666666666,2.3842105263157896
IND679531AAA,IND680587AAA,Carting,30,1.45,1.508123496873497,0.7666666666666667,0.43333333333333335,17.366666666666667,11.633333333333333,10.11947,1.45
IND110030AAD,IND000000ACB,Carting,34,1.595959595959596,3.8845113988280078,0.7647058823529411,0.5882352941176471,38.294117647058826,10.705882352941176,11.262055882352941,1.595959595959596
IND562132AAA,IND560048AAB,Carting,72,1.5,1.9479055259063642,0.7638888888888888,0.4861111111111111,20.36111111111111,11.277777777777779,9.5357375,1.5
IND000000ABD,IND562132AAA,FTL,144,1.4285714285714286,1.5840831675646816,0.7638888888888888,0.4375,53.8125,33.36805555555556,37.15083680555556,1.4285714285714286
IND641062AAD,IND642126AAA,Carting,118,1.3333333333333333,1.9213195588293979,0.7627118644067796,0.2033898305084746,17.805084745762713,10.254237288135593,10.143151694915256,1.3333333333333333
IND160002AAC,IND000000ACA,FTL,118,1.8666666666666667,1.665059455733683,0.7627118644067796,0.6694915254237288,29.28813559322034,18.949152542372882,27.1128593220339,1.8666666666666667
IND283203AAA,IND110037AAM,Carting,21,1.8181818181818181,1.9233982032991233,0.7619047619047619,0.6190476190476191,20.238095238095237,17.142857142857142,20.234709523809524,1.8181818181818181
IND285001AAD,IND285205AAB,FTL,42,1.5714285714285714,1.953071337681354,0.7619047619047619,0.5476190476190477,23.928571428571427,15.714285714285714,14.63902619047619,1.5714285714285714
IND686028AAB,IND689101AAA,Carting,46,1.3333333333333333,1.5519151138716354,0.7608695652173914,0.10869565217391304,12.021739130434783,8.326086956521738,9.504160869565217,1.3333333333333333
IND131021AAA,IND131028AAA,Carting,96,1.5773809523809523,2.063273271867022,0.7604166666666666,0.53125,10.145833333333334,6.427083333333333,7.90898125,1.5773809523809523
IND562132AAA,IND560078AAC,Carting,75,1.5384615384615385,1.9464293918641746,0.76,0.5066666666666667,22.173333333333332,12.6,12.695103999999999,1.5384615384615385
IND000000ACB,IND328001AAA,FTL,50,1.5,1.7462044366894278,0.76,0.48,35.68,23.26,26.427885999999997,1.5
IND742401AAA,IND742101AAC,Carting,25,2.3333333333333335,2.6475793659868234,0.76,0.76,41.48,21.64,20.668188,2.3333333333333335
IND000000ACB,IND110037AAK,Carting,158,1.5,2.8718524408443087,0.759493670886076,0.4936708860759494,23.525316455696203,9.968354430379748,10.366716455696203,1.5
IND603301AAA,IND600044AAD,Carting,112,1.6666666666666667,2.1543846530453674,0.7589285714285714,0.5982142857142857,17.5,7.758928571428571,10.173383928571429,1.6666666666666667
IND160002AAC,IND181152AAA,FTL,29,1.4583333333333333,1.790730629855013,0.7586206896551724,0.4827586206896552,39.172413793103445,24.275862068965516,27.315172413793103,1.4583333333333333
IND562132AAA,IND560043AAC,Carting,66,1.5166666666666666,1.8401737052806573,0.7575757575757576,0.5,20.757575757575758,11.93939393939394,9.858201515151515,1.5166666666666666
IND209304AAA,IND208006AAA,Carting,37,2.0,2.4790217326982034,0.7567567567567568,0.6756756756756757,26.16216216216216,16.43243243243243,21.864262162162163,2.0
IND518002AAA,IND562132AAA,FTL,152,1.3879928315412187,1.4668776670520414,0.756578947368421,0.3092105263157895,30.68421052631579,22.460526315789473,26.98019078947368,1.3879928315412187
IND501359AAE,IND523002AAA,FTL,143,1.5,1.5604695980427385,0.7552447552447552,0.4755244755244755,38.99300699300699,28.76923076923077,36.48641678321678,1.5
IND411033AAA,IND411021AAA,Carting,49,2.0,5.550391275391275,0.7551020408163265,0.6326530612244898,32.857142857142854,10.46938775510204,9.193208163265306,2.0
IND110043AAA,IND110078AAA,Carting,65,1.4705882352941178,2.550761330173095,0.7538461538461538,0.4461538461538462,20.753846153846155,11.36923076923077,9.957321538461539,1.4705882352941178
IND560058AAB,IND560060AAB,Carting,85,1.5,1.8440108334572003,0.7529411764705882,0.4470588235294118,12.552941176470588,8.352941176470589,8.110798823529413,1.5
IND504251AAA,IND504293AAA,FTL,4,2.0695652173913044,2.091106719367589,0.75,0.5,41.75,18.0,20.111025,2.0695652173913044
IND624001AAA,IND624703AAA,FTL,4,1.2857142857142858,1.3035714285714286,0.75,0.0,22.5,17.5,19.346075,1.2857142857142858
IND768028AAA,IND767001AAA,FTL,4,2.135416666666667,1.9431612318840579,0.75,0.75,31.0,56.0,66.25485,2.135416666666667
IND247554AAA,IND248001AAD,FTL,8,1.5357142857142856,1.5076405663716717,0.75,0.5,44.625,34.75,26.416275,1.5357142857142856
IND247554AAA,IND248001AAA,FTL,48,1.5263157894736843,1.4445532078631864,0.75,0.5208333333333334,37.416666666666664,34.8125,26.506454166666668,1.5263157894736843
IND422605AAA,IND423109AAA,Carting,4,1.7443181818181817,1.9428112648221343,0.75,0.5,40.5,18.5,19.9877,1.7443181818181817
IND826004AAA,IND815353AAA,FTL,12,1.8546218487394959,1.948112459915427,0.75,0.6666666666666666,49.583333333333336,30.833333333333332,28.529566666666668,1.8546218487394959
IND425401AAA,IND425109AAA,Carting,4,1.6161616161616161,2.0858585858585856,0.75,0.5,11.5,7.5,8.440725,1.6161616161616161
IND431603AAA,IND431401AAA,Carting,4,4.479166666666666,8.507440476190476,0.75,0.75,51.5,12.0,15.0106,4.479166666666666
IND600076AAB,IND600056AAB,Carting,8,1.5,1.638640873015873,0.75,0.375,19.5,12.375,13.3139875,1.5
IND571313AAB,IND571440AAA,FTL,20,1.3279569892473118,1.8947242356131113,0.75,0.35,36.8,23.2,19.930985,1.3279569892473118
IND148023AAA,IND148001AAA,FTL,4,1.3095238095238095,1.2996482683982684,0.75,0.0,19.5,14.5,16.461775,1.3095238095238095
IND756100AAC,IND757037AAA,FTL,4,1.7380952380952381,1.5239938895912348,0.75,0.5,49.25,47.25,54.647725,1.7380952380952381
IND562132AAA,IND577501AAA,FTL,8,1.5479166666666666,1.68781366713352,0.75,0.625,31.375,19.25,24.210025,1.5479166666666666
IND321408AAB,IND321606AAA,FTL,8,2.103448275862069,2.6222906403940884,0.75,0.75,31.625,17.375,20.144537500000002,2.103448275862069
IND125005AAA,IND335524AAA,FTL,12,1.5855978260869565,1.695454910851078,0.75,0.5833333333333334,46.0,28.583333333333332,30.326508333333333,1.5855978260869565
IND380005AAA,IND382721AAA,Carting,4,3.32967032967033,3.6563124375624376,0.75,0.5,30.25,9.75,9.66815,3.32967032967033
IND521225AAB,IND521001AAA,FTL,4,1.7386363636363638,1.7322811447811448,0.75,0.75,37.25,18.75,23.20555,1.7386363636363638
IND530012AAA,IND531036AAA,Carting,4,2.4595588235294117,2.556168300653595,0.75,0.75,26.75,10.5,11.1524,2.4595588235294117
IND742102AAB,IND742121AAB,Carting,4,4.815217391304348,5.603950159066808,0.75,0.75,94.75,36.25,44.229375,4.815217391304348
IND641062AAD,IND641607AAA,FTL,20,1.6346153846153846,1.4662910824807376,0.75,0.55,30.0,18.0,21.242475000000002,1.6346153846153846
IND232104AAB,IND233221AAC,Carting,8,2.7105263157894735,2.187032554011307,0.75,0.75,35.375,29.0,28.028499999999998,2.7105263157894735
IND623315AAB,IND614620AAA,Carting,60,1.5,1.6399907037407038,0.75,0.48333333333333334,11.15,7.183333333333334,8.770436666666665,1.5
IND562132AAA,IND560066AAB,Carting,8,1.9954545454545454,2.044651182151182,0.75,0.75,24.75,13.0,11.4656125,1.9954545454545454
IND854334AAA,IND854335AAA,FTL,4,1.358974358974359,1.4294871794871795,0.75,0.25,20.25,14.75,18.250375,1.358974358974359
IND641062AAD,IND641008AAA,Carting,8,1.737012987012987,2.6453147546897546,0.75,0.625,22.25,9.375,9.108675,1.737012987012987
IND110037AAM,IND131028AAB,Carting,4,2.3863636363636367,2.5056818181818183,0.75,0.75,31.0,14.25,11.0083,2.3863636363636367
IND341001AAC,IND341030AAA,FTL,4,1.4388586956521738,2.098191889632107,0.75,0.5,35.0,18.75,20.920525,1.4388586956521738
IND415409AAB,IND415124AAA,FTL,24,1.8947368421052633,2.5010366344605477,0.75,0.6666666666666666,21.166666666666668,12.083333333333334,16.04455,1.8947368421052633
IND391110AAD,IND390022AAA,Carting,4,1.5277777777777777,2.951388888888889,0.75,0.5,32.5,8.75,9.60605,1.5277777777777777
IND815353AAA,IND814112AAA,FTL,4,1.3095238095238095,1.9952380952380953,0.75,0.25,24.5,19.0,19.48015,1.3095238095238095
IND132103AAB,IND132001AAA,FTL,4,1.5142857142857142,1.3890873015873015,0.75,0.5,23.25,17.5,22.177975,1.5142857142857142
IND792103AAB,IND792001AAA,Carting,44,1.4285714285714286,1.615192272827615,0.75,0.4090909090909091,15.863636363636363,27.15909090909091,38.44345909090909,1.4285714285714286
IND636005AAA,IND636016AAA,Carting,4,1.85,1.8572916666666666,0.75,0.75,19.0,11.0,11.836725,1.85
IND263601AAA,IND263153AAB,FTL,4,1.393939393939394,3.6776345545002265,0.75,0.25,81.5,44.0,30.781725,1.393939393939394
IND400015AAA,IND421302AAG,Carting,4,1.8375,3.803670634920635,0.75,0.75,26.75,7.25,10.137825,1.8375
IND396191AAB,IND421302AAG,FTL,12,1.6578947368421053,2.034884448319507,0.75,0.6666666666666666,44.416666666666664,23.166666666666668,27.65518333333333,1.6578947368421053
IND122001AAA,IND122001AAD,Carting,4,2.846153846153846,2.500854700854701,0.75,0.75,29.0,11.25,10.97475,2.846153846153846
IND302014AAA,IND332404AAA,FTL,4,1.5416666666666665,2.150090299277606,0.75,0.5,34.75,15.5,21.950475,1.5416666666666665
IND302014AAB,IND302006AAA,Carting,32,1.6931818181818183,1.566421469155844,0.75,0.625,16.3125,10.53125,9.334434375,1.6931818181818183
IND305404AAA,IND305001AAC,FTL,4,1.7818181818181817,1.9524475524475524,0.75,0.5,51.0,22.5,24.8368,1.7818181818181817
IND600016AAA,IND600119AAA,Carting,16,2.184659090909091,2.440008775946276,0.75,0.6875,31.4375,12.8125,12.00148125,2.184659090909091
IND768028AAB,IND767001AAA,FTL,4,2.2150735294117645,2.6869668974147034,0.75,0.75,37.0,55.75,66.24477499999999,2.2150735294117645
IND160003AAA,IND160002AAC,Carting,4,2.611111111111111,3.0747863247863245,0.75,0.5,25.25,9.25,9.482775,2.611111111111111
IND303301AAB,IND303303AAA,Carting,40,1.3333333333333333,1.5817330586080585,0.75,0.325,9.95,6.475,9.3304775,1.3333333333333333
IND302026AAA,IND302014AAB,Carting,4,8.154761904761905,8.938492063492063,0.75,0.75,157.75,17.25,17.434525,8.154761904761905
IND160002AAC,IND174001AAA,FTL,76,1.4691666666666667,1.901692526682917,0.75,0.4868421052631579,62.53947368421053,29.13157894736842,33.432464473684206,1.4691666666666667
IND602024AAA,IND600116AAB,Carting,8,1.8214285714285716,1.961748545572075,0.75,0.625,25.5,12.0,10.652574999999999,1.8214285714285716
IND585104AAA,IND585314AAA,Carting,20,1.6875,2.2614946164946166,0.75,0.5,16.9,7.55,8.45003,1.6875
IND581303AAA,IND581325AAA,FTL,8,1.4748330765279918,1.7512513725802736,0.75,0.5,34.75,23.25,25.3184875,1.4748330765279918
IND403726AAA,IND581400AAB,FTL,4,1.666923076923077,1.7421153846153845,0.75,0.75,51.5,26.75,28.949975,1.666923076923077
IND403507AAA,IND403726AAB,Carting,8,1.3868421052631579,6.034602130325814,0.75,0.375,62.0,14.125,10.87755,1.3868421052631579
IND125111AAA,IND125121AAA,FTL,4,2.1527777777777777,2.4511141636141636,0.75,0.75,51.5,20.75,20.101825,2.1527777777777777
IND486001AAA,IND486771AAA,FTL,4,1.8400735294117647,2.0203518907563023,0.75,0.75,69.0,32.25,31.650525,1.8400735294117647
IND152024AAA,IND152123AAA,FTL,4,1.4444444444444444,1.9698412698412697,0.75,0.5,26.25,15.25,16.5055,1.4444444444444444
IND282001AAC,IND000000ACB,FTL,16,1.8371212121212122,2.166777268670053,0.75,0.5625,35.9375,32.5,36.7811875,1.8371212121212122
IND470117AAA,IND470227AAB,FTL,24,1.5560224089635852,1.689431012660511,0.75,0.5416666666666666,43.5,35.458333333333336,43.48748750000001,1.5560224089635852
IND160102AAD,IND160002AAD,Carting,12,1.5166666666666666,2.115116365116365,0.75,0.5,18.833333333333332,9.666666666666666,10.214925,1.5166666666666666
IND635001AAA,IND562132AAA,FTL,20,1.4696029776674937,1.9339834407744843,0.75,0.5,41.15,24.4,25.488970000000002,1.4696029776674937
IND631501AAA,IND600056AAB,Carting,4,3.3412698412698414,10.368894108255809,0.75,0.75,412.25,18.5,23.977825,3.3412698412698414
IND465333AAA,IND462022AAA,FTL,12,1.613721804511278,1.9257157432561105,0.75,0.5,47.833333333333336,27.666666666666668,28.675933333333333,1.613721804511278
IND341505AAA,IND341510AAB,FTL,4,1.6295210166177907,1.5928855083088953,0.75,0.5,53.25,37.0,26.096325,1.6295210166177907
IND140401AAA,IND000000ACA,FTL,12,1.6171171171171173,2.337362134862135,0.75,0.6666666666666666,33.166666666666664,18.916666666666668,26.75770833333333,1.6171171171171173
IND516001AAA,IND516227AAA,FTL,4,1.7742857142857145,1.7240993788819876,0.75,0.5,40.0,23.0,26.804924999999997,1.7742857142857145
IND142001AAB,IND151001AAA,FTL,4,1.5416666666666667,1.481468253968254,0.75,0.5,43.5,28.75,32.93165,1.5416666666666667
IND752055AAA,IND751002AAB,Carting,4,1.7142857142857144,1.5678571428571428,0.75,0.5,12.0,8.0,11.458475,1.7142857142857144
IND562132AAA,IND560099AAB,Carting,431,1.4444444444444444,1.7794528142819428,0.7470997679814385,0.419953596287703,19.389791183294662,11.329466357308585,11.137585614849188,1.4444444444444444
IND638657AAA,IND638701AAA,Carting,59,1.5,1.8560946586370315,0.7457627118644068,0.4576271186440678,11.745762711864407,7.677966101694915,8.662094915254237,1.5
IND600056AAB,IND562132AAA,FTL,208,1.4,1.5200410846278614,0.7451923076923077,0.38461538461538464,35.1875,23.596153846153847,27.672986057692306,1.4
IND560099AAB,IND562132AAA,Carting,367,1.4285714285714286,1.9325477180665613,0.7438692098092643,0.4196185286103542,21.13351498637602,11.80108991825613,11.576551498637603,1.4285714285714286
IND211002AAB,IND209304AAA,FTL,144,1.6055555555555556,1.8300285913021885,0.7430555555555556,0.6111111111111112,30.25,21.291666666666668,30.65301041666667,1.6055555555555556
IND814133AAB,IND816109AAA,FTL,35,1.6,1.6595651584667843,0.7428571428571429,0.5428571428571428,59.57142857142857,40.114285714285714,51.45536,1.6
IND562132AAA,IND560300AAA,Carting,587,1.4545454545454546,1.7448228668483603,0.7427597955706985,0.43611584327086883,22.267461669505963,13.178875638841568,11.646143270868825,1.4545454545454546
IND691001AAB,IND691506AAA,Carting,62,1.3818181818181818,1.5281443466927338,0.7419354838709677,0.3548387096774194,11.64516129032258,8.17741935483871,7.942708064516129,1.3818181818181818
IND560300AAA,IND560099AAB,Carting,422,1.6770833333333335,2.022016953507846,0.7417061611374408,0.5829383886255924,27.334123222748815,13.817535545023697,13.75328317535545,1.6770833333333335
IND562132AAA,IND560085AAA,Carting,54,1.6904761904761905,2.0401426995956693,0.7407407407407407,0.5740740740740741,22.537037037037038,11.24074074074074,11.220003703703703,1.6904761904761905
IND411033AAA,IND421302AAG,FTL,519,1.3793103448275863,1.8272960437635155,0.7398843930635838,0.4007707129094412,44.761078998073216,23.786127167630056,27.5689591522158,1.3793103448275863
IND508206AAA,IND507159AAA,FTL,23,1.5,1.9017305927853738,0.7391304347826086,0.4782608695652174,26.52173913043478,19.0,25.163482608695652,1.5
IND562132AAA,IND560099AAB,FTL,76,1.387037037037037,1.5105544209699517,0.7368421052631579,0.32894736842105265,41.18421052631579,27.56578947368421,26.530513157894735,1.387037037037037
IND110043AAA,IND000000ACB,Carting,19,2.3,4.423965327757897,0.7368421052631579,0.6842105263157895,49.31578947368421,11.947368421052632,12.429226315789474,2.3
IND562132AAA,IND560058AAB,Carting,34,1.8920454545454546,2.2695300422376548,0.7352941176470589,0.6176470588235294,16.647058823529413,9.264705882352942,8.033464705882352,1.8920454545454546
IND000000ACB,IND411033AAA,FTL,1112,1.5,1.6391864436052437,0.7347122302158273,0.48741007194244607,34.95413669064748,22.83992805755396,28.12429559352518,1.5
IND400701AAA,IND410206AAA,Carting,49,1.6666666666666667,1.8655844722171253,0.7346938775510204,0.6122448979591837,15.653061224489797,8.183673469387756,9.244083673469389,1.6666666666666667
IND826004AAA,IND821115AAB,FTL,49,1.588235294117647,1.975220000370451,0.7346938775510204,0.5918367346938775,31.877551020408163,27.142857142857142,33.771426530612246,1.588235294117647
IND000000ACB,IND110085AAB,Carting,162,1.4545454545454546,2.553076820972561,0.7345679012345679,0.4444444444444444,17.030864197530864,10.098765432098766,10.16452098765432,1.4545454545454546
IND530012AAA,IND531001AAA,Carting,15,1.75,1.5174531024531024,0.7333333333333333,0.7333333333333333,13.6,8.933333333333334,9.021133333333333,1.75
IND345021AAA,IND342301AAA,FTL,30,1.3229166666666665,1.577757031839849,0.7333333333333333,0.4,21.6,14.7,20.901130000000002,1.3229166666666665
IND302014AAB,IND303901AAA,Carting,30,1.4318181818181817,3.465190087690088,0.7333333333333333,0.4666666666666667,22.1,9.1,10.314596666666667,1.4318181818181817
IND151001AAA,IND160002AAC,FTL,161,1.4,1.5270359558928348,0.7329192546583851,0.391304347826087,34.24844720496895,21.68944099378882,27.415641614906836,1.4
IND560099AAB,IND683511AAA,FTL,223,1.3888888888888888,1.502496311804275,0.7309417040358744,0.35874439461883406,44.17040358744394,30.345291479820627,33.60235067264574,1.3888888888888888
IND683511AAA,IND680104AAA,FTL,48,1.3879598662207357,1.4538740784308082,0.7291666666666666,0.3541666666666667,43.375,30.0,25.8788375,1.3879598662207357
IND411033AAA,IND000000ACB,FTL,924,1.5,1.6992001950330198,0.7283549783549783,0.4837662337662338,34.0,23.242424242424242,28.667086688311688,1.5
IND826004AAA,IND815351AAA,FTL,22,1.759142496847415,1.990252580723665,0.7272727272727273,0.6363636363636364,65.77272727272727,35.0,36.84331363636364,1.759142496847415
IND302014AAA,IND110037AAM,FTL,154,1.4285714285714286,1.664990796495133,0.7272727272727273,0.3961038961038961,32.98701298701299,21.064935064935064,27.019747402597407,1.4285714285714286
IND411033AAA,IND400072AAB,FTL,40,1.8944444444444444,1.76985780260294,0.725,0.675,39.05,21.975,26.63716,1.8944444444444444
IND560002AAA,IND562132AAA,Carting,65,1.9130434782608696,2.228621993843682,0.7230769230769231,0.6153846153846154,26.523076923076925,13.123076923076923,11.977533846153847,1.9130434782608696
IND562132AAA,IND000000ACS,Carting,18,1.6,1.5336919977499688,0.7222222222222222,0.5555555555555556,18.61111111111111,12.444444444444445,12.776727777777777,1.6
IND770001AAA,IND770017AAB,FTL,18,1.4744245524296675,1.6097654391381302,0.7222222222222222,0.4444444444444444,31.666666666666668,20.27777777777778,21.80802222222222,1.4744245524296675
IND560002AAA,IND560099AAB,Carting,36,1.6741071428571428,2.8893746798771307,0.7222222222222222,0.5277777777777778,29.97222222222222,11.666666666666666,10.4538,1.6741071428571428
IND363641AAA,IND363621AAB,Carting,18,1.353846153846154,1.2846736596736597,0.7222222222222222,0.2777777777777778,16.27777777777778,13.0,13.648305555555556,1.353846153846154
IND133004AAA,IND135001AAA,FTL,18,1.466403162055336,1.6139647262644976,0.7222222222222222,0.4444444444444444,29.72222222222222,17.72222222222222,18.82138888888889,1.466403162055336
IND562132AAA,IND572101AAA,Carting,18,1.3666666666666667,1.3625780084113417,0.7222222222222222,0.3888888888888889,10.88888888888889,8.88888888888889,9.88738888888889,1.3666666666666667
IND000000ACB,IND110030AAD,Carting,133,1.5555555555555556,1.9021809135294345,0.7218045112781954,0.5263157894736842,19.646616541353385,10.699248120300751,11.061172932330827,1.5555555555555556
IND600056AAB,IND600076AAB,Carting,61,1.5,1.484454797825858,0.7213114754098361,0.4918032786885246,18.950819672131146,12.655737704918034,13.512068852459016,1.5
IND000000ACB,IND462022AAA,FTL,458,1.4516129032258065,1.5728623770128254,0.7205240174672489,0.45414847161572053,42.161572052401745,28.403930131004365,30.795476637554582,1.4516129032258065
IND560058AAB,IND562132AAA,Carting,25,1.5,2.211524935332985,0.72,0.48,17.0,11.16,8.117356,1.5
IND560300AAA,IND560078AAC,Carting,64,2.2272727272727275,2.5808308664106363,0.71875,0.609375,28.4375,11.015625,10.6714234375,2.2272727272727275
IND509216AAC,IND501359AAE,Carting,21,1.4285714285714286,1.7360235003092146,0.7142857142857143,0.2857142857142857,14.238095238095237,8.19047619047619,10.481619047619049,1.4285714285714286
IND141003AAB,IND000000ACA,Carting,7,1.8181818181818181,1.8885543028400171,0.7142857142857143,0.7142857142857143,18.428571428571427,10.0,13.949542857142857,1.8181818181818181
IND415301AAB,IND413307AAB,Carting,14,1.8571428571428572,2.4801813787716043,0.7142857142857143,0.5714285714285714,17.642857142857142,9.857142857142858,10.552414285714287,1.8571428571428572
IND370201AAA,IND363310AAB,FTL,7,1.565217391304348,1.9912518022636827,0.7142857142857143,0.5714285714285714,41.0,23.714285714285715,23.89237142857143,1.565217391304348
IND600056AAB,IND600044AAD,Carting,21,1.4,1.5160042964554243,0.7142857142857143,0.3333333333333333,19.952380952380953,15.0,15.111566666666667,1.4
IND147001AAB,IND160002AAC,FTL,14,2.05,1.9666513618403292,0.7142857142857143,0.7142857142857143,101.0,54.142857142857146,45.422042857142856,2.05
IND362001AAA,IND360575AAA,Carting,112,1.3798076923076923,1.632919213722785,0.7142857142857143,0.375,12.571428571428571,8.178571428571429,10.739514285714284,1.3798076923076923
IND411014AAA,IND411043AAA,Carting,14,3.166666666666667,7.581272893772895,0.7142857142857143,0.6428571428571429,53.42857142857143,8.642857142857142,8.325535714285714,3.166666666666667
IND757041AAA,IND756019AAA,FTL,7,1.5,2.407490514633372,0.7142857142857143,0.42857142857142855,93.57142857142857,33.142857142857146,32.71777142857143,1.5
IND209304AAA,IND208012AAA,Carting,42,2.0,1.6069564062121517,0.7142857142857143,0.7142857142857143,16.952380952380953,21.11904761904762,28.4461,2.0
IND560099AAB,IND560078AAC,Carting,56,1.4907407407407407,1.6425253192053002,0.7142857142857143,0.48214285714285715,20.428571428571427,12.196428571428571,11.423176785714286,1.4907407407407407
IND854334AAA,IND852118A1B,FTL,7,1.2857142857142858,1.2545911645290528,0.7142857142857143,0.0,26.857142857142858,21.428571428571427,23.690214285714287,1.2857142857142858
IND781018AAB,IND781003AAA,Carting,14,1.8975694444444444,2.3761110185852954,0.7142857142857143,0.5714285714285714,39.5,24.642857142857142,24.03102857142857,1.8975694444444444
IND502110AAA,IND502313AAA,FTL,38,1.2857142857142858,1.5049409114912546,0.7105263157894737,0.3157894736842105,25.36842105263158,17.763157894736842,19.833634210526316,1.2857142857142858
IND384355AAB,IND385001AAA,FTL,31,1.5,1.5294654357300506,0.7096774193548387,0.4838709677419355,37.83870967741935,25.741935483870968,24.30696129032258,1.5
IND560083AAB,IND562132AAA,Carting,110,1.430952380952381,1.8673773029296286,0.7090909090909091,0.44545454545454544,25.263636363636362,11.790909090909091,11.60994,1.430952380952381
IND263153AAB,IND244715AAA,FTL,48,1.8380952380952382,1.9285741508292455,0.7083333333333334,0.6458333333333334,54.895833333333336,30.8125,27.748212499999998,1.8380952380952382
IND201301AAL,IND201301AAF,Carting,24,1.712820512820513,1.7130255161505161,0.7083333333333334,0.5833333333333334,20.375,12.0,11.054491666666665,1.712820512820513
IND581303AAA,IND581400AAB,FTL,24,1.5,2.076628504201705,0.7083333333333334,0.4583333333333333,26.416666666666668,21.625,23.222020833333332,1.5
IND110044AAB,IND000000ACB,Carting,452,1.4409722222222223,1.9305805310816766,0.7079646017699115,0.4579646017699115,18.86725663716814,10.730088495575222,11.591422345132743,1.4409722222222223
IND000000ACT,IND131028AAB,Carting,164,1.535897435897436,1.8973421287247132,0.7073170731707317,0.5182926829268293,22.451219512195124,13.634146341463415,10.884534146341464,1.535897435897436
IND000000AEL,IND000000ACB,Carting,102,1.554945054945055,3.0121388991631206,0.7058823529411765,0.5098039215686274,25.735294117647058,9.980392156862745,11.031919607843136,1.554945054945055
IND560099AAB,IND560085AAA,Carting,34,2.083333333333333,2.319944446652924,0.7058823529411765,0.6176470588235294,27.205882352941178,11.147058823529411,9.910020588235295,2.083333333333333
IND624619AAA,IND624601AAA,FTL,17,1.25,1.8943051109163642,0.7058823529411765,0.4117647058823529,19.235294117647058,15.0,15.917870588235292,1.25
IND322001AAC,IND302014AAB,Carting,34,1.3541666666666665,1.5944829690808386,0.7058823529411765,0.35294117647058826,20.176470588235293,16.470588235294116,14.53420294117647,1.3541666666666665
IND642126AAA,IND642001AAA,Carting,61,1.3333333333333333,1.4998450547630875,0.7049180327868853,0.22950819672131148,11.60655737704918,8.163934426229508,8.536339344262297,1.3333333333333333
IND560099AAB,IND560300AAA,Carting,605,1.5294117647058822,1.871819485072082,0.7041322314049587,0.5024793388429752,22.598347107438016,12.644628099173554,12.11488347107438,1.5294117647058822
IND388121AAA,IND388620AAB,Carting,54,1.3923076923076922,1.627801519468186,0.7037037037037037,0.37037037037037035,14.166666666666666,8.75925925925926,9.95512962962963,1.3923076923076922
IND521225AAB,IND507002AAA,FTL,67,1.4166666666666667,2.1899820560271004,0.7014925373134329,0.417910447761194,48.776119402985074,32.3134328358209,32.082867164179106,1.4166666666666667
IND184104AAA,IND181152AAA,FTL,10,1.435897435897436,1.4754413919413918,0.7,0.5,30.4,21.0,23.33143,1.435897435897436
IND560099AAB,IND515004AAA,FTL,10,1.425213675213675,1.350798663324979,0.7,0.3,31.1,22.8,26.010070000000002,1.425213675213675
IND132103AAA,IND132001AAA,FTL,10,1.6266233766233766,1.6675639915639917,0.7,0.6,29.8,18.6,21.3347,1.6266233766233766
IND181152AAA,IND184121AAA,FTL,10,1.4722222222222223,1.8014444444444444,0.7,0.4,23.1,15.7,18.00112,1.4722222222222223
IND424006AAA,IND423106AAA,FTL,20,1.2899159663865547,1.8680969418139628,0.7,0.1,21.5,16.15,20.769190000000002,1.2899159663865547
IND362220AAA,IND362265AAA,Carting,10,1.6,1.6676190476190478,0.7,0.6,9.8,5.9,8.93258,1.6
IND573103AAA,IND577116AAA,FTL,10,1.4058823529411764,1.4038109031491384,0.7,0.3,19.9,15.0,19.76545,1.4058823529411764
IND560099AAB,IND562132AAA,FTL,50,1.283882783882784,1.4485624472486702,0.7,0.3,40.38,27.92,26.649274000000002,1.283882783882784
IND581400AAB,IND581325AAA,FTL,30,1.6186440677966103,1.7368681787760225,0.7,0.6333333333333333,45.53333333333333,44.46666666666667,47.94093,1.6186440677966103
IND683511AAA,IND000000ADM,Carting,30,1.519047619047619,1.6037103174603176,0.7,0.5,17.066666666666666,10.733333333333333,9.815339999999999,1.519047619047619
IND563131AAB,IND560300AAA,Carting,20,1.6904761904761905,1.7495552692921112,0.7,0.55,20.4,12.0,13.210849999999999,1.6904761904761905
IND560060AAB,IND562132AAA,Carting,56,1.7333333333333334,2.175659611930897,0.6964285714285714,0.5714285714285714,20.178571428571427,10.75,9.587576785714287,1.7333333333333334
IND303603AAB,IND302014AAB,Carting,36,1.5555555555555556,2.235165511240073,0.6944444444444444,0.5277777777777778,31.333333333333332,13.527777777777779,13.311444444444444,1.5555555555555556
IND302014AAB,IND302004AAA,Carting,49,1.5833333333333333,2.3829671928711544,0.6938775510204082,0.5102040816326531,21.122448979591837,10.061224489795919,10.015483673469387,1.5833333333333333
IND683511AAA,IND562132AAA,FTL,160,1.3811965811965812,1.7242088922172516,0.69375,0.4,53.74375,31.9,34.87621625,1.3811965811965812
IND577401AAA,IND562132AAA,FTL,13,1.5294117647058822,2.4081998342190065,0.6923076923076923,0.6153846153846154,51.30769230769231,26.076923076923077,27.239530769230768,1.5294117647058822
IND000000ACB,IND474003AAA,FTL,13,1.5,2.076268568119091,0.6923076923076923,0.46153846153846156,174.15384615384616,48.61538461538461,54.51066153846154,1.5
IND144001AAB,IND144401AAB,Carting,26,2.0,3.5791407310638075,0.6923076923076923,0.5384615384615384,14.26923076923077,7.115384615384615,8.010530769230769,2.0
IND600056AAB,IND600044AAE,Carting,103,1.5714285714285714,1.6919881027002843,0.6893203883495146,0.5339805825242718,22.271844660194176,16.844660194174757,17.275247572815534,1.5714285714285714
IND530012AAA,IND533106AAA,FTL,16,1.4686274509803923,1.417193855537046,0.6875,0.4375,27.8125,19.875,27.75494375,1.4686274509803923
IND160002AAC,IND160102AAC,Carting,96,1.625,1.7908524635087135,0.6875,0.5520833333333334,16.583333333333332,9.052083333333334,9.620342708333334,1.625
IND571430AAA,IND571124AAA,FTL,19,1.2941176470588236,1.9317267446499444,0.6842105263157895,0.3157894736842105,27.210526315789473,18.789473684210527,19.19341052631579,1.2941176470588236
IND691001AAB,IND683511AAA,FTL,63,1.3333333333333333,1.376904695801135,0.6825396825396826,0.23809523809523808,32.285714285714285,23.746031746031747,23.54306507936508,1.3333333333333333
IND683572AAA,IND680307AAA,Carting,22,1.3541666666666665,1.9758838383838382,0.6818181818181818,0.45454545454545453,10.5,6.136363636363637,7.6475681818181815,1.3541666666666665
IND637211AAA,IND636402AAA,Carting,91,1.3333333333333333,1.74296345667548,0.6813186813186813,0.4175824175824176,15.340659340659341,10.989010989010989,9.98743956043956,1.3333333333333333
IND562132AAA,IND600056AAB,FTL,182,1.3333333333333333,1.462508761222757,0.6813186813186813,0.3131868131868132,35.637362637362635,24.5989010989011,27.99045824175824,1.3333333333333333
IND160002AAC,IND184104AAA,FTL,72,1.5,1.5527176155087805,0.6805555555555556,0.4444444444444444,37.55555555555556,23.59722222222222,26.595369444444444,1.5
IND134203AAA,IND140501AAA,Carting,56,1.75,1.6202186619597332,0.6785714285714286,0.5714285714285714,16.571428571428573,12.589285714285714,13.286576785714287,1.75
IND508377AAB,IND501359AAE,FTL,56,1.4891304347826086,1.884449650709824,0.6785714285714286,0.4642857142857143,51.160714285714285,25.446428571428573,31.254917857142857,1.4891304347826086
IND000000ACB,IND110064AAA,Carting,286,1.375,1.9459178675130064,0.6783216783216783,0.38461538461538464,17.02097902097902,10.566433566433567,10.574109790209791,1.375
IND606201AAC,IND605601AAA,Carting,139,1.6666666666666667,1.775184065578185,0.6762589928057554,0.6115107913669064,17.597122302158272,13.06474820143885,14.322453237410071,1.6666666666666667
IND282001AAA,IND000000ACB,FTL,40,1.5393939393939395,1.5128918030061196,0.675,0.525,35.725,34.375,39.725825,1.5393939393939395
IND207302AAA,IND202001AAB,Carting,21,2.5,2.7202087796048593,0.6666666666666666,0.5238095238095238,67.42857142857143,28.047619047619047,27.036438095238097,2.5
IND335513AAA,IND335804AAD,Carting,6,1.275,1.538425925925926,0.6666666666666666,0.16666666666666666,13.166666666666666,8.666666666666666,9.497166666666667,1.275
IND560300AAB,IND563125AAB,Carting,6,1.3333333333333333,1.2535714285714286,0.6666666666666666,0.3333333333333333,12.0,9.166666666666666,9.793216666666666,1.3333333333333333
IND480661AAA,IND481661AAA,FTL,27,1.3106796116504855,1.507475411392207,0.6666666666666666,0.2962962962962963,32.851851851851855,25.25925925925926,26.580111111111112,1.3106796116504855
IND403507AAB,IND403726AAB,Carting,3,1.5454545454545454,2.1818181818181817,0.6666666666666666,0.6666666666666666,32.666666666666664,15.333333333333334,12.568100000000001,1.5454545454545454
IND344022AAB,IND342301AAA,FTL,9,1.3125,1.4454439652021662,0.6666666666666666,0.2222222222222222,54.666666666666664,41.0,45.671622222222226,1.3125
IND781018AAB,IND781102AAA,Carting,3,1.875,1.5333333333333332,0.6666666666666666,0.6666666666666666,16.666666666666668,15.333333333333334,16.367266666666666,1.875
IND413709AAA,IND423109AAA,Carting,39,1.6363636363636365,1.889588876243049,0.6666666666666666,0.6153846153846154,17.846153846153847,14.282051282051283,14.026533333333333,1.6363636363636365
IND626117AAA,IND626138AAA,FTL,9,1.24,1.2359480848369737,0.6666666666666666,0.0,31.555555555555557,25.555555555555557,20.79846666666667,1.24
IND581314AAA,IND581334AAA,FTL,3,1.25,1.4423076923076923,0.6666666666666666,0.3333333333333333,28.0,18.333333333333332,19.8118,1.25
IND814133AAA,IND816109AAA,FTL,3,1.5416666666666667,1.6245709995709996,0.6666666666666666,0.6666666666666666,51.666666666666664,37.333333333333336,47.521233333333335,1.5416666666666667
IND721139AAC,IND721636AAB,Carting,3,2.5,1.8678929765886287,0.6666666666666666,0.6666666666666666,33.0,19.0,23.545333333333332,2.5
IND160002AAC,IND174103AAA,FTL,3,1.2666666666666666,1.288888888888889,0.6666666666666666,0.3333333333333333,28.333333333333332,21.666666666666668,23.156733333333335,1.2666666666666666
IND344001AAA,IND342301AAA,FTL,36,1.256578947368421,1.3435853338265709,0.6666666666666666,0.25,37.27777777777778,33.75,35.183875,1.256578947368421
IND695121AAA,IND695541AAA,Carting,3,1.2857142857142858,1.7174603174603174,0.6666666666666666,0.3333333333333333,17.666666666666668,13.0,9.4763,1.2857142857142858
IND110085AAB,IND110039AAA,Carting,6,2.0384615384615383,1.8185744810744808,0.6666666666666666,0.6666666666666666,19.166666666666668,11.333333333333334,9.688516666666667,2.0384615384615383
IND134109AAA,IND160002AAC,Carting,60,1.5272727272727273,15.637679450179451,0.6666666666666666,0.5,108.78333333333333,9.183333333333334,8.922993333333332,1.5272727272727273
IND273155AAA,IND273303AAA,Carting,3,1.5,3.1666666666666665,0.6666666666666666,0.3333333333333333,7.333333333333333,4.333333333333333,7.2709,1.5
IND781005AAA,IND781018AAB,Carting,18,2.3903508771929824,2.6011430710863115,0.6666666666666666,0.6111111111111112,33.0,19.444444444444443,19.14768888888889,2.3903508771929824
IND474003AAA,IND328001AAA,FTL,3,1.48,1.4351322751322753,0.6666666666666666,0.3333333333333333,30.333333333333332,22.0,20.56553333333333,1.48
IND110037AAM,IND811399AAA,FTL,21,1.894736842105263,6.657148090496166,0.6666666666666666,0.5714285714285714,48.095238095238095,20.857142857142858,18.262414285714286,1.894736842105263
IND577101AAA,IND577116AAA,FTL,3,2.1875,1.8236408199643492,0.6666666666666666,0.6666666666666666,28.666666666666668,20.333333333333332,23.984499999999997,2.1875
IND577126AAA,IND577201AAA,FTL,3,2.807017543859649,2.296783625730994,0.6666666666666666,0.6666666666666666,58.0,23.666666666666668,23.1978,2.807017543859649
IND110085AAB,IND110087AAA,Carting,3,2.0,2.1538461538461537,0.6666666666666666,0.6666666666666666,28.0,13.0,11.743766666666668,2.0
IND518222AAA,IND518002AAA,FTL,15,1.2352941176470589,1.5231175979163596,0.6666666666666666,0.3333333333333333,19.466666666666665,14.2,18.735186666666667,1.2352941176470589
IND572201AAB,IND573201AAB,FTL,6,1.7758333333333334,3.7396168203776896,0.6666666666666666,0.6666666666666666,32.5,16.833333333333332,18.57616666666667,1.7758333333333334
IND423109AAA,IND413709AAA,Carting,3,1.8333333333333333,1.5740740740740742,0.6666666666666666,0.6666666666666666,16.333333333333332,11.666666666666666,10.660233333333332,1.8333333333333333
IND152123AAA,IND152026AAA,FTL,3,1.6666666666666667,1.6636636636636635,0.6666666666666666,0.6666666666666666,42.666666666666664,25.666666666666668,20.377100000000002,1.6666666666666667
IND148102AAA,IND151001AAA,FTL,3,2.3076923076923075,2.078754578754579,0.6666666666666666,0.6666666666666666,35.0,23.333333333333332,21.455466666666666,2.3076923076923075
IND533106AAA,IND533201AAA,FTL,3,1.6774193548387097,5.567247893054344,0.6666666666666666,0.6666666666666666,78.33333333333333,50.666666666666664,61.2509,1.6774193548387097
IND523201AAA,IND523002AAA,FTL,3,7.2631578947368425,5.258552631578947,0.6666666666666666,0.6666666666666666,128.0,20.333333333333332,24.810866666666666,7.2631578947368425
IND312001AAA,IND312601AAA,FTL,12,1.6875,2.2146761527729946,0.6666666666666666,0.5,40.916666666666664,33.0,28.419833333333333,1.6875
IND445101AAA,IND440014AAA,Carting,3,2.4444444444444446,2.3981481481481484,0.6666666666666666,0.6666666666666666,26.333333333333332,11.0,15.211866666666667,2.4444444444444446
IND425109AAA,IND424201AAA,Carting,3,1.2727272727272727,1.4205387205387205,0.6666666666666666,0.3333333333333333,17.666666666666668,13.333333333333334,15.742066666666666,1.2727272727272727
IND424101AAA,IND431103AAA,Carting,3,1.5,1.6272727272727272,0.6666666666666666,0.3333333333333333,13.0,7.333333333333333,10.425866666666666,1.5
IND691305AAA,IND691551AAA,Carting,3,2.4,2.1333333333333333,0.6666666666666666,0.6666666666666666,36.0,17.0,17.09,2.4
IND184104AAA,IND184121AAA,FTL,6,1.2857142857142856,1.4376984126984125,0.6666666666666666,0.3333333333333333,28.5,19.666666666666668,21.7649,1.2857142857142856
IND321001AAB,IND321001AAA,FTL,12,1.3043478260869565,1.4188017598343687,0.6666666666666666,0.16666666666666666,23.75,14.833333333333334,16.177225,1.3043478260869565
IND685514AAA,IND625008AAA,FTL,45,1.4848484848484849,1.5318820495954713,0.6666666666666666,0.4888888888888889,51.733333333333334,33.666666666666664,28.830993333333335,1.4848484848484849
IND384205AAA,IND385001AAA,FTL,3,1.6428571428571428,1.7537815126050422,0.6666666666666666,0.6666666666666666,56.666666666666664,32.333333333333336,31.083866666666665,1.6428571428571428
IND733201AAA,IND733202AAB,FTL,3,1.6666666666666667,1.8183006535947712,0.6666666666666666,0.6666666666666666,28.0,16.0,23.084733333333332,1.6666666666666667
IND504296AAA,IND504208AAB,FTL,3,1.4,1.2239130434782608,0.6666666666666666,0.3333333333333333,25.0,19.666666666666668,19.9481,1.4
IND508116AAA,IND508223AAA,FTL,3,1.2222222222222223,1.2404847243556922,0.6666666666666666,0.0,29.666666666666668,23.333333333333332,23.28503333333333,1.2222222222222223
IND331701AAA,IND125001AAA,FTL,6,2.071428571428571,3.12515815504946,0.6666666666666666,0.6666666666666666,116.66666666666667,27.0,23.968466666666668,2.071428571428571
IND504293AAA,IND504208AAB,FTL,6,1.3392857142857144,1.396933621933622,0.6666666666666666,0.16666666666666666,25.0,18.333333333333332,20.209783333333334,1.3392857142857144
IND331022A1B,IND331001A1C,FTL,3,3.25,2.8569703243616282,0.6666666666666666,0.6666666666666666,42.333333333333336,16.0,20.306833333333334,3.25
IND201007AAB,IND110044AAB,Carting,30,1.370879120879121,2.0482319459293143,0.6666666666666666,0.3,19.233333333333334,13.1,11.371703333333333,1.370879120879121
IND560300AAB,IND563116AAA,Carting,9,1.3333333333333333,1.5322310405643738,0.6666666666666666,0.4444444444444444,18.22222222222222,10.88888888888889,12.107800000000001,1.3333333333333333
IND201007AAA,IND201005AAA,Carting,3,2.076923076923077,2.738782051282051,0.6666666666666666,0.6666666666666666,40.666666666666664,14.0,11.217166666666666,2.076923076923077
IND742223AAA,IND742226AAA,Carting,48,1.8571428571428572,1.8230853970056382,0.6666666666666666,0.6666666666666666,21.625,15.354166666666666,16.21221458333333,1.8571428571428572
IND000000ACB,IND125033AAA,FTL,12,1.6944444444444444,2.0715083315219434,0.6666666666666666,0.6666666666666666,45.0,23.166666666666668,24.189008333333334,1.6944444444444444
IND244901AAB,IND246725AAB,FTL,56,1.35,1.2062140301854445,0.6607142857142857,0.25,35.625,35.464285714285715,34.939260714285716,1.35
IND628613AAA,IND627005AAA,Carting,53,1.3333333333333333,1.3562496540183742,0.660377358490566,0.20754716981132076,21.60377358490566,17.660377358490567,17.719703773584907,1.3333333333333333
IND614715AAA,IND614809AAA,Carting,50,1.8675213675213675,1.8592969192320186,0.66,0.56,18.44,16.54,19.716852000000003,1.8675213675213675
IND562132AAA,IND560083AAB,Carting,199,1.3636363636363635,2.172335606555234,0.6582914572864321,0.3316582914572864,19.150753768844222,10.266331658291458,10.232558793969849,1.3636363636363635
IND712311AAA,IND826004AAA,FTL,76,1.411764705882353,1.6219377400293218,0.6578947368421053,0.3684210526315789,29.144736842105264,21.44736842105263,30.06301315789474,1.411764705882353
IND302014AAB,IND303008AAB,Carting,35,1.4285714285714286,1.520904154325207,0.6571428571428571,0.45714285714285713,14.2,10.314285714285715,11.795434285714284,1.4285714285714286
IND600056AAB,IND605601AAA,FTL,35,1.3333333333333333,1.4128203322733983,0.6571428571428571,0.2571428571428571,35.17142857142857,22.742857142857144,26.1618,1.3333333333333333
IND481661AAA,IND842003AAB,FTL,32,2.3114285714285714,2.636228119285042,0.65625,0.5625,74.4375,42.5625,49.501921875,2.3114285714285714
IND209304AAA,IND209206AAB,Carting,61,1.5,1.4344044439443506,0.6557377049180327,0.39344262295081966,14.032786885245901,26.508196721311474,30.46430983606557,1.5
IND524201AAA,IND523002AAA,FTL,58,1.3033088235294117,1.4923838046600115,0.6551724137931034,0.1896551724137931,34.12068965517241,21.275862068965516,27.9934,1.3033088235294117
IND712311AAA,IND821115AAB,FTL,23,1.4375,1.4093467314451034,0.6521739130434783,0.34782608695652173,29.608695652173914,31.304347826086957,39.61805652173913,1.4375
IND131028AAB,IND244001AAA,FTL,152,1.5789473684210527,2.7606431968517184,0.6513157894736842,0.5789473684210527,48.26315789473684,31.342105263157894,37.02198552631579,1.5789473684210527
IND110064AAA,IND000000ACB,Carting,209,1.3333333333333333,6.829516470386121,0.6507177033492823,0.3588516746411483,64.96650717703349,10.535885167464114,11.579192822966508,1.3333333333333333
IND802301AAA,IND804401AAA,FTL,20,1.9706349206349205,2.4541831361157653,0.65,0.65,59.85,36.6,45.90978,1.9706349206349205
IND345001AAA,IND345021AAA,FTL,20,1.25,1.4205806560140926,0.65,0.3,20.05,15.0,21.872825,1.25
IND560300AAA,IND562132AAA,Carting,393,1.3636363636363635,1.544767377620505,0.648854961832061,0.3791348600508906,28.59796437659033,17.452926208651398,14.16611399491094,1.3636363636363635
IND382430AAB,IND384205AAA,FTL,74,1.3333333333333333,3.6841385772119173,0.6486486486486487,0.35135135135135137,48.027027027027025,23.41891891891892,27.02627027027027,1.3333333333333333
IND384170AAA,IND384265AAB,FTL,17,1.2272727272727273,1.9963099205426573,0.6470588235294118,0.29411764705882354,22.823529411764707,16.88235294117647,18.689388235294118,1.2272727272727273
IND000000ACB,IND122001AAA,Carting,217,1.3636363636363635,3.2631656984852877,0.6451612903225806,0.41013824884792627,16.930875576036865,9.857142857142858,10.376939631336406,1.3636363636363635
IND641654AAA,IND641664AAA,Carting,31,1.5,1.4290495083663965,0.6451612903225806,0.4838709677419355,12.67741935483871,10.935483870967742,11.716032258064516,1.5
IND530012AAA,IND531162AAA,Carting,14,1.797979797979798,1.7243141778856064,0.6428571428571429,0.5714285714285714,14.785714285714286,7.785714285714286,8.207121428571428,1.797979797979798
IND842001AAA,IND843329AAB,FTL,28,1.290625,1.36398762564542,0.6428571428571429,0.21428571428571427,36.0,27.535714285714285,27.700617857142856,1.290625
IND411021AAA,IND411033AAA,Carting,39,1.5,5.356546871931488,0.6410256410256411,0.48717948717948717,36.58974358974359,11.205128205128204,9.84584871794872,1.5
IND562132AAC,IND000000ACB,FTL,78,1.3333333333333333,1.6330428269444188,0.6410256410256411,0.358974358974359,34.3974358974359,22.91025641025641,29.578684615384617,1.3333333333333333
IND206001AAA,IND000000ACB,FTL,242,1.375,1.5003475149700898,0.640495867768595,0.4214876033057851,37.549586776859506,32.22727272727273,39.63838801652893,1.375
IND562132AAA,IND518002AAA,FTL,168,1.3114224137931034,1.4153917748275866,0.6369047619047619,0.2857142857142857,31.892857142857142,22.476190476190474,27.396810714285714,1.3114224137931034
IND625532AAA,IND625531AAA,FTL,11,1.391304347826087,1.6390168818915958,0.6363636363636364,0.36363636363636365,36.0,24.636363636363637,22.7511,1.391304347826087
IND814101AAB,IND816107AAA,FTL,44,1.3333333333333333,1.6053203936781257,0.6363636363636364,0.3181818181818182,32.36363636363637,22.40909090909091,23.301579545454548,1.3333333333333333
IND312601AAA,IND458664AAA,FTL,11,1.205128205128205,1.4913466381970317,0.6363636363636364,0.36363636363636365,34.27272727272727,44.45454545454545,40.23424545454545,1.205128205128205
IND689101AAA,IND689650AAA,Carting,11,1.3636363636363635,1.4695733559369921,0.6363636363636364,0.2727272727272727,12.0,8.181818181818182,9.015509090909092,1.3636363636363635
IND560043AAC,IND560099AAB,Carting,66,1.513157894736842,1.6340289088944542,0.6363636363636364,0.5,21.939393939393938,14.742424242424242,12.964640909090908,1.513157894736842
IND562132AAA,IND560060AAB,Carting,52,1.3798076923076923,1.7801927804473054,0.6346153846153846,0.40384615384615385,22.98076923076923,13.307692307692308,12.6557,1.3798076923076923
IND474003AAA,IND000000ACB,FTL,311,1.3461538461538463,1.4101225609782402,0.6334405144694534,0.3247588424437299,36.540192926045016,33.0032154340836,34.65954340836013,1.3461538461538463
IND243301AAB,IND244901AAB,FTL,30,1.3033088235294117,1.7454353771026547,0.6333333333333333,0.36666666666666664,52.36666666666667,28.233333333333334,24.305220000000002,1.3033088235294117
IND614804AAA,IND614616AAA,FTL,30,1.28,1.6109914529914529,0.6333333333333333,0.3,17.8,14.3,13.510136666666666,1.28
IND209721AAB,IND209625AAA,FTL,19,1.3333333333333333,1.477581774950196,0.631578947368421,0.3157894736842105,23.526315789473685,16.473684210526315,15.023247368421053,1.3333333333333333
IND382421AAA,IND382721AAA,Carting,27,1.2727272727272727,1.378891986735124,0.6296296296296297,0.25925925925925924,10.777777777777779,8.25925925925926,8.565644444444445,1.2727272727272727
IND695012AAA,IND691001AAB,FTL,35,1.2941176470588236,1.554657441250656,0.6285714285714286,0.37142857142857144,36.02857142857143,24.085714285714285,21.709762857142856,1.2941176470588236
IND560060AAB,IND560099AAB,Carting,43,1.3333333333333333,1.3682109558241748,0.627906976744186,0.3023255813953488,15.69767441860465,11.581395348837209,11.685993023255815,1.3333333333333333
IND502220AAC,IND501359AAE,FTL,110,1.4791666666666665,1.3868629383304083,0.6272727272727273,0.4909090909090909,33.845454545454544,37.25454545454546,38.515007272727274,1.4791666666666665
IND560099AAB,IND560043AAC,Carting,107,1.3333333333333333,1.5545873298600361,0.6261682242990654,0.40186915887850466,19.598130841121495,11.85981308411215,10.246936448598131,1.3333333333333333
IND110037AAM,IND250002AAC,FTL,8,1.577777777777778,3.7989880522450945,0.625,0.625,200.875,28.625,26.6284125,1.577777777777778
IND262501AAA,IND263153AAB,FTL,40,1.305023923444976,1.450379335976131,0.625,0.35,86.125,61.4,52.12670000000001,1.305023923444976
IND721636AAB,IND721602AAB,Carting,8,1.3206521739130435,1.2253721027117104,0.625,0.375,16.5,19.125,16.226512500000002,1.3206521739130435
IND362001AAA,IND362265AAA,Carting,16,1.3333333333333333,1.7456290849673204,0.625,0.375,13.25,8.6875,11.724775,1.3333333333333333
IND332001AAB,IND333028AAA,FTL,8,1.3866995073891626,1.4379136652328182,0.625,0.375,33.0,23.25,24.322,1.3866995073891626
IND501359AAE,IND505001AAB,FTL,16,1.2650000000000001,1.3176356413842112,0.625,0.1875,28.6875,21.625,26.00806875,1.2650000000000001
IND518206AAA,IND518222AAA,FTL,8,1.3333333333333335,1.840079365079365,0.625,0.375,29.625,21.875,17.9688125,1.3333333333333335
IND505001AAB,IND503111AAC,FTL,8,1.2232142857142856,1.391697840203275,0.625,0.125,31.0,22.25,24.6161625,1.2232142857142856
IND505001AAB,IND505302AAB,FTL,8,1.3888888888888888,2.62906746031746,0.625,0.375,28.125,16.5,17.437825,1.3888888888888888
IND480001AAA,IND481661AAA,FTL,16,1.2685185185185186,1.7779303008579324,0.625,0.375,31.5,21.375,25.512775,1.2685185185185186
IND209625AAA,IND241124AAB,FTL,24,1.4827586206896552,1.541548343294033,0.625,0.5,41.625,29.708333333333332,23.828175,1.4827586206896552
IND360510AAB,IND360530AAB,Carting,37,1.3333333333333333,1.8651443901443903,0.6216216216216216,0.32432432432432434,14.243243243243244,8.675675675675675,9.910659459459458,1.3333333333333333
IND263153AAB,IND263002AAA,FTL,37,1.36,3.048316938956414,0.6216216216216216,0.43243243243243246,58.027027027027025,38.054054054054056,30.705343243243245,1.36
IND560048AAB,IND560099AAB,Carting,58,1.5192307692307692,2.0199290308680746,0.6206896551724138,0.5,31.93103448275862,16.03448275862069,13.801091379310344,1.5192307692307692
IND562132AAA,IND515004AAA,FTL,108,1.2823920265780733,1.3616034152648977,0.6203703703703703,0.2777777777777778,30.47222222222222,22.23148148148148,24.894857407407407,1.2823920265780733
IND560085AAA,IND562132AAA,Carting,21,1.4,1.8876132073382712,0.6190476190476191,0.42857142857142855,25.476190476190474,14.80952380952381,12.63182857142857,1.4
IND246424AAA,IND246174AAA,FTL,42,1.2970588235294118,2.0172539427951284,0.6190476190476191,0.23809523809523808,134.4047619047619,52.69047619047619,35.484361904761904,1.2970588235294118
IND303303AAA,IND322230AAA,Carting,120,1.25,1.5745680829891355,0.6166666666666667,0.21666666666666667,13.775,9.866666666666667,13.022993333333334,1.25
IND244901AAB,IND244221AAA,FTL,60,1.3230769230769233,1.2650724964493703,0.6166666666666667,0.31666666666666665,36.55,36.733333333333334,35.38939666666667,1.3230769230769233
IND802119AAA,IND802158AAB,FTL,31,1.3157894736842106,1.396325851879989,0.6129032258064516,0.1935483870967742,35.74193548387097,25.741935483870968,31.125609677419355,1.3157894736842106
IND390022AAA,IND388320AAA,Carting,72,1.4142857142857141,1.5738171314887,0.6111111111111112,0.4027777777777778,13.527777777777779,10.791666666666666,13.592406944444443,1.4142857142857141
IND507117AAB,IND507303AAA,FTL,72,1.486842105263158,1.7053504390637428,0.6111111111111112,0.4583333333333333,49.361111111111114,35.083333333333336,28.956419444444446,1.486842105263158
IND843109AAB,IND843126AAA,Carting,28,1.3351648351648353,1.639524893124083,0.6071428571428571,0.39285714285714285,26.142857142857142,23.964285714285715,28.17737857142857,1.3351648351648353
IND382430AAB,IND370201AAA,FTL,137,1.2727272727272727,1.7405509610520384,0.6058394160583942,0.3357664233576642,44.00729927007299,28.766423357664234,32.12599562043796,1.2727272727272727
IND305404AAA,IND305601AAC,FTL,38,1.25,1.4854866765977208,0.6052631578947368,0.2894736842105263,28.289473684210527,18.55263157894737,20.157155263157893,1.25
IND560099AAB,IND560058AAB,Carting,134,1.2967032967032968,1.75043846586136,0.6044776119402985,0.31343283582089554,19.276119402985074,11.798507462686567,11.049270895522389,1.2967032967032968
IND626138AAA,IND625008AAA,FTL,48,1.292857142857143,1.639375087501478,0.6041666666666666,0.375,30.708333333333332,20.104166666666668,17.479377083333333,1.292857142857143
IND201301AAL,IND201307AAA,Carting,10,1.2678571428571428,1.2856227106227105,0.6,0.1,12.7,10.1,9.574349999999999,1.2678571428571428
IND504201AAA,IND505184AAC,FTL,10,1.5148741418764302,1.3833142213873133,0.6,0.5,46.2,37.1,31.245330000000003,1.5148741418764302
IND491001AAA,IND494334AAB,FTL,5,1.24,1.36533682983683,0.6,0.4,30.4,23.0,26.512759999999997,1.24
IND272155AAA,IND272001AAA,FTL,5,1.2916666666666667,1.9331159420289854,0.6,0.4,19.2,15.0,20.796039999999998,1.2916666666666667
IND842003AAB,IND484661AAE,FTL,10,1.6842105263157894,1.3835573240066785,0.6,0.6,39.1,42.5,28.28698,1.6842105263157894
IND841301AAC,IND841226AAB,Carting,5,1.6,4.296969696969697,0.6,0.6,18.8,9.2,13.179839999999999,1.6
IND424006AAA,IND425401AAA,Carting,5,1.25,5.12,0.6,0.2,12.0,7.0,8.258799999999999,1.25
IND501101AAB,IND509216AAC,Carting,25,1.2941176470588236,1.4584200603318251,0.6,0.28,14.92,10.52,11.859528000000001,1.2941176470588236
IND333001AAA,IND333028AAA,FTL,5,1.411764705882353,2.278404044544647,0.6,0.2,31.8,24.4,21.106379999999998,1.411764705882353
IND160002AAC,IND134203AAA,Carting,5,1.4285714285714286,1.3805555555555555,0.6,0.4,20.6,15.8,15.08484,1.4285714285714286
IND624001AAA,IND624619AAA,FTL,20,1.4090909090909092,1.8826609260304914,0.6,0.3,21.7,14.55,15.85745,1.4090909090909092
IND605601AAA,IND636102AAA,FTL,30,1.35,1.445093128949988,0.6,0.36666666666666664,30.366666666666667,23.566666666666666,28.722199999999997,1.35
IND151505AAA,IND151506AAA,FTL,5,1.7692307692307692,1.6470773160428334,0.6,0.6,43.8,27.0,28.465459999999997,1.7692307692307692
IND272001AAA,IND273014AAB,FTL,15,2.0833333333333335,2.021387181738367,0.6,0.5333333333333333,41.333333333333336,32.6,45.25972,2.0833333333333335
IND847212AAA,IND847226AAA,FTL,42,2.0,1.9886080235218169,0.5952380952380952,0.5476190476190477,27.404761904761905,17.547619047619047,21.802385714285712,2.0
IND209304AAA,IND212601AAA,FTL,64,1.475,1.715909034278598,0.59375,0.4375,42.390625,28.875,40.000640625,1.475
IND312403AAA,IND312001AAA,FTL,27,1.4545454545454546,1.509769550742294,0.5925925925925926,0.4444444444444444,41.370370370370374,34.7037037037037,33.632792592592594,1.4545454545454546
IND282002AAD,IND474003AAA,FTL,49,1.3333333333333333,1.503046536346284,0.5918367346938775,0.3673469387755102,37.46938775510204,28.142857142857142,28.728922448979592,1.3333333333333333
IND560078AAC,IND562132AAA,Carting,49,1.5,1.8010106616388604,0.5918367346938775,0.46938775510204084,23.346938775510203,13.020408163265307,12.332185714285714,1.5
IND383315AAC,IND383255AAB,FTL,39,1.3,1.6976837047721363,0.5897435897435898,0.1794871794871795,34.51282051282051,27.76923076923077,28.256043589743587,1.3
IND244235AAA,IND244901AAB,FTL,80,1.3944444444444444,1.7062519154598619,0.5875,0.4625,26.0875,26.7375,28.778570000000002,1.3944444444444444
IND110092AAC,IND000000ACB,Carting,41,1.3333333333333333,2.3610437231557824,0.5853658536585366,0.34146341463414637,21.0,11.048780487804878,10.983248780487806,1.3333333333333333
IND341505AAA,IND341503AAB,FTL,36,1.2291666666666667,2.22067473263756,0.5833333333333334,0.3611111111111111,44.666666666666664,35.72222222222222,26.49456111111111,1.2291666666666667
IND335513AAA,IND335803AAA,Carting,24,1.2980295566502464,1.484726368778093,0.5833333333333334,0.3333333333333333,15.541666666666666,10.708333333333334,11.997591666666667,1.2980295566502464
IND781022AAA,IND781018AAB,Carting,24,1.5,2.9398658316640103,0.5833333333333334,0.4166666666666667,24.833333333333332,17.25,17.535720833333333,1.5
IND305624AAA,IND305404AAA,FTL,24,1.3127705627705626,2.317768099450601,0.5833333333333334,0.4166666666666667,42.583333333333336,30.333333333333332,26.565383333333333,1.3127705627705626
IND263139AAA,IND263153AAB,FTL,12,1.2972222222222223,1.9285557184750732,0.5833333333333334,0.4166666666666667,37.416666666666664,21.0,17.638691666666666,1.2972222222222223
IND423601AAA,IND413709AAA,Carting,12,1.3392857142857144,2.242406204906205,0.5833333333333334,0.25,19.25,13.5,10.060058333333332,1.3392857142857144
IND147001AAB,IND147201AAA,FTL,12,1.2774725274725274,1.3516585266585268,0.5833333333333334,0.16666666666666666,17.916666666666668,14.0,13.555558333333332,1.2774725274725274
IND370201AAA,IND363330AAB,FTL,48,1.3333333333333333,1.7596515632798955,0.5833333333333334,0.375,32.5625,23.458333333333332,24.592239583333335,1.3333333333333333
IND606105AAA,IND606201AAC,Carting,74,1.5,1.5479340363451617,0.581081081081081,0.4594594594594595,16.43243243243243,12.27027027027027,12.354867567567569,1.5
IND262001AAA,IND262122AAB,Carting,19,1.3157894736842106,1.4769509499426399,0.5789473684210527,0.2631578947368421,21.736842105263158,17.263157894736842,13.973415789473686,1.3157894736842106
IND816107AAA,IND826004AAA,FTL,64,1.3141447368421053,1.5047797602602502,0.578125,0.375,46.984375,35.28125,31.5240546875,1.3141447368421053
IND638501AAB,IND641062AAD,Carting,87,1.3333333333333333,1.5382707659520989,0.5747126436781609,0.20689655172413793,17.471264367816094,12.425287356321839,13.474063218390805,1.3333333333333333
IND345001AAA,IND342301AAA,FTL,7,1.2352941176470589,1.7117345336303857,0.5714285714285714,0.2857142857142857,29.571428571428573,16.714285714285715,24.005157142857144,1.2352941176470589
IND507159AAA,IND508206AAA,FTL,7,1.2162162162162162,1.5353097995955138,0.5714285714285714,0.2857142857142857,30.857142857142858,26.428571428571427,28.964128571428574,1.2162162162162162
IND110095AAB,IND000000ACB,Carting,7,1.3,1.2576030412164865,0.5714285714285714,0.2857142857142857,15.0,11.714285714285714,11.087,1.3
IND244921AAB,IND262001AAA,Carting,7,1.2222222222222223,1.6477823763538049,0.5714285714285714,0.2857142857142857,23.714285714285715,15.0,12.5735,1.2222222222222223
IND000000ACB,IND110092AAC,Carting,35,1.3333333333333333,2.043092031193535,0.5714285714285714,0.4,16.714285714285715,10.771428571428572,10.556851428571429,1.3333333333333333
IND560027AAA,IND560099AAA,Carting,7,1.5,1.8787851037851038,0.5714285714285714,0.42857142857142855,25.714285714285715,15.285714285714286,13.9092,1.5
IND262001AAA,IND244901AAB,Carting,7,1.4666666666666666,1.6412349555206698,0.5714285714285714,0.42857142857142855,20.857142857142858,15.428571428571429,21.600714285714286,1.4666666666666666
IND384205AAA,IND384170AAA,FTL,7,1.2857142857142858,1.5252353466639181,0.5714285714285714,0.42857142857142855,33.42857142857143,23.428571428571427,23.858642857142858,1.2857142857142858
IND160002AAC,IND140301AAA,FTL,42,1.3888888888888888,1.55929600582587,0.5714285714285714,0.42857142857142855,37.5,23.214285714285715,19.111,1.3888888888888888
IND000000ACB,IND201301AAF,Carting,62,1.2666666666666666,1.8525155102229907,0.5645161290322581,0.41935483870967744,18.467741935483872,11.790322580645162,11.327316129032258,1.2666666666666666
IND160102AAD,IND160002AAC,Carting,39,1.8333333333333333,1.7332452755529677,0.5641025641025641,0.5128205128205128,16.94871794871795,10.666666666666666,11.376787179487179,1.8333333333333333
IND363330AAB,IND363310AAB,FTL,16,1.7169076751946606,1.801446816734202,0.5625,0.5625,29.9375,18.125,14.899175000000001,1.7169076751946606
IND636102AAA,IND605601AAA,FTL,25,1.2857142857142858,1.2495297854316723,0.56,0.28,28.72,29.16,30.974688,1.2857142857142858
IND140901AAA,IND160002AAC,Carting,84,1.4272727272727272,1.5442754690570037,0.5595238095238095,0.4880952380952381,19.678571428571427,12.916666666666666,12.339107142857141,1.4272727272727272
IND816109AAA,IND826004AAA,FTL,88,1.291568396226415,1.7521644391208726,0.5568181818181818,0.4090909090909091,57.57954545454545,36.97727272727273,34.78089772727273,1.291568396226415
IND000000ACB,IND110095AAB,Carting,266,1.375,2.0525944136609087,0.556390977443609,0.4548872180451128,24.3796992481203,12.672932330827068,12.252057518796994,1.375
IND332001AAB,IND333001AAA,FTL,9,1.25,1.2688578329882678,0.5555555555555556,0.0,24.22222222222222,19.11111111111111,21.125255555555555,1.25
IND480886AAA,IND480001AAA,FTL,27,1.25,1.3415416664752493,0.5555555555555556,0.18518518518518517,34.18518518518518,27.85185185185185,31.895903703703702,1.25
IND246763AAA,IND244901AAB,FTL,18,1.57085020242915,1.600012505699967,0.5555555555555556,0.5555555555555556,38.333333333333336,31.61111111111111,32.73661111111111,1.57085020242915
IND122001AAA,IND000000ACB,Carting,76,1.3333333333333333,1.7775678451665293,0.5526315789473685,0.27631578947368424,15.131578947368421,9.605263157894736,10.07034605263158,1.3333333333333333
IND110037AAM,IND201001AAC,Carting,29,1.4375,1.7332388481475702,0.5517241379310345,0.4482758620689655,27.24137931034483,15.827586206896552,12.55863448275862,1.4375
IND636016AAA,IND637211AAA,Carting,75,1.4,1.4250753011465085,0.5466666666666666,0.4,13.28,11.173333333333334,9.768486666666666,1.4
IND683511AAA,IND680012AAA,Carting,55,1.2222222222222223,1.4027964615920905,0.5454545454545454,0.2545454545454545,16.636363636363637,12.381818181818181,12.409678181818181,1.2222222222222223
IND585222AAA,IND585211AAA,Carting,11,1.5,1.961399332990242,0.5454545454545454,0.45454545454545453,13.636363636363637,9.090909090909092,9.482863636363636,1.5
IND415709AAA,IND416012AAA,FTL,35,1.3043478260869565,2.13328838178041,0.5428571428571428,0.45714285714285713,56.57142857142857,36.74285714285714,29.194625714285717,1.3043478260869565
IND465001AAA,IND462022AAA,FTL,24,1.65,1.6862706893307722,0.5416666666666666,0.5416666666666666,48.583333333333336,36.208333333333336,34.25005,1.65
IND508252AAB,IND508207AAB,FTL,24,1.2326839826839828,1.316776497955504,0.5416666666666666,0.3333333333333333,27.291666666666668,27.208333333333332,34.82771666666667,1.2326839826839828
IND507123AAA,IND506314AAA,FTL,48,1.265993265993266,1.308337155073287,0.5416666666666666,0.25,37.020833333333336,28.416666666666668,24.361033333333335,1.265993265993266
IND723133AAA,IND723130AAA,FTL,24,1.2779922779922779,2.0008561381916645,0.5416666666666666,0.2916666666666667,36.458333333333336,23.916666666666668,16.555520833333333,1.2779922779922779
IND000000ACA,IND144514AAA,FTL,24,1.2487179487179487,1.8824946005230385,0.5416666666666666,0.4166666666666667,66.75,33.458333333333336,32.87145833333333,1.2487179487179487
IND627005AAA,IND628801AAA,Carting,85,1.2222222222222223,1.2423283709258706,0.5411764705882353,0.10588235294117647,15.08235294117647,12.141176470588235,13.533170588235295,1.2222222222222223
IND209304AAA,IND211002AAB,FTL,189,1.3125,1.3657824544200563,0.5396825396825397,0.32275132275132273,26.53968253968254,24.38095238095238,34.0023962962963,1.3125
IND131028AAB,IND244235AAA,FTL,126,1.3764705882352941,1.8544904187702353,0.5396825396825397,0.4365079365079365,37.492063492063494,30.27777777777778,34.901603968253966,1.3764705882352941
IND263002AAA,IND263645AAA,FTL,26,1.275252525252525,1.2968950200943317,0.5384615384615384,0.11538461538461539,52.26923076923077,42.15384615384615,28.11074230769231,1.275252525252525
IND571438AAB,IND571401AAA,FTL,13,1.2580645161290323,2.71012521034768,0.5384615384615384,0.3076923076923077,26.307692307692307,21.076923076923077,17.069846153846154,1.2580645161290323
IND462022AAA,IND000000ACB,FTL,673,1.3076923076923077,1.522754981159946,0.5349182763744428,0.3848439821693908,44.141158989598814,33.013372956909365,33.19314769687965,1.3076923076923077
IND560099AAB,IND560048AAB,Carting,73,1.3333333333333333,2.658443620127746,0.5342465753424658,0.4383561643835616,28.273972602739725,16.164383561643834,12.561845205479452,1.3333333333333333
IND244901AAB,IND244301AAA,FTL,30,1.25,2.628956608610494,0.5333333333333333,0.4,32.3,37.3,34.888419999999996,1.25
IND560058AAB,IND560099AAB,Carting,77,1.2222222222222223,3.250293438496064,0.5324675324675324,0.33766233766233766,20.25974025974026,12.233766233766234,12.307505194805195,1.2222222222222223
IND600056AAB,IND635802AAB,FTL,19,1.2222222222222223,1.304111132832325,0.5263157894736842,0.2631578947368421,26.473684210526315,21.68421052631579,26.809836842105266,1.2222222222222223
IND335051AAA,IND335513AAA,Carting,80,1.2264957264957266,1.9398472203858232,0.525,0.3125,26.775,12.1,13.5953725,1.2264957264957266
IND344001AAA,IND345021AAA,FTL,21,1.2105263157894737,1.22330044551264,0.5238095238095238,0.19047619047619047,37.476190476190474,37.42857142857143,37.01436666666667,1.2105263157894737
IND673305AAA,IND673104AAA,Carting,31,1.2727272727272727,1.630058651026393,0.5161290322580645,0.16129032258064516,12.483870967741936,9.612903225806452,9.384516129032258,1.2727272727272727
IND690548AAA,IND688009AAA,Carting,45,1.2222222222222223,1.289898866565533,0.5111111111111111,0.08888888888888889,13.266666666666667,10.177777777777777,9.429133333333333,1.2222222222222223
IND000000ACB,IND201007AAA,Carting,63,1.2727272727272727,1.5939326892613241,0.5079365079365079,0.3492063492063492,17.61904761904762,12.65079365079365,11.91163492063492,1.2727272727272727
IND560099AAB,IND560060AAB,Carting,93,1.2142857142857142,1.3125048833908113,0.5053763440860215,0.1935483870967742,16.967741935483872,13.236559139784946,12.802739784946237,1.2142857142857142
IND695541AAA,IND695572AAB,Carting,2,1.4523809523809523,1.4523809523809523,0.5,0.5,14.5,13.0,10.17075,1.4523809523809523
IND307001AAA,IND306902AAA,FTL,4,1.2826797385620914,1.7350898692810457,0.5,0.25,20.0,12.75,17.4648,1.2826797385620914
IND625532AAA,IND685514AAA,FTL,4,1.6091617933723197,1.7353844681147312,0.5,0.5,54.5,32.5,27.653025,1.6091617933723197
IND152107AAA,IND152026AAA,FTL,2,1.6636029411764706,1.6636029411764706,0.5,0.5,47.5,24.5,20.563,1.6636029411764706
IND160002AAC,IND174307AAA,FTL,98,1.2129032258064516,1.916085737522011,0.5,0.32653061224489793,35.43877551020408,26.693877551020407,25.50024081632653,1.2129032258064516
IND636016AAA,IND636402AAA,Carting,6,1.198717948717949,1.4327616827616827,0.5,0.3333333333333333,26.833333333333332,18.0,18.288816666666666,1.198717948717949
IND506002AAA,IND506132AAA,FTL,40,1.1666666666666667,1.4713597374847374,0.5,0.375,22.675,19.0,18.215345,1.1666666666666667
IND781018AAB,IND781022AAA,Carting,18,1.2621951219512195,2.396569177056982,0.5,0.3888888888888889,20.38888888888889,20.833333333333332,21.086188888888888,1.2621951219512195
IND695012AAA,IND695101AAB,Carting,4,1.6385281385281387,1.7586580086580088,0.5,0.5,31.25,16.0,13.43355,1.6385281385281387
IND321001AAA,IND321401AAB,FTL,20,1.198051948051948,1.2334635671352423,0.5,0.05,23.45,19.1,20.856095,1.198051948051948
IND140406AAA,IND140401AAA,FTL,14,1.2916666666666665,2.292247241168662,0.5,0.42857142857142855,18.928571428571427,15.928571428571429,16.995471428571427,1.2916666666666665
IND333028AAA,IND333504AAA,FTL,2,1.4213362068965516,1.4213362068965516,0.5,0.5,43.0,30.5,28.93815,1.4213362068965516
IND343029AAB,IND307001AAA,FTL,6,1.2404092071611252,1.6219545842052234,0.5,0.16666666666666666,32.5,23.166666666666668,25.69825,1.2404092071611252
IND144601AAA,IND144040AAA,FTL,2,1.4298245614035088,1.4298245614035088,0.5,0.5,25.0,22.0,26.2706,1.4298245614035088
IND184121AAA,IND184104AAA,FTL,6,1.212797619047619,1.4551767676767675,0.5,0.16666666666666666,27.0,18.833333333333332,20.64363333333333,1.212797619047619
IND201001AAC,IND110037AAM,Carting,8,1.3083333333333333,1.4304065452091768,0.5,0.25,19.875,14.375,11.9627625,1.3083333333333333
IND147301AAA,IND140401AAA,FTL,2,1.4702380952380953,1.4702380952380953,0.5,0.5,19.5,14.5,19.54305,1.4702380952380953
IND244715AAA,IND263401AAA,FTL,2,1.2999999999999998,1.2999999999999998,0.5,0.0,41.5,30.0,23.86455,1.2999999999999998
IND232104AAB,IND221010AAB,Carting,4,1.7333333333333334,1.672470238095238,0.5,0.5,17.75,10.75,11.2327,1.7333333333333334
IND741165AAB,IND742121AAB,Carting,30,1.853395061728395,2.282657756776998,0.5,0.5,48.766666666666666,46.833333333333336,52.32750333333333,1.853395061728395
IND504251AAA,IND504296AAA,FTL,6,1.5257936507936507,1.4665103415103413,0.5,0.5,26.0,21.333333333333332,19.901300000000003,1.5257936507936507
IND221010AAB,IND232101AAB,Carting,2,1.3,1.3,0.5,0.5,16.5,13.5,16.60855,1.3
IND201307AAA,IND201301AAL,Carting,58,1.207142857142857,1.56725305345995,0.5,0.22413793103448276,15.172413793103448,10.155172413793103,9.529912068965517,1.207142857142857
IND852111AAA,IND852118AAA,FTL,2,2.417582417582418,2.417582417582418,0.5,0.5,36.0,17.0,24.5321,2.417582417582418
IND532201AAA,IND761200AAA,FTL,2,1.2732558139534884,1.2732558139534884,0.5,0.0,24.0,22.5,17.56485,1.2732558139534884
IND484001AAA,IND484446AAA,FTL,16,1.4768518518518519,1.6507766361943594,0.5,0.5,39.875,26.125,29.2366125,1.4768518518518519
IND282002AAD,IND281004AAA,FTL,16,1.5213815789473686,1.5978665706713306,0.5,0.5,47.3125,46.375,46.028625,1.5213815789473686
IND465333A1B,IND462022AAA,FTL,4,1.1818181818181817,1.2888257575757576,0.5,0.25,32.0,26.5,27.470575,1.1818181818181817
IND184121AAA,IND181152AAB,FTL,2,1.2916666666666667,1.2916666666666667,0.5,0.0,20.5,15.0,17.37545,1.2916666666666667
IND246761AAA,IND244501AAA,FTL,20,0.8896276595744681,1.2631985927130938,0.5,0.4,23.75,49.4,29.818385,0.8896276595744681
IND246761AAA,IND244601AAB,FTL,2,1.2607142857142857,1.2607142857142857,0.5,0.0,29.5,24.0,23.4307,1.2607142857142857
IND246761AAA,IND244901AAB,FTL,4,1.3844444444444444,1.362249103942652,0.5,0.5,37.0,36.25,35.390775,1.3844444444444444
IND244713AAA,IND244715AAA,FTL,2,3.0735294117647056,3.0735294117647056,0.5,0.5,22.0,17.5,12.16485,3.0735294117647056
IND560099AAB,IND000000ACS,Carting,2,1.44375,1.44375,0.5,0.5,16.5,10.5,9.73895,1.44375
IND843126AAA,IND843109AAB,Carting,6,1.4666666666666668,4.75,0.5,0.5,18.333333333333332,11.0,14.086866666666667,1.4666666666666668
IND842001AAA,IND843301AAA,FTL,18,1.2525570416994491,1.9809719552224274,0.5,0.5,57.72222222222222,35.94444444444444,41.13476111111111,1.2525570416994491
IND243301AAB,IND244901AAC,FTL,6,1.2523809523809524,1.3077730513214385,0.5,0.16666666666666666,35.833333333333336,28.166666666666668,23.104200000000002,1.2523809523809524
IND246174AAA,IND246444AAB,FTL,32,1.2022727272727272,1.2630963557817112,0.5,0.125,59.0625,46.625,31.484734375,1.2022727272727272
IND177101AAA,IND176001AAA,FTL,4,1.416239316239316,1.458119658119658,0.5,0.5,50.25,29.75,21.932100000000002,1.416239316239316
IND756100AAC,IND756045AAB,FTL,2,1.2133333333333334,1.2133333333333334,0.5,0.5,24.5,21.5,21.3146,1.2133333333333334
IND464001AAA,IND464221AAA,FTL,2,2.677139037433155,2.677139037433155,0.5,0.5,52.5,39.5,45.6751,2.677139037433155
IND713205AAB,IND722101AAB,Carting,2,10.095634095634095,10.095634095634095,0.5,0.5,140.0,25.0,26.115650000000002,10.095634095634095
IND160002AAC,IND160003AAA,Carting,4,1.5625,1.9182692307692308,0.5,0.5,15.0,7.75,8.298175,1.5625
IND403726AAB,IND403002AAA,Carting,8,1.1875,1.3404761904761906,0.5,0.25,16.625,11.5,8.3379625,1.1875
IND152116AAA,IND152026AAA,FTL,2,1.2563025210084033,1.2563025210084033,0.5,0.5,49.0,38.0,38.91845,1.2563025210084033
IND110083AAA,IND110085AAB,Carting,2,3.9714285714285715,3.9714285714285715,0.5,0.5,25.0,9.5,7.987500000000001,3.9714285714285715
IND152101AAA,IND152026AAA,FTL,4,1.0694444444444444,1.2908033033033033,0.5,0.25,36.5,23.0,17.340374999999998,1.0694444444444444
IND573116AAA,IND573142AAA,FTL,2,3.2635135135135136,3.2635135135135136,0.5,0.5,63.0,26.5,26.72755,3.2635135135135136
IND591126AAA,IND591102AAA,FTL,4,1.25,1.266025641025641,0.5,0.25,23.75,15.75,17.545275,1.25
IND781018AAB,IND781005AAA,Carting,12,1.143939393939394,3.505597643097643,0.5,0.4166666666666667,30.916666666666668,24.083333333333332,22.756266666666665,1.143939393939394
IND423105AAA,IND423106AAA,FTL,2,1.5152173913043478,1.5152173913043478,0.5,0.5,22.5,16.5,18.4153,1.5152173913043478
IND624703AAA,IND624619AAA,FTL,2,1.22,1.22,0.5,0.0,31.0,25.5,25.91265,1.22
IND625008AAA,IND625516AAA,FTL,4,1.2102564102564102,1.230128205128205,0.5,0.0,37.0,30.0,27.56125,1.2102564102564102
IND625218AAA,IND624703AAA,FTL,4,2.064102564102564,2.2674313990103463,0.5,0.5,52.5,24.0,26.884750000000004,2.064102564102564
IND623704AAA,IND626607AAB,FTL,14,1.2153846153846155,1.2505119478333764,0.5,0.07142857142857142,29.714285714285715,23.357142857142858,22.618085714285716,1.2153846153846155
IND591302AAB,IND591115AAB,FTL,4,1.3541666666666667,1.4699222080136403,0.5,0.5,32.0,20.5,22.090275,1.3541666666666667
IND854311AAA,IND852118A1B,FTL,6,1.5119047619047619,2.00993265993266,0.5,0.5,39.333333333333336,20.0,24.55855,1.5119047619047619
IND826004AAA,IND814112AAA,FTL,16,1.2628689087165408,1.7862065348221423,0.5,0.375,52.0,35.0625,33.4383125,1.2628689087165408
IND711303AAA,IND721134AAB,Carting,34,1.0011520737327189,1.315116719899741,0.5,0.4411764705882353,16.705882352941178,19.352941176470587,24.02905,1.0011520737327189
IND581402AAA,IND577201AAA,FTL,6,1.206896551724138,1.3360220474558042,0.5,0.3333333333333333,37.0,30.5,24.28045,1.206896551724138
IND573116AAA,IND571426AAA,FTL,2,4.0,4.0,0.5,0.5,80.5,14.5,16.12285,4.0
IND244921AAB,IND243201AAA,Carting,6,1.228885135135135,1.4453922672672672,0.5,0.3333333333333333,28.5,20.333333333333332,14.151216666666665,1.228885135135135
IND732204AAB,IND732123AAC,Carting,6,1.2999999999999998,1.8434439973172367,0.5,0.3333333333333333,36.5,33.5,23.155916666666666,1.2999999999999998
IND000000ABA,IND683565AAA,Carting,8,1.3937728937728937,1.8941042510121457,0.5,0.5,28.0,17.0,14.70805,1.3937728937728937
IND160002AAC,IND140901AAA,Carting,105,1.1538461538461537,1.5170620649192077,0.49523809523809526,0.21904761904761905,16.2,11.133333333333333,9.901242857142856,1.1538461538461537
IND473226AAA,IND474003AAA,FTL,88,1.1850094876660342,1.772809684923199,0.48863636363636365,0.3409090909090909,70.76136363636364,32.81818181818182,28.184143181818182,1.1850094876660342
IND176310AAA,IND145001AAA,FTL,39,1.2,6.4301356714115405,0.48717948717948717,0.358974358974359,350.84615384615387,56.8974358974359,41.33480256410256,1.2
IND695101AAB,IND691574AAA,Carting,39,1.2,1.37158269081346,0.48717948717948717,0.3333333333333333,9.076923076923077,7.435897435897436,7.336676923076923,1.2
IND000000ACT,IND000000ACB,FTL,113,1.1666666666666667,1.3702126025010959,0.48672566371681414,0.1415929203539823,31.98230088495575,21.92920353982301,23.002635398230087,1.1666666666666667
IND363310AAB,IND382430AAB,FTL,54,1.1619644723093,1.9216077773467721,0.48148148148148145,0.3888888888888889,34.05555555555556,25.166666666666668,22.703329629629632,1.1619644723093
IND335803AAA,IND335804AAD,Carting,17,1.2,1.3432518461930225,0.47058823529411764,0.23529411764705882,12.235294117647058,8.941176470588236,9.877882352941176,1.2
IND560300AAA,IND560058AAB,Carting,111,1.125,1.4439131829504948,0.46846846846846846,0.3333333333333333,16.873873873873872,12.558558558558559,11.295754954954955,1.125
IND363001AAA,IND363421AAB,FTL,26,1.1625,1.5528762533350966,0.46153846153846156,0.2692307692307692,21.0,17.884615384615383,14.717284615384616,1.1625
IND695572AAB,IND695541AAA,Carting,26,1.19375,1.2167463805874736,0.46153846153846156,0.11538461538461539,15.307692307692308,13.26923076923077,9.737515384615385,1.19375
IND363520AAC,IND363001AAA,FTL,39,1.1818181818181819,1.320767561589827,0.46153846153846156,0.1282051282051282,19.487179487179485,15.923076923076923,19.32281282051282,1.1818181818181819
IND628204AAA,IND627657AAA,Carting,68,1.1833333333333333,1.257974500989207,0.45588235294117646,0.07352941176470588,12.926470588235293,10.544117647058824,10.548857352941177,1.1833333333333333
IND636705AAB,IND635001AAA,FTL,11,1.1818181818181819,2.0744180939833115,0.45454545454545453,0.36363636363636365,25.454545454545453,17.727272727272727,19.270854545454544,1.1818181818181819
IND560099AAB,IND632006AAA,FTL,64,1.177927927927928,1.6637673630432175,0.453125,0.21875,29.65625,23.5,25.281321875,1.177927927927928
IND160002AAC,IND140603AAA,Carting,85,1.2,1.4367969195555403,0.4470588235294118,0.4,13.188235294117646,9.611764705882353,10.061708235294118,1.2
IND302014AAB,IND303303AAA,Carting,18,1.1833333333333333,1.9614158526658525,0.4444444444444444,0.2777777777777778,21.333333333333332,10.333333333333334,11.644466666666666,1.1833333333333333
IND560300AAA,IND560085AAA,Carting,70,1.125,1.4224404139646287,0.44285714285714284,0.32857142857142857,14.8,10.7,10.113754285714286,1.125
IND560099AAB,IND560002AAA,Carting,51,1.1428571428571428,1.4407694203543935,0.43137254901960786,0.35294117647058826,20.019607843137255,14.294117647058824,13.2786,1.1428571428571428
IND784110AAA,IND781018AAB,FTL,7,1.1764705882352942,2.1433805100987766,0.42857142857142855,0.2857142857142857,53.285714285714285,24.571428571428573,34.051585714285714,1.1764705882352942
IND415709AAA,IND416122AAA,FTL,7,1.1639344262295082,1.6274261896689521,0.42857142857142855,0.2857142857142857,42.57142857142857,36.42857142857143,28.548042857142857,1.1639344262295082
IND415003AAA,IND412803AAB,FTL,14,1.0972222222222223,1.2412064446990918,0.42857142857142855,0.21428571428571427,27.571428571428573,22.714285714285715,19.314785714285712,1.0972222222222223
IND384265AAB,IND385320AAA,FTL,33,1.173913043478261,1.2594435629715872,0.42424242424242425,0.21212121212121213,33.06060606060606,26.87878787878788,26.015563636363638,1.173913043478261
IND678683AAA,IND000000ABD,FTL,26,1.1851851851851851,1.7196194438236878,0.4230769230769231,0.19230769230769232,22.115384615384617,17.23076923076923,16.221753846153845,1.1851851851851851
IND560099AAB,IND635001AAA,FTL,12,1.0616666666666665,2.5149828251458684,0.4166666666666667,0.3333333333333333,46.666666666666664,22.583333333333332,23.656816666666668,1.0616666666666665
IND000000ACB,IND131028AAB,Carting,740,0.945906432748538,1.6250687571642815,0.4135135135135135,0.3716216216216216,26.491891891891893,21.47027027027027,16.724492432432434,0.945906432748538
IND621306AAA,IND625106AAA,FTL,39,1.1666666666666667,1.5420756769392385,0.41025641025641024,0.2564102564102564,30.17948717948718,23.05128205128205,22.713925641025643,1.1666666666666667
IND627657AAA,IND628613AAA,Carting,44,1.150375939849624,1.2426814128580241,0.4090909090909091,0.13636363636363635,12.886363636363637,12.272727272727273,10.192127272727273,1.150375939849624
IND562117AAA,IND562132AAA,FTL,27,1.1111111111111112,1.3308048178272986,0.4074074074074074,0.14814814814814814,40.629629629629626,34.48148148148148,27.171988888888887,1.1111111111111112
IND383315AAC,IND384205AAA,FTL,5,1.1363636363636365,1.4895915678524374,0.4,0.2,26.0,20.0,23.79496,1.1363636363636365
IND281401AAA,IND321022AAA,Carting,25,1.1428571428571428,1.357272579146075,0.4,0.28,18.2,15.64,11.329176,1.1428571428571428
IND689645AAA,IND691551AAA,Carting,30,1.1433333333333335,1.2480768167053446,0.4,0.16666666666666666,23.466666666666665,19.266666666666666,16.936743333333332,1.1433333333333335
IND507002AAA,IND507117AAB,FTL,5,1.15,1.4866666666666668,0.4,0.4,32.0,21.6,27.11316,1.15
IND484446AAA,IND842003AAB,FTL,30,1.1257894736842107,1.5613798488975403,0.4,0.4,44.9,35.53333333333333,32.17724666666667,1.1257894736842107
IND474003AAA,IND473551AAA,FTL,5,1.0909090909090908,1.56991822991823,0.4,0.4,38.8,26.6,23.53684,1.0909090909090908
IND383255AAB,IND384205AAA,FTL,36,1.1742424242424243,1.5141180257203986,0.3888888888888889,0.16666666666666666,41.333333333333336,28.444444444444443,28.508166666666668,1.1742424242424243
IND422011AAD,IND422103AAC,Carting,31,1.0476190476190477,1.8222242808830247,0.3870967741935484,0.3225806451612903,20.903225806451612,20.580645161290324,20.301670967741938,1.0476190476190477
IND383001AAA,IND383315AAC,FTL,26,1.1130952380952381,1.2075367181654866,0.38461538461538464,0.15384615384615385,25.76923076923077,21.576923076923077,25.26306153846154,1.1130952380952381
IND160002AAC,IND160055AAA,Carting,60,1.0454545454545454,1.3281999849279262,0.38333333333333336,0.15,12.633333333333333,10.583333333333334,8.898725,1.0454545454545454
IND561207AAB,IND562108AAA,Carting,47,1.0909090909090908,1.2230859224140298,0.3829787234042553,0.2127659574468085,14.893617021276595,13.085106382978724,10.945348936170214,1.0909090909090908
IND244412AAA,IND244901AAB,FTL,8,1.18489110707804,1.216996201668041,0.375,0.125,60.125,45.875,40.994025,1.18489110707804
IND673027AAB,IND673305AAA,Carting,8,1.1454545454545455,9.563099747474748,0.375,0.25,83.0,10.125,10.252475,1.1454545454545455
IND638452AAA,IND638501AAB,Carting,8,1.2,1.530566534914361,0.375,0.125,11.125,9.0,8.6330875,1.2
IND505302AAB,IND505326AAB,FTL,8,1.1416666666666666,1.2431752873563218,0.375,0.25,33.625,27.25,25.544787499999998,1.1416666666666666
IND244715AAA,IND244713AAA,FTL,32,1.0441176470588234,1.3455615559620977,0.375,0.21875,19.125,19.21875,13.339159375,1.0441176470588234
IND335703AAA,IND335701AAA,Carting,32,1.1125,1.5823852362914863,0.375,0.25,11.40625,8.40625,9.53354375,1.1125
IND151001AAA,IND151302AAA,FTL,27,0.717948717948718,1.609825006369722,0.37037037037037035,0.25925925925925924,20.185185185185187,26.703703703703702,36.0535,0.717948717948718
IND603001AAA,IND603301AAA,Carting,49,1.1428571428571428,1.5036945947210054,0.3673469387755102,0.1836734693877551,13.10204081632653,8.83673469387755,9.926173469387756,1.1428571428571428
IND627005AAA,IND627811AAA,FTL,30,0.8999999999999999,1.6511110924713865,0.36666666666666664,0.3333333333333333,29.2,25.566666666666666,18.14173,0.8999999999999999
IND384205AAA,IND383001AAA,FTL,33,1.1379310344827587,1.4772689817723317,0.36363636363636365,0.24242424242424243,29.515151515151516,21.818181818181817,24.301072727272725,1.1379310344827587
IND643231AAA,IND643217AAA,Carting,11,1.1071428571428572,1.2142324393872383,0.36363636363636365,0.18181818181818182,40.0,33.0,22.513963636363638,1.1071428571428572
IND160055AAA,IND160002AAC,Carting,75,1.0,1.462911764838594,0.36,0.25333333333333335,14.72,11.16,9.510256,1.0
IND131028AAB,IND000000ACB,Carting,757,0.9230769230769231,1.584163937658144,0.3579920739762219,0.2747688243064729,23.849405548216644,18.899603698811095,14.98670885072655,0.9230769230769231
IND302014AAB,IND303301AAB,Carting,26,1.0727272727272728,1.3924314815619163,0.34615384615384615,0.23076923076923078,16.03846153846154,13.615384615384615,15.933453846153846,1.0727272727272728
IND695582AAA,IND695101AAB,Carting,38,1.2,1.334908293460925,0.34210526315789475,0.13157894736842105,14.447368421052632,10.789473684210526,9.83193157894737,1.2
IND560300AAA,IND560002AAA,Carting,59,1.0909090909090908,1.2751835499716857,0.3389830508474576,0.13559322033898305,14.59322033898305,11.525423728813559,11.416238983050848,1.0909090909090908
IND202001AAB,IND207123AAA,FTL,6,0.8787499999999999,1.7648292349726775,0.3333333333333333,0.3333333333333333,47.833333333333336,40.166666666666664,42.3343,0.8787499999999999
IND826004AAA,IND828401AAB,Carting,9,0.4146341463414634,1.2301611615149968,0.3333333333333333,0.3333333333333333,12.88888888888889,30.0,28.38591111111111,0.4146341463414634
IND721139AAC,IND721602AAB,Carting,12,1.075046904315197,1.6391355088664987,0.3333333333333333,0.3333333333333333,27.666666666666668,23.833333333333332,21.975275,1.075046904315197
IND723130AAA,IND723131AAA,FTL,9,1.0,2.544232435521634,0.3333333333333333,0.1111111111111111,106.88888888888889,32.333333333333336,22.67968888888889,1.0
IND273014AAB,IND274301AAB,FTL,3,1.0434782608695652,1.2346947738252088,0.3333333333333333,0.3333333333333333,32.666666666666664,22.0,27.735066666666665,1.0434782608695652
IND396191AAC,IND396105AAA,Carting,3,0.6,1.4929292929292928,0.3333333333333333,0.3333333333333333,11.333333333333334,15.0,13.866166666666667,0.6
IND160002AAC,IND176041AAA,FTL,12,1.164983164983165,1.2542341144697677,0.3333333333333333,0.25,49.333333333333336,39.416666666666664,35.74991666666667,1.164983164983165
IND331023AAA,IND331304AAA,FTL,6,1.1428571428571428,1.2265752765752767,0.3333333333333333,0.16666666666666666,18.833333333333332,15.5,17.71175,1.1428571428571428
IND676509AAA,IND678583AAA,Carting,3,1.1,1.22991452991453,0.3333333333333333,0.3333333333333333,12.666666666666666,10.666666666666666,11.155833333333334,1.1
IND321001AAB,IND321401AAB,FTL,6,1.1952380952380952,1.7230910185932675,0.3333333333333333,0.3333333333333333,40.166666666666664,21.333333333333332,23.689533333333333,1.1952380952380952
IND335701AAA,IND335051AAA,Carting,27,1.0,1.2313526078597,0.3333333333333333,0.25925925925925924,14.814814814814815,11.851851851851851,13.2555,1.0
IND507111AAA,IND507303AAA,FTL,3,1.1016949152542372,1.359887697169609,0.3333333333333333,0.3333333333333333,46.666666666666664,40.333333333333336,32.331133333333334,1.1016949152542372
IND673632AAA,IND673104AAA,Carting,6,1.1454545454545455,1.2521885521885523,0.3333333333333333,0.16666666666666666,12.666666666666666,10.166666666666666,10.053766666666666,1.1454545454545455
IND384265AAB,IND385340AAB,FTL,3,1.064516129032258,1.2777824326211422,0.3333333333333333,0.3333333333333333,46.333333333333336,38.0,34.77696666666667,1.064516129032258
IND151001AAA,IND148101AAA,FTL,24,1.0805626598465472,1.2114440419569812,0.3333333333333333,0.20833333333333334,25.083333333333332,20.833333333333332,21.51772916666667,1.0805626598465472
IND151506AAA,IND151001AAA,FTL,48,1.0142857142857142,1.2903036693180272,0.3333333333333333,0.16666666666666666,49.4375,35.1875,29.84171041666667,1.0142857142857142
IND815353AAA,IND826004AAA,FTL,3,1.12,1.3995679012345679,0.3333333333333333,0.3333333333333333,44.0,40.0,35.572399999999995,1.12
IND335804AAD,IND335701AAA,Carting,16,1.0416666666666665,1.2094065656565656,0.3125,0.125,10.0,8.25,9.556725,1.0416666666666665
IND562101AAA,IND561207AAB,Carting,47,1.125,1.3056874536437806,0.2978723404255319,0.19148936170212766,11.702127659574469,10.319148936170214,11.248429787234043,1.125
IND638401AAA,IND638452AAA,Carting,27,1.1,1.5408280972077506,0.2962962962962963,0.14814814814814814,11.666666666666666,11.333333333333334,12.410392592592594,1.1
IND335804AAD,IND335703AAA,Carting,27,1.0263157894736843,1.359896514574877,0.2962962962962963,0.18518518518518517,14.37037037037037,12.444444444444445,13.71335185185185,1.0263157894736843
IND385320AAA,IND385340AAB,FTL,24,0.7376344086021505,1.2160760281896716,0.2916666666666667,0.2916666666666667,18.875,22.75,18.694733333333335,0.7376344086021505
IND302014AAB,IND303603AAB,Carting,7,1.1428571428571428,1.2926370548219288,0.2857142857142857,0.14285714285714285,17.285714285714285,16.285714285714285,13.382285714285715,1.1428571428571428
IND673027AAB,IND673104AAA,Carting,7,1.0833333333333333,6.097222222222222,0.2857142857142857,0.2857142857142857,51.0,10.0,9.941114285714287,1.0833333333333333
IND673632AAA,IND673305AAA,Carting,14,1.1,1.329199372056515,0.2857142857142857,0.07142857142857142,12.0,11.285714285714286,11.3473,1.1
IND571440AAA,IND571430AAA,FTL,19,1.0,1.248142335418808,0.2631578947368421,0.10526315789473684,27.0,26.105263157894736,18.761447368421056,1.0
IND244601AAB,IND244901AAB,FTL,23,1.0,1.2302391695922565,0.2608695652173913,0.21739130434782608,46.52173913043478,34.78260869565217,29.04096956521739,1.0
IND695582AAA,IND691574AAA,Carting,4,1.1333333333333333,1.888095238095238,0.25,0.25,16.0,9.5,8.857825,1.1333333333333333
IND605010AAB,IND604303AAA,FTL,8,1.0634920634920635,1.7952105084458025,0.25,0.25,38.25,25.0,17.2193,1.0634920634920635
IND403726AAB,IND403507AAA,Carting,12,1.1483516483516483,1.2142086141699144,0.25,0.08333333333333333,18.083333333333332,14.75,10.921833333333334,1.1483516483516483
IND415124AAA,IND415605AAA,FTL,58,1.0732388076364854,1.2116907125892615,0.2413793103448276,0.1206896551724138,50.672413793103445,45.6551724137931,24.620889655172416,1.0732388076364854
IND147201AAA,IND148023AAA,FTL,13,1.1428571428571428,1.3090891017814092,0.23076923076923078,0.07692307692307693,19.76923076923077,16.76923076923077,15.896846153846154,1.1428571428571428
IND722140AAA,IND722151AAA,FTL,10,0.9880952380952381,3.721816168327796,0.2,0.1,41.6,38.0,41.38427,0.9880952380952381
