center,in_degree,out_degree,total_degree,betweenness,clustering,pagerank,outbound_trips,avg_factor,sla_breach_rate,facility_name,bottleneck_score
IND000000ACB,45,49,94,0.3179778072834185,0.03715846994535519,0.011265795812105312,23251.0,1.9232335446072295,0.8172121629177239,Gurgaon_Bilaspur_HB (Haryana),0.9543030216694217
IND562132AAA,36,35,71,0.19297947836967236,0.05357142857142857,0.009897595862645527,9899.0,1.7942705476400787,0.8104859076674411,Bangalore_Nelmngla_H (Karnataka),0.7412832652993318
IND501359AAE,30,27,57,0.13056866489288738,0.042682926829268296,0.009240256563006496,3332.0,2.0166783383575138,0.8931572629051621,Hyderabad_Shamshbd_H (Telangana),0.6514779904023531
IND160002AAC,32,29,61,0.08567367360207381,0.03433001107419712,0.009729907397251459,2414.0,1.9189409070518888,0.8235294117647058,Chandigarh_Mehmdpur_H (Punjab),0.6019497011595554
IND712311AAA,24,22,46,0.13239574839357326,0.0392156862745098,0.007696049019701161,2587.0,2.3852139790881695,0.8596830305373019,Kolkata_Dankuni_HB (West Bengal),0.5940505148873474
IND421302AAG,29,29,58,0.10247623699088654,0.06156156156156156,0.006817191116701532,9004.0,2.1677169723827654,0.9059306974677921,Bhiwandi_Mankoli_HB (Maharashtra),0.582884072716118
IND411033AAA,23,20,43,0.06382780256113052,0.06157635467980296,0.006884074589521658,4020.0,1.9995435320443058,0.8022388059701493,Pune_Tathawde_H (Maharashtra),0.4833498538384231
IND110037AAM,21,24,45,0.05534028951816172,0.07056451612903226,0.0055200146818419156,1993.0,2.1791912773170856,0.8946312092323131,Delhi_Airport_H (Delhi),0.47719082472334184
IND600056AAB,18,18,36,0.06854113394036314,0.05928853754940711,0.004860251117676177,1658.0,2.172655609297436,0.8546441495778045,MAA_Poonamallee_HB (Tamil Nadu),0.4506567828543652
IND781018AAB,17,15,32,0.06101015395907366,0.03162055335968379,0.004939975504334989,1566.0,2.309644906900757,0.8946360153256705,Guwahati_Hub (Assam),0.445178540892508
IND842001AAA,12,15,27,0.030938564026646926,0.057971014492753624,0.005839188201465559,646.0,2.398619813483059,0.9427244582043344,Muzaffrpur_Bbganj_I (Bihar),0.4293115797179323
IND131028AAB,20,20,40,0.07044163971770837,0.03870967741935484,0.0062246981118068735,1672.0,1.8365222128342935,0.6232057416267942,Sonipat_Kundli_H (Haryana),0.4277140517938082
IND209304AAA,16,13,29,0.05930122684055225,0.03463203463203463,0.005721515726201009,1490.0,1.9321982463807752,0.7671140939597315,Kanpur_Central_H_6 (Uttar Pradesh),0.4188399880473759
IND382430AAB,17,13,30,0.04148566644310534,0.03985507246376811,0.004185362159184377,1740.0,2.607904685873269,0.8798850574712643,Ahmedabad_East_H_1 (Gujarat),0.4023024731471493
IND302014AAA,10,8,18,0.05966073654993813,0.06666666666666667,0.0033085527961445186,788.0,1.8571012891851257,0.8616751269035533,Jaipur_Hub (Rajasthan),0.3763830779311253
IND713205AAB,7,11,18,0.020928607770685708,0.054945054945054944,0.0038791311604920204,167.0,4.950458466188821,0.9820359281437125,Durgapur_Central_I_1 (West Bengal),0.3739699936596429
IND580028AAA,9,8,17,0.019705089923246436,0.0989010989010989,0.004371842527026654,395.0,4.249606874844317,0.959493670886076,Hubli_Adargchi_IP (Karnataka),0.3735841895365406
IND751002AAB,13,6,19,0.03198934905788259,0.10833333333333334,0.0036549604285744035,1467.0,2.2695799459153525,0.9195637355146558,Bhubaneshwar_Hub (Orissa),0.36869743525913057
IND462022AAA,13,9,22,0.042634677759525064,0.0718954248366013,0.004874073843738558,1421.0,1.9035368886421742,0.7494722026741731,Bhopal_Trnsport_H (Madhya Pradesh),0.36598627693307845
IND842003AAB,5,8,13,0.02137823834196891,0.06060606060606061,0.004388882023949918,134.0,3.0036253489662603,0.9477611940298507,Jabalpur_Adhartal_IP (Madhya Pradesh),0.36419306349424513
IND000000ACA,13,9,22,0.013508141375274606,0.11666666666666667,0.003514650392859575,449.0,2.0537240665728604,0.9398663697104677,Ludhiana_MilrGanj_HB (Punjab),0.35739143225042186
IND530012AAA,10,11,21,0.020537478411053536,0.054945054945054944,0.003123074873128089,711.0,2.1201609015698524,0.8987341772151899,Visakhapatnam_Gajuwaka_IP (Andhra Pradesh),0.3457434967204241
IND505001AAB,11,8,19,0.018001480384900074,0.15384615384615385,0.003201178057128649,93.0,2.411784610130684,0.9139784946236559,Karimnagar_KamnHbRD_I (Telangana),0.3438486673097312
IND518002AAA,10,8,18,0.019622501850481124,0.12121212121212122,0.0037667944118040192,401.0,1.7327700225192764,0.8728179551122195,Kurnool_AbbasNgr_I (Andhra Pradesh),0.34323356470099076
IND400072AAB,11,11,22,0.005419442388354302,0.07692307692307693,0.002317414344196181,673.0,3.654332315733096,0.986627043090639,Mumbai Hub (Maharashtra),0.33892397126138846
IND785001AAA,5,3,8,0.01385450397464062,0.13333333333333333,0.003088641774010758,49.0,3.8048534735601516,1.0,Jorhat_RicMilRd_D (Assam),0.3351356891552137
IND575004AAB,6,7,13,0.02571419039879428,0.07692307692307693,0.001920156187540407,84.0,2.313745547024008,0.9642857142857143,Mangalore_Kuntikna_H (Karnataka),0.32926988162832227
IND515004AAA,6,6,12,0.014476028296415184,0.08888888888888889,0.0030177386597900974,390.0,1.9232391411710597,0.941025641025641,Anantapur_KamaStrt_I (Andhra Pradesh),0.3284196330094374
IND305001AAC,5,4,9,0.015210954848260547,0.10714285714285714,0.0029453837478116435,185.0,2.0906263967894363,0.9675675675675676,Ajmer_FoySGRRD_I (Rajasthan),0.32812793371895754
IND521225AAB,8,8,16,0.01763273295030369,0.10256410256410256,0.002933668368716695,309.0,1.9662520958799874,0.8867313915857605,Vijayawada_Rynapadu_H (Andhra Pradesh),0.3254303368849123
IND121004AAB,9,7,16,0.007941376538170512,0.05555555555555555,0.002720567898016734,572.0,2.1476147738179825,0.9405594405594405,FBD_Balabhgarh_DPC (Haryana),0.32443687677260713
IND742101AAC,6,6,12,0.014580557611645723,0.05454545454545454,0.0023964290796844316,141.0,2.6562836538985604,0.9574468085106383,Baharampur_Chuanpur_I (West Bengal),0.32160996516668794
IND125001AAA,7,8,15,0.010646379406015708,0.10606060606060606,0.003406109261965865,269.0,2.397269914318093,0.862453531598513,Hisar_ModelTwn_P (Haryana),0.3179075870573723
IND533106AAA,8,8,16,0.005029692107771286,0.15555555555555556,0.002228830715096781,289.0,2.405295995309369,0.9619377162629758,Rajamundry_AtoNgrRd_I (Andhra Pradesh),0.31784680150932115
IND244901AAB,10,7,17,0.019786427036159664,0.08333333333333333,0.004467120655241528,217.0,2.0317026132006584,0.7235023041474654,Rampur_RoshnBgh_I (Uttar Pradesh),0.3163673344488242
IND573201AAB,4,5,9,0.022195429622274353,0.14285714285714285,0.001792977728107844,167.0,2.4043604775205005,0.9700598802395209,Hassan_Pandrnga_I (Karnataka),0.3159803722768034
IND273014AAB,6,6,12,0.006621761658031089,0.0,0.002910502685904065,225.0,2.2658248052528616,0.9288888888888889,Gorakhpur_Matriprm_IP (Uttar Pradesh),0.3148364644254511
IND732103AAB,4,3,7,0.0047757216876387855,0.047619047619047616,0.002757129634495269,65.0,4.766413308913309,0.9846153846153847,Malda_Central_I_3 (West Bengal),0.3132606446094331
IND249407AAA,5,3,8,0.004603997039230199,0.2,0.002377106459040298,168.0,2.6618720834906036,1.0,Haridwar (Uttarakhand),0.31232182338044984
IND786001AAB,6,7,13,0.018429311621021464,0.10606060606060606,0.002500370277253258,174.0,2.282489625043934,0.8850574712643678,Dibrugarh_Bokule_H (Assam),0.31174476663308254
IND854326AAB,8,8,16,0.027505699481865285,0.15384615384615385,0.00206994958087837,1052.0,2.062810381612199,0.8431558935361216,Purnia_Central_H_2 (Bihar),0.3100702233427677
IND683511AAA,13,7,20,0.03382383419689119,0.029411764705882353,0.0034386859507267676,384.0,2.051120027681557,0.6796875,Aluva_Peedika_H (Kerala),0.30905865405827504
IND395023AAA,8,8,16,0.022791461054075833,0.16363636363636364,0.0019354221185826864,2182.0,1.8759617639015085,0.8657195233730522,Surat_HUB (Gujarat),0.3081338956330885
IND532001AAB,5,4,9,0.008598075499629904,0.17857142857142858,0.0019879381501048316,307.0,2.6475727972662155,0.9771986970684039,Srikakulam_Kuslpram_I (Andhra Pradesh),0.30625949380949746
IND201301AAF,8,3,11,0.002408963003727663,0.1388888888888889,0.003039297766255897,53.0,1.9128840554579243,0.9056603773584906,Noida_Sec 02_DPC (Uttar Pradesh),0.3045282269692493
IND431136AAC,5,5,10,0.007416758016402902,0.047619047619047616,0.0018743789845170368,334.0,2.7610602659331267,0.9640718562874252,Aurangabad_Central_H_1 (Maharashtra),0.3018120394894282
IND313001AAB,4,5,9,0.013448803355539106,0.14285714285714285,0.0020290490097794635,384.0,2.559860483993166,0.9348958333333334,Udaipur_Mangri_I (Rajasthan),0.3017528368210035
IND110024AAA,3,1,4,0.0005951147298297557,0.3333333333333333,0.002438525800792675,10.0,2.0692460317460317,1.0,Delhi_Lajpat_IP (Delhi),0.30039744141458846
IND788026AAC,4,4,8,0.007412287194670614,0.19047619047619047,0.001512103154295084,163.0,2.704573216186188,1.0,Silchar_Sirikona_H (Assam),0.3000566506381947
IND507002AAA,5,7,12,0.005787181497039408,0.1388888888888889,0.0015955214929864832,105.0,2.3043687501173125,0.9619047619047619,Khammam_NSTRoad_I (Telangana),0.2988271417327847
IND785682AAA,2,2,4,0.01308660251665433,0.0,0.0015686707530236411,40.0,2.373179281530826,1.0,Sivasagar_Babupaty_D (Assam),0.2987044876584659
IND523002AAA,4,5,9,0.0071215889464594125,0.1388888888888889,0.00237374839865798,217.0,1.7109467492909207,0.9216589861751152,Ongole_SubhVRTL_I (Andhra Pradesh),0.2975986203092219
IND144001AAB,5,5,10,0.00726720947446336,0.26666666666666666,0.0029841815989497277,174.0,2.3362729138434593,0.867816091954023,Jalandhar_DPC (Punjab),0.2972856487424883
IND732123AAC,3,1,4,0.0005965951147298297,0.6666666666666666,0.0022214763943982493,2.0,1.3452380952380953,1.0,Chanchal_BargaDPP_D (West Bengal),0.2965458253464708
IND424006AAA,6,9,15,0.0049785344189489265,0.09090909090909091,0.0014045744061360217,228.0,2.323132456190132,0.9429824561403509,Dhule_MIDCAvdn_I (Maharashtra),0.29626824074102065
IND365560AAB,2,1,3,0.0005963073445187933,0.0,0.002321303377255777,22.0,2.571665298650302,1.0,Amreli_Rajula_DC (Gujarat),0.29616718440609135
IND721306AAA,4,4,8,0.007416758016402902,0.09523809523809523,0.0012808057487213582,36.0,2.6869990816596463,1.0,Kharagpur_DC (West Bengal),0.29595538357002826
IND482002AAA,1,1,2,0.0,0.0,0.0024448155007617068,4.0,11.334821428571429,1.0,Jabalpur (Madhya Pradesh),0.29555298004400643
IND577002AAA,4,3,7,0.003415247964470762,0.26666666666666666,0.0023102931769345167,150.0,2.130493943420414,0.9466666666666667,Davangere_Central_I_1 (Karnataka),0.29434336332177746
IND500039AAC,5,4,9,0.006237493491794841,0.047619047619047616,0.001691663283790012,75.0,3.389272636586362,0.96,Hyderabad_Uppal_I (Telangana),0.2941017901359543
IND332001AAB,3,6,9,0.017137161072700545,0.08333333333333333,0.0016585480542709121,172.0,1.9904757804431787,0.9127906976744186,Sikar_FatehpRd_I (Rajasthan),0.2937089015792946
IND263401AAA,3,2,5,0.0016376201700217608,1.0,0.0018416442864647663,31.0,2.156952678265276,1.0,Kashipur_BajprDPP_D (Uttarakhand),0.2930991228329498
IND758001AAA,4,2,6,0.0005951147298297557,0.5,0.0017726582762702823,14.0,2.0404921807703116,1.0,Kendujhar_Sirjudin_D (Orissa),0.29287747045595175
IND585104AAA,5,5,10,0.007564026646928201,0.0,0.001816593609150509,307.0,1.8844439784104847,0.9315960912052117,Gulbarga_Nehrugnj_I (Karnataka),0.29282934255822873
IND421302AAR,5,4,9,0.002395262768319763,0.0,0.0016839828432807591,103.0,4.113404761048964,0.970873786407767,Mumbai_East_I_21 (Maharashtra),0.2924547216009272
IND444005AAB,3,3,6,0.009486306439674314,0.1,0.001419010788568156,444.0,2.2385994729934007,0.9842342342342343,Akola_Gaurkshn_I (Maharashtra),0.2924443640306286
IND205001AAB,3,5,8,0.00697261287934863,0.25,0.0015465560509642458,64.0,2.8516750001179467,0.96875,Mainpuri_Agraroad_I (Uttar Pradesh),0.29237183570547254
IND700053AAA,3,4,7,0.004603997039230199,0.2,0.001341442326030655,36.0,7.496384882559419,1.0,CCU_New Alipore_DPC (West Bengal),0.29178529582839063
IND110014AAA,1,1,2,0.0,0.0,0.0022016308349435,14.0,3.06389146567718,1.0,Delhi_Bhogal (Delhi),0.2912357591696356
IND821115AAB,6,5,11,0.01256922219187238,0.1388888888888889,0.0024662568455933996,540.0,1.9126323275817383,0.8444444444444444,Sasaram_Central_I_2 (Bihar),0.29023458994283247
IND533201AAA,3,2,5,0.0,0.6666666666666666,0.0017728746776282836,19.0,3.4932489474040724,1.0,Amalapuram_Vijdurg_D (Andhra Pradesh),0.29007572836101286
IND364290AAA,1,1,2,0.0,0.0,0.00212032754887937,2.0,2.2263157894736842,1.0,Bhavnagar_Mahuva_DC (Gujarat),0.2897923941343854
IND754142AAA,2,1,3,0.002824574389341229,0.0,0.00177976286315188,2.0,2.9696296296296296,1.0,Paradip_Udyabata_D (Orissa),0.2890059632703716
IND201007AAA,8,5,13,0.003178040957315569,0.17857142857142858,0.002323396114211782,63.0,2.2277316378506855,0.873015873015873,GZB_Mohan_Nagar_DPC (Uttar Pradesh),0.28880541009749755
IND416012AAA,5,5,10,0.01853185556116718,0.1111111111111111,0.0022212860564189587,482.0,2.0171589042272524,0.8381742738589212,Kolhapur_Shivaji_I (Maharashtra),0.28873068480754616
IND388320AAA,4,4,8,0.004030594621268198,0.2,0.0017936326711903712,39.0,2.233043726903376,0.9487179487179487,Anand_Vaghasi_IP (Gujarat),0.28851184065159335
IND570020AAA,4,3,7,0.004221618662936532,0.09523809523809523,0.0017788330117489007,47.0,4.084221677391222,0.9574468085106383,Mysore_Yadvgiri_IP (Karnataka),0.288491043090193
IND712310AAE,5,4,9,0.004791225678596275,0.09523809523809523,0.0016108530575565977,153.0,3.25419276620257,0.9477124183006536,Kolkata_North_I_4 (West Bengal),0.2880033676069556
IND742102AAB,5,5,10,0.007961263261781435,0.027777777777777776,0.0018139555492410915,209.0,3.0334415367707144,0.9090909090909091,Berhampore_Central_I_2 (West Bengal),0.2875934545772791
IND572101AAA,3,2,5,0.002384900074019245,0.3,0.0016092134003389577,80.0,2.2372167313895255,0.9875,Tumkur_Veersagr_I (Karnataka),0.28667034748122977
IND431603AAA,4,4,8,0.008008882309400443,0.09523809523809523,0.0011884509097857203,90.0,3.092191299283584,0.9666666666666667,Nanded_Aswningr_I (Maharashtra),0.2866342432606871
IND754103AAA,1,1,2,0.001780903034789045,0.0,0.001808973597148553,2.0,2.2608695652173916,1.0,Jagatsghpr_Markndpr_D (Orissa),0.2862252243579269
IND583101AAA,3,2,5,0.006817172464840858,0.16666666666666666,0.0011304876018275204,84.0,2.731700475749391,1.0,Bellary_Dc (Karnataka),0.2861752279047292
IND221313AAA,1,6,7,0.01308612784414128,0.047619047619047616,0.0004698829362690243,60.0,7.210420320658892,1.0,Varanasi_Central_H_4 (Uttar Pradesh),0.28564896288545844
IND301001AAB,5,3,8,0.0040109827352706896,0.26666666666666666,0.0011031562025034412,71.0,2.4457805172931377,0.9859154929577465,Alwar_Central_I_1 (Rajasthan),0.28553171466690297
IND400072AAJ,2,1,3,0.0005951147298297557,0.0,0.0016931724415290774,2.0,9.0,1.0,Mumbai_Tejpal_I (Maharashtra),0.28501475745811233
IND342005AAD,2,4,6,0.008,0.2,0.0010674063988913391,69.0,2.3686177568795332,0.9855072463768116,Jodhpur_Basni_I (Rajasthan),0.2848846510705894
IND243503AAB,3,1,4,0.0016391035216250414,0.6666666666666666,0.001814536488034028,41.0,3.438511549393385,0.975609756097561,Faridpur_ShjnprRD_D (Uttar Pradesh),0.2843714162855625
IND754211AAA,1,1,2,0.0022294596595114733,0.0,0.0016621750668271477,1.0,2.606060606060606,1.0,Kendrpara_Kapleswr_D (Orissa),0.28411286093438615
IND341303AAA,2,1,3,0.01191561806069578,0.3333333333333333,0.0009083806495504692,28.0,1.8020208083233293,1.0,Didwana_KatlaDPP_D (Rajasthan),0.28354300959882983
IND826004AAA,7,9,16,0.01293446829509006,0.07692307692307693,0.002807718544471341,226.0,1.8544900181020745,0.7477876106194691,Dhanbad_Kalynpur_I (Jharkhand),0.28328701645897925
IND785612AAB,2,2,4,0.011299777942264989,0.3333333333333333,0.0008033751548611061,11.0,2.063660317072926,1.0,Bokakhat_MlnprDPP_D (Assam),0.2831515416898806
IND244713AAA,3,2,5,7.401924500370096e-07,1.0,0.0021532318022547754,18.0,2.2210753866764095,0.9444444444444444,Kashipur_Vaishali_D (Uttarakhand),0.2829400771684255
IND757001AAA,3,1,4,0.0016391035216250414,0.6666666666666666,0.0013781338147588254,5.0,2.142401458190932,1.0,Baripada_KalikDPP_D (Orissa),0.28272158609307046
IND306401AAB,3,4,7,0.01729903774981495,0.2,0.0015205775117390172,607.0,2.4100680881612138,0.8945634266886326,Pali_Nayagaon_I (Rajasthan),0.282579816822405
IND742121AAB,2,2,4,0.0022294774597307124,0.3333333333333333,0.0013275210415084329,36.0,3.3476410934744267,1.0,Nowda_ArhamDPP_D (West Bengal),0.28247289311037904
IND401104AAA,4,4,8,0.0011963230680457882,0.2,0.0009061615987222125,159.0,3.3591273325895674,1.0,Mumbai_MiraRd_IP (Maharashtra),0.2824575137258238
IND754202AAA,1,1,2,0.0016343449296817175,0.0,0.0015444117920835963,2.0,8.833333333333332,1.0,Cuttack_SliprDPP_DC (Orissa),0.28136718099075314
IND341306AAA,1,1,2,0.011320503330866025,0.0,0.0009115757848994589,32.0,2.2747908012296745,1.0,Sujangarh_LdnunDPP_D (Rajasthan),0.28079414852137546
IND211002AAB,6,4,10,0.013551900247571382,0.027777777777777776,0.0018942950397489219,249.0,2.4147439465692253,0.8514056224899599,Allahabad_Central_H_1 (Uttar Pradesh),0.28075203410098953
IND784001AAA,3,4,7,0.0031191709844559583,0.19047619047619047,0.0008117826302743269,26.0,3.5940203554005774,1.0,Tezpur_Mhbhirab_D (Assam),0.28074797017544434
IND600008AAC,3,3,6,0.0028257848042495056,0.16666666666666666,0.0011440006845067968,67.0,2.992384690460103,0.9850746268656716,Chennai_Egmore_DPC (Tamil Nadu),0.28044097466396894
IND600044AAD,5,5,10,0.007277322965694528,0.2,0.001983863338166896,132.0,2.2974309403304267,0.8712121212121212,Chennai_Chrompet_DPC (Tamil Nadu),0.2803872880812046
IND581320AAA,2,2,4,0.004434415424200768,0.0,0.0010611123872352067,14.0,2.195155286504247,1.0,Bhatkal_KmkshBul_D (Karnataka),0.2801703681368576
IND400037AAA,1,1,2,0.0,0.0,0.001577713074387499,13.0,3.1731504281671503,1.0,Mumbai Antop Hill (Maharashtra),0.2801594408059742
IND756019AAA,3,5,8,0.009475943745373796,0.09523809523809523,0.0010694526348686505,17.0,2.083284756634329,0.9411764705882353,Balasore_Ganeshwr_D (Orissa),0.2797639386816573
IND573134AAB,2,2,4,0.002226498889711325,0.3333333333333333,0.0011748487972928654,30.0,2.4367225550507285,1.0,Sakleshpur_RgvdrDPP_D (Karnataka),0.27975924714320943
IND583201AAA,3,3,6,0.0017829886271432578,0.3333333333333333,0.0011184958625042607,72.0,2.8262993605984335,0.9861111111111112,Hospet (Karnataka),0.2790995007060765
IND263153AAB,6,7,13,0.011248704663212435,0.14545454545454545,0.0020591093369284746,295.0,2.214667978479586,0.8169491525423729,Rudrapur_UdhamNgr_H (Uttarakhand),0.27898031239890275
IND723101AAA,1,1,2,0.00710880829015544,0.0,0.0010303480392135508,27.0,1.990043962305258,1.0,Purulia_GariDPP_D (West Bengal),0.2782668576037807
IND848101AAA,2,1,3,0.0005933406413122322,0.6666666666666666,0.001306023834627064,20.0,4.4072927416580665,1.0,Samastipur_Haripur_D (Bihar),0.2781398135948087
IND560099AAB,11,18,29,0.005819732235257587,0.1368421052631579,0.0024519480816576817,1910.0,1.7870583789129102,0.6706806282722513,Bengaluru_Bomsndra_HB (Karnataka),0.27782008966009325
IND444203AAA,2,1,3,0.0032767236916468024,0.6666666666666666,0.0011212922929861216,10.0,2.5033664651631407,1.0,Shegaon_SChwkDPP_D (Maharashtra),0.27781391739763317
IND152026AAA,6,7,13,0.004624722427831237,0.19444444444444445,0.0021339209109982726,189.0,2.865905211297947,0.8359788359788359,Muktsar_DPC (Punjab),0.2777747966060107
IND202001AAB,4,4,8,0.003734923938321109,0.26666666666666666,0.0010444028743561353,99.0,2.435131056314118,0.9595959595959596,Aligarh_KhirByps_I (Uttar Pradesh),0.2776049328128689
IND852201AAA,3,3,6,0.0016391035216250418,0.6666666666666666,0.0008459339936270596,24.0,4.042372855354464,1.0,Saharsa_Gangjala_D (Bihar),0.27757459781146904
IND577101AAA,3,2,5,0.002229459659511473,0.3333333333333333,0.0018079130444114148,16.0,2.5197756988560975,0.9375,Chikmagalur_DC (Karnataka),0.2775267382964188
IND403726AAA,4,6,10,0.013106146390824455,0.1388888888888889,0.0017197579407587573,333.0,1.9207715441988755,0.8528528528528528,Goa_Hub (Goa),0.27752466693756866
IND000000AAZ,2,2,4,0.0011851979310211838,0.3333333333333333,0.0010834551159655539,5.0,3.3419309462915607,1.0,Buldhana_Thsil3PL_D (Maharashtra),0.2769905828889243
IND464668AAA,1,1,2,0.011284974093264248,0.0,0.0006883445149472809,8.0,2.469158817373103,1.0,Bareli_SourvDPP_D (Madhya Pradesh),0.276792050053244
IND501401AAC,3,1,4,0.0,0.3333333333333333,0.0011404301165948566,14.0,8.10257500436072,1.0,Medchal_MROoffce_D (Telangana),0.27669749735381854
IND505425AAA,3,2,5,0.0005933406413122322,0.4,0.0009793456391558456,4.0,2.252922322775264,1.0,DhrmpuriTS_HanumDPP_D (Telangana),0.2766414198882437
IND533262AAA,2,2,4,0.0,1.0,0.0011336483094233154,24.0,1.9657538567316795,1.0,Draksharamam_Anaipeta_D (Andhra Pradesh),0.2765771009489366
IND311302AAA,2,1,3,0.0032701702442635085,0.3333333333333333,0.0010441440107589275,6.0,7.73501154847904,1.0,Badnaur_BhmrdDPP_D (Rajasthan),0.2764371021047275
IND610001AAA,2,2,4,0.009342709104367134,0.16666666666666666,0.001292804516722844,111.0,1.9662886875179915,0.9459459459459459,Thiruvarur_Bypasrd_D (Tamil Nadu),0.2761726372849352
IND844505AAB,1,1,2,0.0016391035216250418,1.0,0.0012476121219893801,16.0,10.975082659505633,1.0,HazratJandaha_HajiprRD_D (Bihar),0.27610337880165914
IND571124AAA,1,1,2,2.3733625652489287e-05,1.0,0.0013467749155679804,20.0,4.103502357273395,1.0,Tirumakudalu_Narasipr_D (Karnataka),0.2760857540704363
IND143001AAA,3,1,4,0.0,1.0,0.001089337101581977,76.0,2.3062707997468466,1.0,Amritsar_DPC (Punjab),0.27579045072649117
IND508207AAB,3,3,6,0.0004204821825103099,0.3333333333333333,0.0009907295841419862,82.0,2.2309078018061044,0.9878048780487805,Miryalguda_Ragvendr_D (Telangana),0.2757550082061953
IND523316AAB,2,1,3,0.0011872686898593634,0.3333333333333333,0.00113451262387163,42.0,1.7676605730011303,1.0,Markapur_VidyaNgr_D (Andhra Pradesh),0.27574874082567546
IND000000AFT,5,8,13,0.004757108591720821,0.07142857142857142,0.0013583148997815782,152.0,2.500281380904127,0.881578947368421,Mumbai_Sanpada_I (Maharashtra),0.2755513255412056
IND798601AAA,1,1,2,0.0,0.0,0.001317934952027954,40.0,3.2942723787652257,1.0,Mokokchung_Central_D_1 (Nagaland),0.2755476387880218
IND732202AAA,1,1,2,0.0005965951147298297,0.0,0.0012547125358254663,22.0,2.9537337662337664,1.0,Manikchak_Enayetpr_D (West Bengal),0.27508193639133943
IND533242AAA,2,1,3,0.0,1.0,0.0011591764519646274,2.0,2.2476190476190476,1.0,Razole_Shanthi_D (Andhra Pradesh),0.27487976059774516
IND794101AAA,1,1,2,0.006535899333826795,0.0,0.0008557236114610428,72.0,2.541625812847974,1.0,Tura_Sracmplx_D (Meghalaya),0.2745361721671155
IND485001AAC,2,5,7,0.004162102146558105,0.23809523809523808,0.0006560930648341695,104.0,3.002347594905084,0.9807692307692307,Satna_Central_I_2 (Madhya Pradesh),0.274324304704252
IND174103AAA,4,1,5,0.0,0.5,0.0008802755504017577,18.0,2.7640429296951035,1.0,Baddi_ByePass_D (Himachal Pradesh),0.27422955001937244
IND784168AAB,3,2,5,0.00580138812043035,0.3,0.0012229881068003777,20.0,2.8696296477019487,0.95,Gohpur_Central_D_1 (Assam),0.2741992958368296
IND581334AAA,2,3,5,0.0006978323145817262,0.3333333333333333,0.0008218438438560835,10.0,1.8484035701987647,1.0,Honnavar_Prbhtngr_D (Karnataka),0.2739603287395932
IND581110AAE,2,2,4,0.0005948239929155128,0.6666666666666666,0.0015444013682635548,118.0,2.1339154254408492,0.9576271186440678,Haveri_GuttalRD_D (Karnataka),0.27393064421265223
IND515134AAA,3,2,5,0.0017844719787465384,0.16666666666666666,0.0010116963051812172,106.0,1.742451088702476,0.9811320754716981,Puttaprthi_Gokulam_D (Andhra Pradesh),0.27380984038436124
IND125121AAA,1,1,2,0.0,0.0,0.001219188143552774,6.0,2.830682602421733,1.0,Barwala_Central_DPP_1 (Haryana),0.27379460151738555
IND249201AAA,2,2,4,0.001785344189489267,0.0,0.0008659588384847534,29.0,7.323273781700397,1.0,Rishikesh_DC (Uttarakhand),0.27378998855117187
IND246444AAB,1,1,2,0.0005951147298297557,1.0,0.0011812792122683823,15.0,1.4069786721158486,1.0,Karnaprayag_Umalodge_D (Uttarakhand),0.27377665615116614
IND712124AAA,2,2,4,0.0,1.0,0.00096934110015162,51.0,3.4231576702164936,1.0,Hooghly_DC (West Bengal),0.2736601797224656
IND416404AAA,2,1,3,0.0032782070432500828,0.0,0.0008775472935452422,16.0,3.093926549420938,1.0,Jath_Shivprsad_D (Maharashtra),0.27348838173818557
IND580002AAA,2,1,3,0.0,1.0,0.0010798181577167602,2.0,4.979166666666666,1.0,Dharwad_Dc (Karnataka),0.2734709247102987
IND124507AAA,2,2,4,0.002229459659511473,0.0,0.0008181457634194405,24.0,2.410134230248158,1.0,Bahadurgarh_DC (Haryana),0.27343001065426414
IND515591AAA,2,1,3,0.00444559585492228,0.3333333333333333,0.0008010566252978157,30.0,1.7277183296006826,1.0,Kadiri_GVManu_D (Andhra Pradesh),0.27341540595507724
IND834002AAB,5,7,12,0.010881756018469564,0.15555555555555556,0.0016458828187498305,1072.0,2.391326530413957,0.8339552238805971,Ranchi_Hub (Jharkhand),0.2733414417549254
IND783129AAA,1,1,2,0.005504717799774234,0.0,0.0008434358791004202,4.0,2.0809525460555207,1.0,Lakhipur_WrdN4DPP_D (Assam),0.273183002461196
IND712103AAA,2,2,4,0.0,1.0,0.0009384915486215079,77.0,3.3488347150684814,1.0,Hoogly_Bandel_D (West Bengal),0.27311251226414673
IND341510AAB,2,1,3,0.001634344929681717,0.3333333333333333,0.0009444494638245413,42.0,2.335982202140562,1.0,Merta_Central_DPP_1 (Rajasthan),0.27286667745574017
IND311001AAA,2,1,3,0.002226510756524151,0.6666666666666666,0.0009076699609244655,5.0,1.873846153846154,1.0,Bhilwara_DC (Rajasthan),0.2728655367876632
IND785675AAA,1,1,2,0.011310140636565507,0.0,0.0004644021325579329,7.0,2.2230760050308924,1.0,Moranhat_TiloiDPP_D (Assam),0.27284413550740977
IND591115AAB,2,2,4,0.0,1.0,0.0009223376344992828,14.0,1.9336593746810464,1.0,Kittur_ColageRD_D (Karnataka),0.2728257342511638
IND686632AAA,1,1,2,0.0005965951147298297,0.0,0.0011201429533149237,1.0,2.5,1.0,Kothanalloor_Majoor_D (Kerala),0.27269294278964507
IND411014AAA,3,3,6,0.004455958549222798,0.0,0.0016122555055782459,69.0,8.618442504024346,0.9130434782608695,PNQ Vadgaon Sheri DPC (Maharashtra),0.27254038669673364
IND521001AAA,2,2,4,0.0016358253145817908,0.6666666666666666,0.0008044257959907074,21.0,2.138524131493431,1.0,Machilipatnam_DC (Andhra Pradesh),0.27253302539841534
IND722101AAB,1,1,2,0.0,0.0,0.0011442560725990138,5.0,1.5009740259740258,1.0,Bankura_NapitDPP_D (West Bengal),0.2724643437077782
IND731237AAB,2,1,3,0.002379295971662051,0.0,0.0008747381534854687,45.0,3.50855619688953,1.0,Morgram_Kntgorya_D (West Bengal),0.2724490749165856
IND783301AAA,2,1,3,0.0034131920391486156,0.0,0.0008087991909076274,22.0,2.1335362006414638,1.0,Dhubri_Tetultol_D (Assam),0.27241648575030736
IND603203AAA,2,2,4,0.0016373056994818651,0.3333333333333333,0.0007889736986007269,27.0,2.849009940676607,1.0,Chennai_Potheri (Tamil Nadu),0.27226033610071176
IND410505AAB,2,2,4,0.0005948239929155128,0.6666666666666666,0.0008493633103428065,13.0,3.4652031226691857,1.0,Rajgurunagar_Chakan_D (Maharashtra),0.27218495821221644
IND590016AAA,2,1,3,0.0005951147298297557,1.0,0.0009618388703615426,10.0,1.7953785805509945,1.0,Belgaum_Dc (Karnataka),0.2720315023299584
IND741156AAA,1,2,3,0.0,0.0,0.000994264406921719,100.0,4.222992636448518,1.0,Plassey_BtaiRoad_D (West Bengal),0.27195210181260343
IND173212AAA,2,4,6,0.0011887490747594374,0.5,0.0005517542328296647,10.0,3.3602225357488513,1.0,Solan_MohanPrk_D (Himachal Pradesh),0.27185636094299154
IND576201AAA,2,1,3,0.0021650362797497862,0.3333333333333333,0.0008534000033363125,8.0,2.2162721448228413,1.0,Kundapura_DC (Karnataka),0.27183442506591543
IND207247AAB,2,1,3,0.0016313841598815692,0.3333333333333333,0.0008851467334445941,20.0,2.4284581646423753,1.0,Aliganj_KaimgnjRD_D (Uttar Pradesh),0.27181062604731515
IND783348AAA,1,1,2,0.004458954919461425,0.0,0.000825199255125097,30.0,1.737154497583783,1.0,Bilasipara_Wardno5_D (Assam),0.2717081732036866
IND147101AAA,2,2,4,0.0,1.0,0.0008549534140355892,19.0,2.282779577402003,1.0,Samana_PODPP_D (Punjab),0.27162947229850215
IND731224AAA,1,1,2,0.003416728349370836,0.0,0.0008826228505672928,33.0,2.9460149970845158,1.0,Rampurhat_SrifoDPP_D (West Bengal),0.2715804209031526
IND521165AAA,2,1,3,0.0,1.0,0.0009661034635299787,4.0,5.842482517482518,1.0,Vuyyuru_BhogdDPP_D (Andhra Pradesh),0.27145216481105056
IND263645AAA,3,2,5,0.0011857883049592893,0.6666666666666666,0.0006494271367811782,19.0,2.8891067541141435,1.0,Ranikhet_Subhash_D (Uttarakhand),0.2714365367770833
IND785112AAC,1,2,3,0.0005936343449296817,1.0,0.0009283379960152794,7.0,6.642118011478914,1.0,Teok_Wardno3_D (Assam),0.27143513686744036
IND123001AAA,2,1,3,0.002823094004441155,0.3333333333333333,0.00078109834469054,26.0,1.9305933809779963,1.0,Narnaul_DC (Haryana),0.2712751924885958
IND700065AAA,2,2,4,0.0,1.0,0.000829555793490347,49.0,5.142218644735704,1.0,CCU_Beliaghata_DPC (West Bengal),0.27117859215271517
IND582101AAB,2,1,3,0.0032701702442635085,0.3333333333333333,0.0007437294214278436,52.0,3.027234233409982,1.0,Gadag_Cdosclrd_D (Karnataka),0.27110388698747484
IND742147AAA,1,1,2,0.0028216136195410805,0.0,0.0008891115729744995,5.0,1.7298039215686274,1.0,Khargram_BoiDPP_D (West Bengal),0.27104056801681653
IND274001AAA,2,2,4,1.7800219239366965e-05,0.0,0.0008103322700006002,21.0,2.7796330660410615,1.0,Deoria_CCRoad_D (Uttar Pradesh),0.2708569126288859
IND275503AAA,2,1,3,0.0018238341968911916,0.3333333333333333,0.0008127008200264184,4.0,4.230769230769231,1.0,Ghosi_Jamalpur_D (Uttar Pradesh),0.27073633548045095
IND573142AAA,3,1,4,0.00654306392207064,0.3333333333333333,0.0008082644009479304,34.0,2.367734776117129,0.9705882352941176,Ramanathapura_Central_D_2 (Karnataka),0.2706496561287857
IND333031AAA,2,1,3,0.002821334749439664,0.3333333333333333,0.0007410338182775687,10.0,3.3836445279866334,1.0,Pilani (Rajasthan),0.2705619965421081
IND506167AAB,1,1,2,0.006516363593211588,0.0,0.0006304436785933298,76.0,2.7693273576325943,1.0,Jangaon_Hanmkond_D (Telangana),0.27051530822771175
IND742137AAA,1,1,2,0.002226498889711325,0.0,0.0008949930871815295,18.0,3.021956746956747,1.0,Kandi_DohalDPP_D (West Bengal),0.27048993545443445
IND791102AAA,2,1,3,0.0032775721687638786,0.0,0.0007058927481931741,10.0,2.5604298435482646,1.0,Pasighat_MissonRd_D (Arunachal Pradesh),0.2704403255469968
IND274301AAB,3,1,4,0.0,0.3333333333333333,0.0007844603080566836,30.0,3.610416736787272,1.0,Kaptanganj_Subshngr_D (Uttar Pradesh),0.27037801876788
IND125047AAB,2,2,4,0.000617320503330866,0.3333333333333333,0.0007453782593704907,30.0,2.068338443915655,1.0,Hisar_AgrohDPP_D (Haryana),0.27036368924693116
IND712602AAA,2,2,4,0.001929681717246484,0.3333333333333333,0.0006628541307436972,4.0,3.859416445623342,1.0,Arambag_BalibDPP_D (West Bengal),0.2703431743030798
IND843320AAA,2,1,3,0.0005951147298297557,0.6666666666666666,0.0008532944706671289,8.0,3.2610902255639096,1.0,Pupri_SngihiRD_D (Bihar),0.27010452989285955
IND233001AAA,1,2,3,0.002994886887023492,0.3333333333333333,0.0007042519875042516,9.0,3.557697993727406,1.0,Ghazipur_Kaithwal_D (Uttar Pradesh),0.2701000440554183
IND147105AAA,2,2,4,0.0,1.0,0.0007661546352937592,30.0,7.142770345596433,1.0,Patran_MheshNGR_D (Punjab),0.27005304090669124
IND125104AAA,1,1,2,0.004890610236016071,0.0,0.0007038296295918769,7.0,2.1839181286549705,1.0,Sirsa_AnprnDPP_D (Haryana),0.27002864194342335
IND274304AAB,2,2,4,0.0,0.3333333333333333,0.0007544821396413278,18.0,2.3862893642305405,1.0,Padrauna_BawliDPPP_D (Uttar Pradesh),0.26984582084321757
IND250002AAA,3,1,4,0.0,0.6666666666666666,0.0007526013103112516,14.0,2.532600492445213,1.0,Meerut (Uttar Pradesh),0.26981243076240136
IND786181AAC,3,3,6,0.004455958549222798,0.16666666666666666,0.0017915017082900506,171.0,3.828137330263164,0.8888888888888888,Margherita_CivilHPL_D (Assam),0.2696838702947005
IND483501AAA,2,1,3,0.002227979274611399,0.6666666666666666,0.000727928938176395,6.0,2.094980520492442,1.0,Katni_Bargawan_DC (Madhya Pradesh),0.2696762377931937
IND758035AAA,1,1,2,0.0,0.0,0.000987080518815658,2.0,1.7133333333333334,1.0,Barbil_PunjbiPd_D (Orissa),0.269674029690851
IND700026AAC,2,2,4,0.0,1.0,0.0007414319044864422,13.0,3.3979637616211282,1.0,CCU_Lake Avenue_DPC (West Bengal),0.2696141419771321
IND609602AAA,1,1,2,0.005633769389259645,0.0,0.0006325275593596464,11.0,3.0462801087801092,1.0,Karaikal_Thalthru_DC (Pondicherry),0.26958082654040677
IND390022AAA,5,4,9,0.008020758873497581,0.26666666666666666,0.0014522318149813183,255.0,1.7783813071055832,0.8705882352941177,Vadodara_Karelibaug_DPC (Gujarat),0.26946110849916494
IND242001AAA,1,1,2,0.003416728349370836,0.0,0.0007630265158984221,1.0,6.230769230769231,1.0,Shahjhnpur_NavdaCln_D (Uttar Pradesh),0.2694572451231605
IND733128AAA,1,2,3,0.001789785344189489,0.3333333333333333,0.0007397182266056718,23.0,2.110171471041036,1.0,Itahar_NatunDPP_D (West Bengal),0.2694032086851628
IND341512AAA,1,1,2,0.001780903034789045,0.0,0.0008602973278543289,5.0,1.8050557751427316,1.0,Parbatsar_AjmhwDPP_D (Rajasthan),0.26938351692938795
IND827013AAA,2,1,3,0.002229459659511473,0.6666666666666666,0.0007111968129153802,14.0,2.426326232247285,1.0,Bokaro_KSClny_DC (Jharkhand),0.26938082435280625
IND732138AAA,1,3,4,0.001785344189489267,0.3333333333333333,0.0006173703823267474,23.0,2.336097839358709,1.0,Bamangola_Central_D_1 (West Bengal),0.269376834997916
IND533003AAA,2,2,4,0.0005951147298297557,1.0,0.0006886034783782812,63.0,2.3995160348794435,1.0,Kakinada_DC (Andhra Pradesh),0.26933133305846985
IND722154AAA,2,2,4,0.0,0.3333333333333333,0.0007254281252925722,5.0,3.5640773020083367,1.0,MirzapurWB_VidyaDPP_D (West Bengal),0.26933002928699956
IND486771AAA,3,1,4,0.0005985323719237142,0.5,0.000683577596826849,6.0,1.9128968253968255,1.0,Churhat_Central_DPP_1 (Madhya Pradesh),0.26924587115587034
IND450331AAA,1,1,2,4.441154700222058e-06,1.0,0.0012111235462853758,113.0,2.508796365876012,0.9823008849557522,Burhanpur_StRoad_D (Madhya Pradesh),0.2692315415803076
IND845438AAA,2,1,3,0.0005951147298297557,1.0,0.000803288476933628,29.0,2.25894432632593,1.0,Bettiah_BypassRd_D (Bihar),0.2692167809911615
IND515671AAA,1,2,3,0.004153384489185626,0.3333333333333333,0.0005725637351988221,29.0,1.6914289378058,1.0,Dharmavram_SaiNgr_D (Andhra Pradesh),0.26903736724137317
IND509124AAA,2,4,6,0.0002966703206561161,0.6666666666666666,0.00044656749480094857,34.0,1.9857243950823762,1.0,JoguGadwal_ColctrOf_D (Telangana),0.2690070803608919
IND505326AAB,2,3,5,0.0005958549222797927,0.6,0.0005473335980089884,4.0,2.772019030627416,1.0,IND505326AAB,0.26897474244295716
IND845455AAB,1,2,3,0.0,1.0,0.0008209264658004066,131.0,2.4187329132210063,1.0,Narktiganj_Central_DPP_2 (Bihar),0.2688748593589661
IND742303AAB,2,1,3,0.0005948239929155128,0.0,0.0007798305212329782,72.0,3.2832092675842675,1.0,Domkal_Central_D_2 (West Bengal),0.2688000154084582
IND174001AAA,2,1,3,0.0017800219239366966,0.0,0.0007050259388183583,15.0,2.6731922398589063,1.0,BilaspurHP_Indsarea_D (Himachal Pradesh),0.26877657505404745
IND413517AAA,2,2,4,0.0005936343449296817,0.6666666666666666,0.0006508311034050897,20.0,2.688112177677395,1.0,Udgir_NlgaonRd_D (Maharashtra),0.268659136286402
IND301705AAA,2,1,3,0.0017844719787465384,0.3333333333333333,0.0006929388819046542,2.0,2.340725806451613,1.0,Neemrana_Rcocmplx_D (Rajasthan),0.26856689354761076
IND600048AAA,2,1,3,0.0,1.0,0.0008026642183589375,2.0,2.159090909090909,1.0,Chennai_Vandalur_Dc (Tamil Nadu),0.26855065242099174
IND792120AAB,1,1,2,0.0,0.0,0.0009214394933747381,6.0,3.081456555140766,1.0,Changlang_Central_D_1 (Arunachal Pradesh),0.2685087144178046
IND462001AAA,2,1,3,0.0,0.0,0.0007984233911558702,55.0,5.795637544273908,1.0,Bhopal_Old City (Madhya Pradesh),0.26847536565213204
IND210431AAA,1,1,2,0.0016343449296817175,0.0,0.0008181080367023316,25.0,2.891177692208832,1.0,Rath_Mughlpra_D (Uttar Pradesh),0.26847321942736263
IND764059AAA,1,1,2,0.0011896479858310256,0.0,0.0008446308593521579,6.0,2.845238095238095,1.0,Nabarangpr_PhdofDPP_D (Orissa),0.26845459463686167
IND785690AAB,1,1,2,0.0,0.0,0.0009179125092909696,68.0,3.7247127280347154,1.0,Sonari_Central_DPP_1 (Assam),0.26844610039870603
IND506143AAA,1,1,2,0.005470600712898779,0.0,0.0005783084899169627,24.0,2.2856924019607843,1.0,Ghanpur_Palakrty_D (Telangana),0.2684386828386652
IND175018AAA,1,1,2,0.0028257848042495056,0.0,0.0007384197484022344,16.0,3.071472223757924,1.0,SundarNgr_Bhogpur_D (Himachal Pradesh),0.2683699499184432
IND275303AAA,1,1,2,0.0012227979274611399,0.0,0.0008289116357663519,4.0,2.3262867647058822,1.0,Dohrighat_AzmrdDPP_D (Uttar Pradesh),0.2682120219508932
IND571104AAA,1,2,3,0.003860843819393042,0.3333333333333333,0.0005409342584113342,20.0,2.2484379217273953,1.0,Koppa_BMRd_D (Karnataka),0.2681538526914581
IND574216AAA,2,2,4,0.0,0.3333333333333333,0.0006577770902760368,38.0,2.4132543937566218,1.0,Dhrmsthala_Beltngdi_D (Karnataka),0.26812903061562565
IND110093AAA,1,1,2,0.0,0.0,0.000891947112548482,1.0,3.2222222222222223,1.0,Delhi_Shahdara (Delhi),0.26798514060730294
IND151103AAA,1,1,2,0.0,0.0,0.0008869290742984397,2.0,15.672364672364672,1.0,RampuraPhul_DC (Punjab),0.26789605612737255
IND276140AAA,1,1,2,0.000621761658031088,0.0,0.0008459840899664392,2.0,2.285714285714286,1.0,Jiyanpur_Central_DPP_1 (Uttar Pradesh),0.26785354259398675
IND731301AAA,2,1,3,0.0,0.3333333333333333,0.0007600078718626356,53.0,1.9615167546218677,1.0,Nanoor_Central_DPP_1 (West Bengal),0.2677933807036381
IND241124AAB,1,1,2,0.002379295971662051,0.0,0.0007330047247695444,4.0,2.1947916666666667,1.0,Shahabad_KDRoad_D (Uttar Pradesh),0.2677823649939936
IND741126AAB,2,1,3,0.0005936343449296817,0.3333333333333333,0.0010063006016214565,49.0,3.405004859086492,0.9795918367346939,Nakashipara_MaxDPP_D (West Bengal),0.26771715449267564
IND824101AAA,2,2,4,0.002229459659511473,0.0,0.001133546686097301,22.0,2.1243977011307744,0.9545454545454546,AurngbadBR_Mahindra_D (Bihar),0.2676656395459545
IND713130AAA,2,2,4,0.0007915124599062388,0.3333333333333333,0.0005821374829309547,86.0,2.565389435947189,1.0,Katwa_BSarani_D (West Bengal),0.26765743432961403
IND712406AAA,1,2,3,0.0017815052755399772,0.0,0.00064039590786208,5.0,2.3834730235309483,1.0,Khanakul_Ramnagar_D (West Bengal),0.26763084054798364
IND423109AAA,3,3,6,0.0013094004441154775,0.6,0.0008273657870983829,27.0,2.6221046443268667,0.9629629629629629,Shirdi_SaiBansi_D (Maharashtra),0.2676227939065532
IND425409AAA,3,4,7,2.9607698001480383e-06,0.6,0.00025931713910522713,23.0,2.7416422707040558,1.0,Shahada_Nandrbar_D (Maharashtra),0.26751010274406245
IND847223AAA,1,1,2,0.0,1.0,0.0008634575914851846,19.0,10.394977950509084,1.0,Benipatti_WardNo1_D (Bihar),0.2674793704156609
IND276129AAA,1,1,2,2.2250274049208706e-05,0.0,0.0008616060099763502,3.0,3.13435972629521,1.0,Chiraiyakot_KamalDPP_D (Uttar Pradesh),0.2674709905714741
IND609110AAA,1,1,2,0.004588006508946836,0.0,0.0005784459541019759,16.0,1.9869690798967117,1.0,Sirkazhi_Pngktgudi_D (Tamil Nadu),0.2674696467099165
IND209111AAA,1,1,2,0.001780903034789045,0.0,0.0007521736591342727,54.0,4.2474036511940705,1.0,Pukhrayan_Arulimod_D (Uttar Pradesh),0.2674640136661323
IND127021AAA,2,1,3,0.0011851979310211838,0.3333333333333333,0.0006679009803302419,24.0,2.374107219642243,1.0,Bhiwani_DC (Haryana),0.2674627750522431
IND431107AAB,1,1,2,0.0032701702442635085,0.0,0.0006590921435751519,12.0,1.9163541158068584,1.0,Paithan_SantaNGR_D (Maharashtra),0.26745079646199255
IND246149AAA,1,1,2,0.0,0.0,0.0008618092207963981,30.0,2.8238475141077966,1.0,Kotdwara_Nzbadrd_D (Uttarakhand),0.2674501071382154
IND852113AAA,2,2,4,0.0002966703206561161,0.6666666666666666,0.0005994245219270043,21.0,3.0241574615725146,1.0,Madhepura_Krishnpr_D (Bihar),0.2674196529534388
IND483770AAA,1,1,2,0.0016376201700217608,1.0,0.0007567936552636806,11.0,2.9498394307217835,1.0,Barhi_Central_DPP_1 (Madhya Pradesh),0.2673883194917874
IND785621AAA,2,1,3,1.776461880088823e-05,0.6666666666666666,0.000734540826510501,6.0,1.732701849807113,1.0,Golaghat_BaruaRd_D (Assam),0.2673608216876256
IND786125AAA,2,1,3,0.0,1.0,0.0007355645616622385,19.0,7.071303258145364,1.0,Tinusukia_Chrwpaty_D (Assam),0.26735944228617736
IND516227AAA,1,1,2,0.001634344929681717,0.0,0.0007537518688618095,16.0,2.144242344376292,1.0,Badvel_Sidrd_D (Andhra Pradesh),0.2673307140384607
IND413002AAA,5,5,10,0.003054359829244101,0.26666666666666666,0.0016794053809611087,496.0,2.1671560596068575,0.8588709677419355,Solapur_Central_I_2 (Maharashtra),0.26724876351602
IND127201AAA,1,1,2,0.002230960811333993,0.0,0.0007068571438428224,7.0,2.0418950913698812,1.0,Loharu_BstndDPP_D (Haryana),0.26715489755112
IND390020AAA,3,3,6,0.0028257848042495056,0.3333333333333333,0.0015053848062776382,32.0,2.9373604693917192,0.90625,Vadodara (Gujarat),0.26715041604341866
IND401104AAB,2,2,4,0.0,1.0,0.0006006992704455164,48.0,8.98082533664415,1.0,Mumbai_MiraRoad_M (Maharashtra),0.26711573664658855
IND608001AAA,1,1,2,0.005172464840858623,0.0,0.0005182960954528774,7.0,2.567857142857143,1.0,Chidambaram_ARBNorth_DC (Tamil Nadu),0.26704513193978074
IND212402AAA,1,1,2,0.0016391035216250418,0.0,0.0007351580521593592,65.0,24.645398490398488,1.0,Phulpur_Shekhpur_D (Uttar Pradesh),0.2670058586106438
IND732103AAA,2,1,3,0.0023804589193190226,0.3333333333333333,0.0005628803415550913,4.0,3.40951048951049,1.0,Malda_krshnPly_DC (West Bengal),0.2669139900491274
IND721253AAC,2,2,4,0.0005936343449296817,1.0,0.0005507170725545013,34.0,4.494210841029894,1.0,ChandroknaRD_Central_DPP_3 (West Bengal),0.26688182692213197
IND713128AAB,1,2,3,0.0011902294596595113,0.3333333333333333,0.0006329239488956325,19.0,3.4393211897367024,1.0,Guskhara_Itachnda_D (West Bengal),0.26684737129511715
IND400015AAA,3,2,5,0.0,0.3333333333333333,0.0006625470754827237,71.0,3.3680410471921043,0.9859154929577465,Mumbai_CottonGreen_DPC (Maharashtra),0.26684312232444923
IND135001AAA,2,1,3,0.002229459659511473,0.3333333333333333,0.0005675068517160409,29.0,2.334094187723952,1.0,YamunaNagar_DC (Haryana),0.266829918037064
IND131301AAA,2,1,3,0.0016361368184184802,0.3333333333333333,0.0006035972048120185,6.0,3.8053706570347434,1.0,Gohana_DvlalDPP_D (Haryana),0.26681755079986724
IND732139AAA,2,2,4,8.882309400444115e-06,0.6666666666666666,0.0023419982299927693,8.0,3.186391223155929,0.875,Samsi_RatuaDPP_D (West Bengal),0.26678853257617335
IND486661AAA,1,1,2,0.0016395262768319765,0.0,0.0007202651107119465,21.0,3.6782516495255724,1.0,Sidhi_Padra_D (Madhya Pradesh),0.26674193178539074
IND502313AAA,1,1,2,0.0016313841598815688,0.0,0.0007189680681423064,18.0,1.7324332072010091,1.0,Narsapur_Xroad_D (Telangana),0.2667099435084215
IND385001AAA,2,1,3,0.0005951147298297557,0.6666666666666666,0.0006617925960491264,19.0,2.3786205710354316,1.0,Palanpur_DC (Gujarat),0.2667048258539543
IND577501AAA,2,1,3,0.0,0.6666666666666666,0.0006972340379113338,30.0,1.8323068273029572,1.0,Chitradurga_DC (Karnataka),0.26667896625079
IND461111AAA,1,1,2,0.001785344189489267,0.0,0.000705831691006017,80.0,1.9345593096731792,1.0,Itarsi_DivrsnRd_D (Madhya Pradesh),0.26664620006558387
IND503122AAA,1,1,2,0.00282161361954108,0.0,0.0006404665136554525,38.0,1.9272147650848013,1.0,Yellareddy_JKRoad_D (Telangana),0.26662640959613787
IND508248AAB,2,1,3,0.0022309608113339928,0.3333333333333333,0.0005548984856575054,33.0,2.0037419008007245,1.0,Devarakonda_DindiRD_D (Telangana),0.2666077359331625
IND461001AAA,1,1,2,0.0023804589193190226,0.0,0.0006667409557517358,1.0,4.785714285714286,1.0,Hoshangabad_MnRDDPP_D (Madhya Pradesh),0.2666072743108558
IND742121AAA,1,2,3,2.966703206561161e-06,0.6666666666666666,0.0006929712737442643,35.0,3.96301912373341,1.0,Nowda_AmtlaDPP_D (West Bengal),0.2666065555055605
IND587103AAB,1,2,3,0.0011866812826244644,0.3333333333333333,0.0006192113659480852,59.0,1.8258727039133618,1.0,Bagalkot_Sector4_D (Karnataka),0.2666000283692331
IND222001AAA,2,1,3,7.4019245003700955e-06,0.0,0.0006913344469313858,1.0,2.9166666666666665,1.0,Jaunpur_Katghara_D (Uttar Pradesh),0.2665823790383649
IND516269AAA,1,1,2,0.003850481125092524,0.0,0.0008203675250238159,56.0,1.8994554063620526,0.9821428571428571,Rayachoti_Madnpali_D (Andhra Pradesh),0.2664883599140832
IND516390AAA,1,1,2,0.0032553663952627683,0.0,0.000836121687889385,60.0,1.8841369009888325,0.9833333333333333,Pulivendula_RTCStand_D (Andhra Pradesh),0.2664106140489402
IND591307AAC,1,3,4,0.0032805329385640265,0.16666666666666666,0.0003573394993322484,33.0,2.46923194160592,1.0,Gokak_Bsavangr_D (Karnataka),0.2664063086026192
IND503187AAA,1,1,2,0.003416728349370836,0.0,0.0005897761610758888,38.0,2.5510316552250187,1.0,Banswada_Menagrdn_D (Telangana),0.2663815575759402
IND341001AAC,2,2,4,0.009849454645783054,0.3333333333333333,0.0008244469514338438,32.0,1.8627702697930333,0.9375,Nagaur_KisanCo_D (Rajasthan),0.26630424696463895
IND852131AAA,2,2,4,0.0002966703206561161,0.6666666666666666,0.0005319372832087327,13.0,4.390917165889357,1.0,Supaul_SadrHsptl_D (Bihar),0.2662215621331649
IND853204AAA,2,1,3,1.4803849000740192e-06,0.3333333333333333,0.0006704865585063125,33.0,2.368134977155523,1.0,Naugchia_Vijayght_D (Bihar),0.2662057517314189
IND802101AAA,1,2,3,0.0011887490747594374,0.6666666666666666,0.0005948468278172196,17.0,2.85385467882532,1.0,Buxar_Sarswati_D (Bihar),0.26616976441118045
IND741123AAB,2,1,3,0.0003972366148531935,0.6666666666666666,0.0006436026452012148,52.0,2.4050757635896955,1.0,Chapra_NagarDPP_D (West Bengal),0.2661640968088144
IND700028AAB,2,1,3,0.0,0.0,0.0006673695821289633,19.0,5.563325120193297,1.0,CCU_DumDum_DPC (West Bengal),0.2661487870494346
IND852118A1B,3,1,4,0.0005446867087246292,0.8333333333333334,0.000508195173834639,3.0,2.2800925925925926,1.0,IND852118A1B,0.2660730650916554
IND000000AAS,1,1,2,0.002956328645447816,0.0,0.0005980789193400263,18.0,2.58045318610536,1.0,Bongaigaon_Chpaguri_D (Assam),0.266022190598717
IND828111AAA,2,1,3,0.0,0.0,0.0006590474684079321,12.0,9.847890671420084,1.0,Dhanbad_Jharia_DC (Jharkhand),0.26600104581355344
IND521105AAA,1,2,3,0.002820133234641006,0.3333333333333333,0.00048413863877673453,12.0,2.1712962124504975,1.0,HanumanJNC_VijywdRD_D (Andhra Pradesh),0.26600005246180525
IND531036AAA,2,1,3,0.0016373056994818651,0.0,0.000554639173889092,14.0,2.4841135172017523,1.0,Chodavaram_BaljiDPP_D (Andhra Pradesh),0.2659496928187641
IND788713AAA,2,2,4,0.0008171724648408585,1.0,0.0004812383375510924,11.0,3.8842324342324344,1.0,Karimganj_Alngjuri_D (Assam),0.26589443105975746
IND515761AAA,2,1,3,0.0,0.6666666666666666,0.0011470553990578995,57.0,1.9015062676961991,0.9649122807017544,Kalyandurg_Shankrpa_D (Andhra Pradesh),0.2658926475488673
IND754022AAA,2,1,3,0.003271650629163583,0.3333333333333333,0.00044553956052678433,5.0,2.1376050420168067,1.0,Tangi_SriDPP_D (Orissa),0.265811796608309
IND423106AAA,2,1,3,0.0,1.0,0.0006482904380374738,16.0,1.7662716646276428,1.0,Manmad_Malegaon_D (Maharashtra),0.2658100778678348
IND232101AAB,2,1,3,0.006559585492227979,0.3333333333333333,0.0002394488248549689,13.0,4.143293885601579,1.0,MughalSarai_Central_D_2 (Uttar Pradesh),0.26577214749789396
IND431112AAB,2,1,3,0.0,1.0,0.000645670842619916,87.0,2.904523382109589,1.0,Sillod_ZebaTWR_D (Maharashtra),0.2657635725835438
IND576101AAA,2,1,3,0.0005592576187690912,0.6666666666666666,0.0006069504178855701,6.0,1.654970760233918,1.0,Udupi (Karnataka),0.26569175276779583
IND516360AAB,1,1,2,0.0011896479858310256,0.0,0.0006872017626503405,4.0,1.557029926595144,1.0,Proddatur_Central_D_2 (Andhra Pradesh),0.2656597795105555
IND414302AAB,2,2,4,0.0005936343449296817,0.5,0.0004814848409414877,9.0,2.2194511332798226,1.0,Parner_Hindcwk_D (Maharashtra),0.2656527575048916
IND000000AET,1,1,2,0.003551443375277572,0.0,0.0005395168748714143,24.0,3.053000414160479,1.0,Barpeta_ShivBari_D (Assam),0.26563759361382067
IND742202AAA,1,2,3,0.0029755736491487786,0.3333333333333333,0.0004532814633873798,21.0,3.102421093442765,1.0,Dhulian_RatanDPP_D (West Bengal),0.26562334381533537
IND425508AAB,2,1,3,7.416758016402902e-06,0.6666666666666666,0.0012619666319069486,45.0,3.643298059964727,0.9555555555555556,Raver_Truptingr_D (Maharashtra),0.2656016318033456
IND607106AAA,1,1,2,0.00237632926845549,0.0,0.000608989711940935,27.0,2.3913105413105415,1.0,Panruti_GandhiRd_D (Tamil Nadu),0.2655774796165406
IND515411AAA,1,1,2,0.001780903034789045,0.0,0.0006456927732982932,6.0,1.871771967318952,1.0,Tadipatri_CBRoad_D (Andhra Pradesh),0.2655736744808638
IND845401AAA,2,1,3,0.0022279792746113993,0.6666666666666666,0.0008138043439371115,44.0,2.566955650301361,0.9772727272727273,Motihari_RajaBzr_D (Bihar),0.2655189528070834
IND414502AAA,1,1,2,0.0022324441629372736,0.0,0.0006113165815434753,7.0,1.6142578436056696,1.0,Shevgaon_VidyaNgr_D (Maharashtra),0.26546041302126994
IND679303AAA,1,1,2,0.0028230940044411544,0.0,0.0005745419115447756,28.0,2.930420918367347,1.0,Sankaramangalam_Central_D_1 (Kerala),0.26545768949719595
IND251309AAB,1,1,2,0.001634344929681717,0.0,0.0006402940085611903,30.0,1.9325398228846504,1.0,Budhana_Busstand_D (Uttar Pradesh),0.26531651367264714
IND221706AAA,1,1,2,0.0,0.0,0.000739690212209113,56.0,3.0431350972110036,1.0,Ratanpura_MubarDPP_D (Uttar Pradesh),0.2652821467067603
IND425201AAA,1,1,2,0.0,1.0,0.0007391633058341327,36.0,2.1522937710437713,1.0,Bhusawal_Samarth_D (Maharashtra),0.265272792616965
IND334803AAA,2,1,3,0.0,0.3333333333333333,0.0006179506117018793,8.0,2.8204452614379085,1.0,Nokha_DeVDPP_D (Rajasthan),0.26527145948439307
IND126102AAA,1,2,3,0.0028216136195410805,0.3333333333333333,0.00044198902313742383,14.0,2.2515339469120983,1.0,Jind_DC (Haryana),0.26525340612946674
IND535591AAA,1,1,2,0.001782383419689119,0.0,0.0006255361583516986,3.0,2.273611111111111,1.0,Salur_ward9_D (Andhra Pradesh),0.26521746658904605
IND462042AAA,1,1,2,0.0,0.0,0.0007350786042956596,34.0,5.581633644133644,1.0,Bhopal_Kolar Mandakni (Madhya Pradesh),0.265200277523597
IND246701AAA,1,1,2,0.0023804589193190226,0.0,0.0005869225765672505,24.0,2.07301761347814,1.0,Bijnor_NaginaRd_D (Uttar Pradesh),0.26519027060458056
IND211011AAA,1,1,2,0.0011857883049592893,0.0,0.000659965763376174,38.0,4.609434736379817,1.0,Allahabad_Central_D_5 (Uttar Pradesh),0.26517201453019845
IND781335AAA,1,1,2,0.004146558105107328,0.0,0.00047125920556075643,11.0,2.0676731078904993,1.0,Nalbari_Bhgtpura_D (Assam),0.26508087165625255
IND247776AAA,1,1,2,0.002229459659511473,0.0,0.0005894295125331311,9.0,1.786549707602339,1.0,Shamli_KarnalRd_D (Uttar Pradesh),0.2650685701099443
IND431515AAA,1,1,2,0.0038445595854922276,0.0,0.0004883943466636091,14.0,3.0213860544217686,1.0,Parli_JirgeNgr_D (Maharashtra),0.26505265773937714
IND274304AAA,2,1,3,2.9607698001480383e-06,0.0,0.0006027015461988314,6.0,4.769230769230769,1.0,Kushinagar_KasyaDPP_D (Uttar Pradesh),0.2650040040494693
IND173025AAA,1,1,2,0.0016391035216250414,1.0,0.0006215117438982662,44.0,2.323174075589059,1.0,PaontSahib_Gurudwar_D (Himachal Pradesh),0.2649883127564708
IND585401AAA,1,1,2,0.0028139179914232607,0.0,0.0005485747903030393,44.0,1.9671772581250229,1.0,Bidar (Karnataka),0.2649865990007819
IND476111AAA,2,2,4,0.0011872686898593634,0.5,0.0010192275158319734,23.0,2.061242082765519,0.9565217391304348,Ambah_MrenTirh_D (Madhya Pradesh),0.2649830740328534
IND470004AAA,1,4,5,0.0,0.2,0.0003573394993322484,28.0,2.2648423989054285,1.0,Sagar_Bahreya_I (Madhya Pradesh),0.2649459447885803
IND586101AAB,2,1,3,0.0005918572897089516,0.3333333333333333,0.0005592273847714743,15.0,2.1276609483472226,1.0,Bijapur_Central_D_2 (Karnataka),0.264880415568392
IND246725AAB,1,1,2,0.0029755736491487786,0.0,0.0005272773577474736,20.0,1.612276044517424,1.0,Chandpur_NorprRD_D (Uttar Pradesh),0.26478644418799413
IND843301AAA,2,1,3,0.0,0.6666666666666666,0.0005904073064112184,28.0,10.173586160216596,1.0,Sitamari_Durma_D (Bihar),0.2647824873193516
IND695609AAA,1,1,2,0.0016506291635825314,0.0,0.0006067425608128784,9.0,2.0521083854417186,1.0,Pangodu_Central_D_1 (Kerala),0.26473880400606453
IND306116AAA,1,1,2,0.0005965951147298297,0.0,0.0006687341770106245,9.0,2.2147257425418347,1.0,Falna_SbhRDDPP_D (Rajasthan),0.26467915053272717
IND721102AAA,1,1,2,0.0048808290155440415,1.0,0.00040278579570553246,19.0,6.273945731183107,1.0,Midnapore_Talkui_D (West Bengal),0.26467348969646454
IND815301AAA,1,3,4,0.0003457445361979839,0.8333333333333334,0.0004404580306527572,33.0,2.247723826429002,1.0,Giridih_Shivalya_D (Jharkhand),0.2646515609629479
IND607001AAA,1,1,2,0.004138550973152819,0.0,0.0004463323032553467,22.0,2.190039431750662,1.0,Cuddalore_KtsiGrsm_D (Tamil Nadu),0.26462953460459626
IND123401AAB,1,2,3,0.0022279792746113993,0.0,0.0008035483033311472,39.0,2.3304101584034695,0.9743589743589743,Rewari_YuktiDPP_D (Haryana),0.2646084406297539
IND458664AAA,1,1,2,0.0005948239929155128,0.0,0.0006645326381098198,14.0,3.077949009440606,1.0,Neemuch_KarjuDPP_D (Madhya Pradesh),0.26460261175924693
IND306902AAA,1,1,2,0.0011926146890375866,0.0,0.0006230241095264493,1.0,1.5185185185185186,1.0,Sumerpur_BazarDPP_D (Rajasthan),0.26452370873388575
IND852118AAA,2,2,4,0.0008416536997014015,0.6666666666666666,0.00040054870376240954,5.0,2.818268176835952,1.0,Forbesganj_JhumanCk_D (Bihar),0.2644889067370825
IND424304AAC,3,2,5,0.0,1.0,0.0003305194477824404,20.0,3.9188213309445765,1.0,Sakri_DhuleRoad_D (Maharashtra),0.2644698124386521
IND796081AAA,1,1,2,0.0016358253145817912,1.0,0.0005917824315564904,3.0,2.6805555555555554,1.0,Kolasib_Diakkawn_D (Mizoram),0.26445692439501145
IND713148AAA,1,1,2,0.001785344189489267,0.0,0.0005814874905792213,34.0,3.353598661686897,1.0,Panagarh_Central_D_1 (West Bengal),0.26443873613736557
IND585330AAE,1,1,2,0.003401924500370096,0.0,0.0004802010475025576,42.0,1.870520871416493,1.0,Humnabad_EBroad_D (Karnataka),0.2644199923484152
IND571111AAB,1,1,2,0.0012178316662933566,0.0,0.0006105061530165416,20.0,1.8995256132756133,1.0,Gundlupet_Swamylyt_D (Karnataka),0.264329235802407
IND781354AAA,1,1,2,0.004741672834937084,0.0,0.00039058940384864826,2.0,3.133333333333333,1.0,Rangia_HosptlRd_D (Assam),0.2643037989750124
IND507303AAA,2,1,3,0.0016358253145817908,0.6666666666666666,0.00046135677370714903,72.0,2.9670003576479322,1.0,Sathupally_VidyaNGR_D (Telangana),0.2642920349002799
IND845418AAB,2,2,4,0.0,1.0,0.0007754016490049035,42.0,2.280285381647011,0.9761904761904762,Dhaka_PchpkrRD_D (Bihar),0.2642648208068565
IND577432AAA,1,1,2,0.0005951147298297557,1.0,0.0006449737234413026,1.0,2.1,1.0,Thirthahalli_NadthiCx_D (Karnataka),0.26425570529839004
IND487001AAB,1,1,2,0.00623760177646188,0.0,0.0002916134895964956,8.0,1.626289983164983,1.0,Narsinghpur_KndliDPP_D (Madhya Pradesh),0.2641932720022565
IND581115AAC,1,1,2,0.0,1.0,0.0008678266931846731,74.0,2.178588341088341,0.9864864864864865,Ranebennur_SriRmNGR_D (Karnataka),0.2641785560474037
IND532201AAA,2,2,4,0.0011872686898593634,0.6666666666666666,0.0010480862481313967,41.0,3.2791389104454782,0.9512195121951219,Tekkali_AmvdiDPP_D (Andhra Pradesh),0.2641698420436555
IND788806AAA,2,2,4,0.0008171724648408585,1.0,0.000379594687592347,10.0,4.695454374057315,1.0,Badarpur_Konapara_D (Assam),0.2640899665970303
IND521333AAA,2,1,3,0.0008164322723908213,0.6666666666666666,0.0005001239804452274,38.0,2.5363178888236093,1.0,Kaikaluru_Atapaka_D (Andhra Pradesh),0.2640783526751751
IND125033AAA,2,2,4,0.0,0.8333333333333334,0.00042574149000501675,5.0,2.0217406260749913,1.0,Hansi_DelRdDPP_D (Haryana),0.2640097374286281
IND277211AAA,1,1,2,1.0362694300518133e-05,0.0,0.000666580464679106,5.0,2.491904761904762,1.0,Sahatwar_PnchmDPP_D (Uttar Pradesh),0.26399564660853353
IND721401AAA,1,1,2,0.001634344929681717,0.0,0.0005644895495487415,8.0,1.8768452742909265,1.0,Contai_Kanakpur_D (West Bengal),0.26397076848876466
IND571301AAA,1,1,2,0.00181413901081215,0.0,0.0005529075451980301,16.0,2.120365750466853,1.0,Nanjangud_RPRoad_D (Karnataka),0.2639630552816028
IND243002AAA,1,1,2,0.0,1.0,0.0006641659661577809,2.0,1.8078431372549018,1.0,Bareilly (Uttar Pradesh),0.26394137610152124
IND411043AAA,1,1,2,0.0,0.0,0.000660043376729047,6.0,8.802197802197803,1.0,Pune Balaji Nagar (Maharashtra),0.2638681883901238
IND760003AAB,1,2,3,0.001188164634227745,0.3333333333333333,0.000464761203663744,6.0,2.467690058479532,1.0,Berhampur_Khajuria_I (Orissa),0.2638597305521827
IND411048AAA,1,1,2,0.0,0.0,0.0006561249418101511,3.0,5.571428571428572,1.0,Pune_East_D_8 (Maharashtra),0.26379862500309936
IND505503AAA,1,1,2,0.0005980754996299037,0.0,0.0006161470004329286,3.0,2.4505173189383718,1.0,Mahadevpur_Kataram_D (Telangana),0.2637472077475506
IND695614AAA,1,1,2,0.0016624722427831236,0.0,0.0005498194991893316,4.0,6.197368421052631,1.0,Kilimanoor_Krvnkuzy_D (Kerala),0.26374129318155043
IND274509AAB,1,3,4,1.776461880088823e-05,0.0,0.00040614332204939397,11.0,2.213256550213072,1.0,Salempur_Banjaria_D (Uttar Pradesh),0.2636813677122168
IND846004AAA,1,2,3,0.0011902294596595113,0.6666666666666666,0.00045412065333753633,41.0,3.117957771938529,1.0,Darbhanga (Bihar),0.2636731032244207
IND400701AAB,2,1,3,0.0,1.0,0.0005270493141131566,49.0,2.846254190987084,1.0,Mumbai_Pawane_L (Maharashtra),0.26365770239104575
IND562114AAA,1,2,3,0.0016387860843819393,0.0,0.00042525572171651335,25.0,4.191987502693385,1.0,Hoskote_DC (Karnataka),0.263654397278772
IND743270AAA,1,1,2,0.0016391035216250414,1.0,0.0005428449976721781,5.0,15.364718720162125,1.0,Helencha_ColnyDPP_D (West Bengal),0.26359175381726535
IND721434AAB,1,1,2,0.002229459659511473,0.0,0.0005004406054662106,4.0,2.4613095238095237,1.0,Manglamaro_Bypassrd_D (West Bengal),0.2634887633985131
IND210001AAA,1,1,2,0.0022294596595114733,0.0,0.0005004394412222986,30.0,4.159067542221567,1.0,Banda_GayatriN_D (Uttar Pradesh),0.26348874272986567
IND802213AAB,1,1,2,0.0005936343449296817,0.0,0.0005992618124085173,5.0,3.5341993464052286,1.0,Dinara_Wardno7_D (Bihar),0.2634425591342461
IND506169AAB,1,1,2,0.0011955813922441478,0.0,0.0005605678319999969,1.0,2.125,1.0,Bhupalpally_JwahrNGR_D (Telangana),0.2634181972798479
IND431708AAA,1,1,2,0.005034789045151739,0.0,0.0003199474611776147,32.0,2.0689349840314915,1.0,Loha_SivjiCWK_D (Maharashtra),0.2633723378651367
IND574211AAA,1,2,3,0.0023789785344189487,0.3333333333333333,0.00036011152696765206,7.0,2.611619735613544,1.0,Bantwal_Trmltmpl_D (Karnataka),0.263312636247759
IND431127AAA,1,1,2,0.0011866812826244644,0.0,0.0005551732306581688,21.0,2.1890197449203663,1.0,Georai_Bazarrd_D (Maharashtra),0.2633126313300853
IND305601AAC,1,1,2,0.0,1.0,0.0006275599659730345,19.0,1.9904266012625145,1.0,Nasirabad_Central_DPP_2 (Rajasthan),0.26329151527418215
IND400015AAB,2,2,4,0.0,1.0,0.0005358633867515085,92.0,3.1978687559393237,0.9891304347826086,Mumbai_CotnGren_M (Maharashtra),0.26324732363250647
IND390018AAB,1,1,2,0.0,0.0,0.0006213392839711641,1.0,2.0,1.0,Vadodara_Karelibaug_DC (Gujarat),0.2631810804402219
IND277303AAC,1,1,2,1.628423390081421e-05,0.0,0.0006200192132749688,12.0,1.4445493395493394,1.0,Sikandarpur_Central_D_3 (Uttar Pradesh),0.26317556957306176
IND756045AAB,1,1,2,0.005165062916358253,0.0,0.0002957424958304825,1.0,1.6875,1.0,Soro_UttarDPP_D (Orissa),0.2630860239463973
IND821109AAA,1,1,2,0.0011887490747594374,0.0,0.0005415533517430407,24.0,5.337934757236227,1.0,Mohania_Bhabua_D (Bihar),0.2630731156944983
IND244301AAA,1,1,2,0.001780903034789045,1.0,0.0004985080373599505,21.0,1.8359797047810187,1.0,Sambhal_Khwssrai_D (Uttar Pradesh),0.2629607259536865
IND503111AAC,3,3,6,0.00459987332177308,0.16666666666666666,0.001223377674910706,142.0,1.7865176776183405,0.9014084507042254,Kamareddy_Devenply_I (Telangana),0.26288634786339043
IND250611AAA,1,1,2,0.0011896479858310256,0.0,0.0005298656121400781,22.0,1.9154375927103202,1.0,Baraut_SrnprHwy_D (Uttar Pradesh),0.2628666144440384
IND477001AAB,1,1,2,0.0,1.0,0.0006029050494437971,27.0,5.736687979118676,1.0,Bhind_EtwahDPP_D (Madhya Pradesh),0.262853820241324
IND121002AAA,1,1,2,0.0,0.0,0.0006027718063114089,1.0,19.08333333333333,1.0,Faridabad_Old (Haryana),0.26285145479599226
IND000000ADM,1,1,2,0.0,0.0,0.0006024457301589006,3.0,5.43939393939394,1.0,Cochin_Kdvantra_D (Kerala),0.26284566601499526
IND781102AAA,2,1,3,0.0,0.0,0.0004804831360280361,2.0,4.345588235294118,1.0,Hajo_Sardala_D (Assam),0.2628310200202953
IND500055AAA,1,2,3,0.0,1.0,0.0004793150867444857,3.0,2.4361111111111113,1.0,Hyd_Trimulgherry_Dc (Telangana),0.2628102838166689
IND431122AAA,1,1,2,0.001777942264988897,0.0,0.0004897119935947641,14.0,2.223185107376284,1.0,Beed_JalnaRd_D (Maharashtra),0.2628013121725351
IND786190AAA,3,2,5,0.0016391035216250414,0.6666666666666666,0.0011877230103241624,40.0,2.4532269650284357,0.925,DoomDooma_Pthrgoan_D (Assam),0.26274178931251435
IND410501AAF,1,1,2,0.0,1.0,0.000596589751082244,8.0,2.9500608766233767,1.0,Talegaon_Central_DPP_4 (Maharashtra),0.2627417056973307
IND688009AAA,1,1,2,0.0,0.0,0.000594710136111541,44.0,3.5405840172062155,1.0,Alappuzha_Pazhvedu_D (Kerala),0.26270833717485415
IND471001AAA,2,1,3,0.0005906735751295336,0.6666666666666666,0.0004359905173128236,36.0,1.7059244445838648,1.0,Chhatarpur_Busstand_D (Madhya Pradesh),0.2626913070347286
IND443201AAA,1,1,2,0.0,0.0,0.0005934205808112766,1.0,6.25,1.0,Chikhli_KKndrDPP_D (Maharashtra),0.26268544389314896
IND518422AAB,1,1,2,0.002230960811333993,0.0,0.0004530611265567692,28.0,2.047187278024216,1.0,Atmakur_IndraNgr_D (Andhra Pradesh),0.2626492949467246
IND742225AAA,2,1,3,0.0016450369280381638,0.3333333333333333,0.0003658778466577295,32.0,4.872209821428571,1.0,Ragunthgnj_GopalDPP_D (West Bengal),0.2626071511139832
IND799250AAA,1,1,2,0.0005951147298297557,0.0,0.00055036692916283,5.0,2.7382899459361227,1.0,Dharmanagr_Ranakant_D (Tripura),0.2625761650784419
IND788151AAA,1,2,3,0.0011896479858310256,1.0,0.0003899006922945976,25.0,3.6012454611329385,1.0,Hailakandi_kalibari_D (Assam),0.2625323758627711
IND306304AAB,1,1,2,0.0,1.0,0.0005841534862524788,2.0,1.9345238095238095,1.0,Raipur_BypRDDPP_D (Rajasthan),0.2625209265542806
IND335501AAA,1,1,2,0.0005951147298297557,1.0,0.0005470541415114186,1.0,1.7142857142857142,1.0,Bhadra_GMndiDPP_D (Rajasthan),0.26251735365645973
IND515865AAB,1,1,2,0.0,1.0,0.0005838977522788837,36.0,1.8716830794004704,1.0,Rayadurgam_RailGate_D (Andhra Pradesh),0.2625163865474287
IND574117AAA,1,2,3,0.0005603783755201314,0.6666666666666666,0.00042736012759764073,5.0,2.3114383785550836,1.0,Uchila_Busstand_D (Karnataka),0.2625047469211686
IND847226AAA,1,1,2,0.0016358253145817914,1.0,0.0004764743021278226,104.0,10.330220073998467,1.0,Jaynagar_Wardno6_D (Bihar),0.2624098764790617
IND384205AAA,6,6,12,0.008164322723908216,0.1111111111111111,0.0022188928786811353,109.0,1.6783315309751108,0.7614678899082569,Mehsana_Panchot_IP (Gujarat),0.2624010754389162
IND125005AAA,4,5,9,0.010802931865634621,0.14285714285714285,0.001196987227375185,79.0,1.8149951975083596,0.8481012658227848,Hisar_IndstlAr_I (Haryana),0.2623704010739502
IND484661AAE,1,2,3,0.0023700962250185046,0.3333333333333333,0.00030638097381848595,8.0,2.7331912878787876,1.0,Umaria_Central_DPP_3 (Madhya Pradesh),0.26234898899277204
IND370001AAA,2,3,5,0.0016387860843819393,0.3333333333333333,0.0006121901095787837,28.0,6.193037255526355,0.9642857142857143,Bhuj_DC (Gujarat),0.26234551925993327
IND124112AAA,1,3,4,0.0,0.8333333333333334,0.00033178876560263523,20.0,2.2785276917784656,1.0,Meham_GModDPP_D (Haryana),0.2623418088130254
IND825301AAA,1,1,2,0.0022279792746113993,0.0,0.00043427716548447264,42.0,3.4949852361506495,1.0,Hazaribag_BodomBzr_DC (Jharkhand),0.26231254431036644
IND443301AAA,1,1,2,0.0005951147298297557,0.0,0.0005345594399854789,4.0,2.744714349977508,1.0,Mehkar_SagarDPP_D (Maharashtra),0.2622955370955128
IND788121AAA,1,1,2,0.0005948239929155128,1.0,0.000532120827219752,9.0,3.591582878765541,1.0,Kabuganj_Jantaclg_D (Assam),0.26225192475328585
IND136027AAA,1,1,2,0.0005965951147298297,0.0,0.0005300275068113342,41.0,2.164196219074268,1.0,Kaithal_DC (Haryana),0.26221671183420125
IND421301AAA,1,1,2,0.0,0.0,0.0005661485899004286,18.0,4.009062850729517,1.0,Mumbai_Kalyan West _Dc (Maharashtra),0.26220128833157264
IND421302AAF,1,1,2,0.0,0.0,0.0005646701917779908,12.0,2.9840277777777775,1.0,Mumbai_Kalyan (Maharashtra),0.2621750425515875
IND144001AAA,1,1,2,0.0,1.0,0.0005641625566143419,28.0,2.3209471288515404,1.0,Jalandhar_DC (Punjab),0.2621660305807147
IND333504AAA,1,1,2,0.001785344189489267,0.0,0.00045121696501388976,4.0,1.8410256410256411,1.0,Khetri_NagarDPP_D (Rajasthan),0.2621260630484039
IND425406AAA,2,3,5,0.0,0.6666666666666666,0.00019726959172505076,12.0,2.062383994001641,1.0,Shindkheda_KakaCplx_D (Maharashtra),0.26210424774261193
IND586128AAA,2,2,4,0.0002975573649148778,0.0,0.0006935917415824,107.0,2.0739585522436226,0.9719626168224299,Sindagi_KalyanNg_D (Karnataka),0.26208302005840367
IND854105AAB,1,2,3,0.0008926720947446335,0.3333333333333333,0.00038196345104246225,35.0,2.6894550362132232,1.0,Katihar_Central_D_2 (Bihar),0.2620645841409584
IND786171AAA,1,1,2,0.001776461880088823,1.0,0.00044726999571361597,16.0,2.9182787698412698,1.0,Digboi_JyotiNgr_D (Assam),0.2620462162858135
IND204101AAA,1,2,3,1.901159575111241e-05,1.0,0.00043075197300336,12.0,3.7882833619326584,1.0,Hathras (Uttar Pradesh),0.2619690763195669
IND365560AAA,1,1,2,0.0011902294596595113,0.0,0.00047890732860523036,23.0,2.0634074341771997,1.0,Amreli_MrktYrd_DC (Gujarat),0.2619625997160025
IND713145AAB,1,2,3,0.00178892203355638,0.0,0.0003202770018089452,4.0,1.816493741765481,1.0,Manteswar_MemariRD_D (West Bengal),0.2619559813213982
IND000000AAL,1,1,2,0.0,0.0,0.000550330982180728,35.0,3.0696338072574534,1.0,Pune_PC (Maharashtra),0.26192048071567986
IND509103AAC,2,1,3,0.0,1.0,0.0004289848852760656,17.0,2.2534209534840013,1.0,IND509103AAC,0.2619167793037109
IND413307AAB,1,1,2,0.0,1.0,0.0005500897975200907,10.0,5.885873015873016,1.0,Sangola_Central_DPP_2 (Maharashtra),0.26191619900059726
IND425405AAA,2,2,4,7.416758016402902e-07,0.6666666666666666,0.0003069972479211005,21.0,13.546821359117668,1.0,Shirpur_KrantiNgr_D (Maharashtra),0.261902505087227
IND723202AAA,1,1,2,0.006528230406037835,0.0,0.0010137753687836182,97.0,2.3688578261451023,0.9381443298969072,Jhalda_GMukrDPP_D (West Bengal),0.2618696825507952
IND410503AAA,1,1,2,0.0,1.0,0.0005459771255705183,6.0,3.719907407407407,1.0,Ambegaon_Manchar_D (Maharashtra),0.26184318735271894
IND518124AAA,1,2,3,0.0,0.6666666666666666,0.0004226790766181174,9.0,1.6504307854691485,1.0,Bngnpalle_Enkndla_D (Andhra Pradesh),0.2618048332290014
IND673506AAA,1,1,2,0.0032997779422649885,0.0,0.000753366734860381,34.0,1.4610235760971055,0.9705882352941176,Kallachi_ZamQuatr_D (Kerala),0.2618040873261949
IND848114AAA,1,1,2,0.001785344189489267,1.0,0.0004317819193946546,21.0,1.7963997113997114,1.0,DalsinghSarai_Wardno13_D (Bihar),0.26178103560039684
IND477001AAA,1,1,2,0.0,1.0,0.000542281611628451,4.0,5.1912796697626415,1.0,Bhind_BhrolDPP_D (Madhya Pradesh),0.26177758144833946
IND144514AAA,1,2,3,0.0005951147298297557,1.0,0.0003809505775752762,9.0,2.1688995161217384,1.0,Nawanshahr_DC (Punjab),0.26171907964961866
IND814112AAA,3,2,5,0.0010885328515407363,0.5,0.0006291695182900572,27.0,2.7663325951208644,0.9629629629629629,Deoghar_Barmasia_D (Jharkhand),0.26171059743013564
IND395023AAD,5,5,10,0.0,0.0,0.0,98.0,2.3157799683309888,0.9693877551020408,Surat_Central_I_4 (Gujarat),0.26170177724263255
IND136128AAA,1,1,2,0.0011931902294596594,0.0,0.0004598667003366302,43.0,2.616345569235446,1.0,Pehowa_WdN14DPP_D (Haryana),0.2616278332363512
IND632301AAA,1,2,3,0.0011887490747594374,0.0,0.0003351621197091449,13.0,2.606877468011071,1.0,Arani_KrthiKyn_D (Tamil Nadu),0.2615596207624145
IND181152AAB,3,3,6,0.002229459659511473,0.5,0.0008888873307687259,43.0,2.825421680604646,0.9302325581395349,Jammu_Central_I_1 (Jammu & Kashmir),0.2615450899034013
IND787059AAB,1,1,2,0.0,0.0,0.0005280285125671718,4.0,3.2243606138107417,1.0,Silapathar_Hejunagr_D (Assam),0.26152454831985333
IND387620AAB,1,1,2,0.0005963073445187933,0.0,0.0004909839511836412,6.0,2.3257936507936505,1.0,Kapadvanj_Busstand_D (Gujarat),0.2615232607005951
IND208006AAA,1,1,2,0.0,0.0,0.0005261144361945277,9.0,4.973753829016987,1.0,Kanpur_GovndNgr_DC (Uttar Pradesh),0.2614905680092803
IND389151AAA,1,1,2,0.0005963073445187933,0.0,0.0004883637820249193,22.0,2.833597963647891,1.0,Dahod_DC (Gujarat),0.2614767452307633
IND515401AAB,1,1,2,0.0,1.0,0.0005243779349007209,35.0,2.8271802054154995,1.0,Gooty_StatonRd_D (Andhra Pradesh),0.26145974016243073
IND125050AAA,1,1,2,0.0,1.0,0.0005227711680728742,3.0,1.7518037518037517,1.0,Fatehabad_SirsaDPP_D (Haryana),0.2614312154720845
IND502286AAB,1,1,2,0.003850481125092523,0.0,0.0006036505928872373,44.0,1.7836228798934834,0.9772727272727273,Narayankhed_Datatrya_D (Telangana),0.26142348427708884
IND444303AAA,1,1,2,0.0,1.0,0.0005203355953285607,2.0,3.242424242424242,1.0,Khamgaon_WamanDPP_D (Maharashtra),0.26138797711469286
IND756100AAC,3,4,7,0.008134715025906736,0.3,0.0010832168148101264,101.0,3.6719348751308343,0.8811881188118812,Bhadrak_Central_I_2 (Orissa),0.26138436838355344
IND523226AAA,1,1,2,0.0,1.0,0.0005180963348566732,39.0,1.8931549809528003,1.0,Chimkurthy_MSRClgRd_D (Andhra Pradesh),0.26134822385961054
IND521201AAA,1,1,2,0.0017815052755399772,0.0,0.00040594551887348834,3.0,1.7759170653907494,1.0,Nuzvid_Ward17_D (Andhra Pradesh),0.2613181403449165
IND700088AAA,1,1,2,0.0,0.0,0.0005154190676616336,25.0,3.5639619353814402,1.0,Kolkata_TrtllaRD_L (West Bengal),0.2613006947369095
IND743235AAA,1,1,2,0.0005933406413122322,1.0,0.00047488872992755955,6.0,2.2312013694366635,1.0,Bongaon_SukntDPP_D (West Bengal),0.2612342591859962
IND131028AAE,1,1,2,0.0,0.0,0.0005107109688287631,2.0,1.793103448275862,1.0,Sonipat_Central_D_2 (Haryana),0.2612171125649354
IND364004AAB,1,1,2,0.001785344189489267,0.0,0.0003995753424910576,34.0,3.2197628407795933,1.0,Bhavnagar_ChtrGIDC_IP (Gujarat),0.261209277074289
IND472001AAA,2,2,4,2.0766922445928125e-05,0.3333333333333333,0.0005792200870036933,180.0,2.6266896647436204,0.9777777777777777,Tikamgarh_MndiRoad_D (Madhya Pradesh),0.2612017226474262
IND743347AAA,1,1,2,0.0,1.0,0.0005091913661911706,48.0,3.0764443558980807,1.0,Kakdwip_KlngrDPP_D (West Bengal),0.26119013528737683
IND500035AAA,1,1,2,0.0,0.0,0.0005069568742374374,2.0,2.068181818181818,1.0,Hyd_LB-Nagar_Dc (Telangana),0.26115046668708164
IND370110AAA,1,2,3,0.0,1.0,0.00038354011054504613,32.0,2.1997718358768594,1.0,Anjar_DC (Gujarat),0.2611100050384021
IND342601AAA,1,2,3,0.0,0.6666666666666666,0.0003833212396055958,18.0,2.1206151537132722,1.0,Piparcity_BsstdDPP_D (Rajasthan),0.26110611945546286
IND534001AAA,1,2,3,0.00081806840920924,0.6666666666666666,0.0003321685303128145,17.0,1.9439989365066765,1.0,Eluru_Agraharm_DC (Andhra Pradesh),0.26109846568143674
IND764020AAC,1,1,2,0.0,1.0,0.0005019814901325255,1.0,2.25,1.0,Koraput_GhtimDPP_D (Orissa),0.261062139439788
IND721133AAA,1,1,2,0.0011896479858310256,0.0,0.00042492166317703025,4.0,2.9214132641551993,1.0,Keshiary_MdnprDPP_D (West Bengal),0.2610035602684069
IND535501AAB,1,2,3,0.0005948239929155128,0.3333333333333333,0.00070926137484452,38.0,1.726511757271676,0.9736842105263158,Parvathipuram_Central_D_2 (Andhra Pradesh),0.2609682645820156
IND221010AAB,2,3,5,0.004214655810510733,0.1,0.0009547138166838397,13.0,17.29147225323696,0.9230769230769231,Varanasi_MahmurGj_IP (Uttar Pradesh),0.2609593680362709
IND787001AAA,2,1,3,0.0,0.0,0.0003750260759350307,24.0,4.03151800966923,1.0,LakhimpurN_SashPhkn_D (Assam),0.2609588566597829
IND532127AAA,1,1,2,0.0023774981495188747,0.0,0.0005724323170265151,62.0,2.753954088663824,0.9838709677419355,Rajam_SamathBv_D (Andhra Pradesh),0.2608975102048872
IND691305AAA,1,2,3,0.0016732206085004948,0.3333333333333333,0.0005583096341337992,48.0,2.3841044372294373,0.9791666666666666,Punalur_PostofJN_D (Kerala),0.2608460523671368
IND505122AAA,2,1,3,0.0,0.3333333333333333,0.0003675214084424935,29.0,3.753710418865177,1.0,Jammikunta_ConduDPP_D (Telangana),0.26082562742411136
IND733140AAA,1,2,3,0.0,0.6666666666666666,0.0003667534738901005,27.0,2.32066922935516,1.0,Gangarampr_FulbaDPP_D (West Bengal),0.2608119943972567
IND852139AAB,2,1,3,0.0016328645447816436,0.6666666666666666,0.0005932872626290901,84.0,3.1486404468329785,0.9761904761904762,Triveninganj_Central_D_1 (Bihar),0.2606785371868252
IND476001AAA,1,1,2,0.0,1.0,0.00047963683446688386,2.0,2.34375,1.0,Morena_Prjapati_D (Madhya Pradesh),0.26066545812131026
IND583119AAA,1,1,2,0.0,1.0,0.00047690014371142887,18.0,3.7579877337049674,1.0,Sandur_WrdN1DPP_D (Karnataka),0.2606168740610596
IND756029AAA,1,1,2,0.0032553663952627683,0.0,0.00027373707710928686,8.0,1.838564612172758,1.0,Basta_Central_DPP_1 (Orissa),0.2605933511206667
IND680587AAA,1,2,3,0.0016328645447816431,0.3333333333333333,0.0006730157799720662,67.0,2.274366361330501,0.9701492537313433,Pazhayannur_AlathurRD_D (Kerala),0.26058363997604206
IND370615AAB,2,1,3,0.0,1.0,0.000352795461444197,4.0,5.480951340326341,1.0,Nakhatrana_ClgRDDPP_D (Gujarat),0.2605641998971659
IND410206AAA,2,1,3,0.0,1.0,0.0003519336171795524,25.0,3.2645714285714287,1.0,Jasai_JNPT_D (Maharashtra),0.2605488997052839
IND743513AAA,1,1,2,0.0005951147298297557,1.0,0.000435792739495248,60.0,2.0689242239242236,1.0,Fatepur_NH117_D (West Bengal),0.26054214668491876
IND431717AAA,1,1,2,0.0,1.0,0.00047102161508932096,9.0,3.9326270340421283,1.0,Degloor_Busstand_D (Maharashtra),0.26051251342469894
IND124001AAB,1,1,2,0.0017829886271432578,0.0,0.0003564806846851165,12.0,3.140625,1.0,Rohtak (Haryana),0.26044163130103415
IND515301AAA,1,1,2,0.0005951147298297557,0.0,0.00042941752492449555,32.0,1.972348484848485,1.0,Madakasira_RTCStand_D (Andhra Pradesh),0.26042896845745594
IND631102AAA,1,1,2,0.0,0.0,0.0004623388517014091,36.0,2.6254765818488126,1.0,Sholinghur_ArkonmRD_D (Tamil Nadu),0.26035836962940906
IND585307AAB,2,2,4,0.00029681717246484086,0.0,0.0006595732632714165,123.0,4.293682778118764,0.967479674796748,Chincholi_Mainroad_D (Karnataka),0.2603575448791652
IND380054AAA,1,1,2,0.0,0.0,0.00046164291629466374,47.0,2.224403294522193,1.0,AMD_Memnagar (Gujarat),0.26034601479258124
IND201005AAA,1,1,2,0.0,0.0,0.00046094324416223623,1.0,3.2857142857142856,1.0,Ghaziabad_RjndrNgr_DC (Uttar Pradesh),0.26033359361822317
IND787057AAA,1,1,2,0.0,0.0,0.00045772019443902554,10.0,2.292277591973244,1.0,Dhemaji_WardNo3_D (Assam),0.2602763753002122
IND222125AAB,1,1,2,2.9607698001480383e-06,0.0,0.0004575347285015368,2.0,2.65625,1.0,Badlapur_Bhaluahi_D (Uttar Pradesh),0.26027634168758457
IND341503AAB,1,1,2,0.0,1.0,0.0004553312818938026,24.0,2.284592892487629,1.0,Degana_BhukrdPP_D (Rajasthan),0.2602339652943322
IND413307AAC,1,1,2,0.0,0.0,0.00045529286797602015,9.0,2.250797042463709,1.0,Sangola_Central_DPP_3 (Maharashtra),0.26023328333781504
IND784125AAA,1,1,2,0.0005951147298297557,1.0,0.0004179368949539169,9.0,2.4337274054921116,1.0,Mangaldoi_LNBRoad_D (Assam),0.2602251545566364
IND712612AAA,1,1,2,0.00029681717246484086,0.0,0.000435952395720599,3.0,1.567017543859649,1.0,Kamarpukur_ChatiDPP_D (West Bengal),0.26021664320315246
IND134102AAA,2,1,3,7.401924500370096e-07,0.3333333333333333,0.0003312325661945717,16.0,2.9194395065718597,1.0,Kalka_Pinjore_DC (Haryana),0.26018221178810597
IND181201AAB,1,1,2,0.0,0.0,0.0004507969050183607,24.0,4.563050144300145,1.0,Akhnoor_ThthiCwk_D (Jammu & Kashmir),0.2601534671821956
IND743395AAA,1,1,2,0.0,1.0,0.0004493739846228344,7.0,3.13262853730834,1.0,Jaynagar_MjlprDPP_D (West Bengal),0.2601282062899701
IND686540AAA,2,1,3,0.0,0.3333333333333333,0.0003270832618899172,4.0,1.9280844155844155,1.0,Karukachal_MnimlaRd_D (Kerala),0.26010773507744445
IND600056AAA,1,1,2,0.0005951147298297557,0.0,0.00041029862690379794,14.0,3.106377551020408,1.0,Chennai_Poonamallee (Tamil Nadu),0.2600895535303173
IND852111AAA,2,4,6,5.773501110288675e-06,0.5,0.00044227075883853246,88.0,3.3147099443095143,0.9659090909090909,Simrahi_Bazar_D (Bihar),0.2600878819878669
IND518401AAA,1,1,2,0.0011851979310211838,0.0,0.00036972851234099607,24.0,2.0311481829573936,1.0,Nandikotkr_UmarDPP_D (Andhra Pradesh),0.2600188263442822
IND851127AAA,1,2,3,0.0005951147298297557,0.3333333333333333,0.0002801032514276701,84.0,4.104007587339014,1.0,Manjhaul_Purbari_D (Bihar),0.2599287522039959
IND535001AAA,2,1,3,0.0,0.0,0.0005551800063697143,59.0,3.6983390142039196,0.9830508474576272,Vizianagaram_NcsRd_DC (Andhra Pradesh),0.25991981421738003
IND632006AAA,4,5,9,0.004715327521561751,0.23809523809523808,0.0009444912010477663,128.0,1.9611814631887643,0.8828125,Vellore_GndhiNgr_IP (Tamil Nadu),0.25986502448164833
IND275101AAA,1,1,2,0.0,1.0,0.00043432986929398354,2.0,4.136363636363637,1.0,Mau_BaliaMod_D (Uttar Pradesh),0.2598611303684039
IND382715AAA,1,1,2,0.0,1.0,0.00043424204272834137,50.0,2.0673520452497804,1.0,Kadi_KaranNGR_D (Gujarat),0.2598595711965654
IND686507AAA,1,2,3,0.0,1.0,0.0003085600802896942,17.0,2.2656820303879126,1.0,Parakkdavu_KeRoad_D (Kerala),0.2597788958145115
IND242221AAA,1,1,2,0.0,1.0,0.00042812122369284057,15.0,2.585377111456088,1.0,Jalalabad_farukngr_D (Uttar Pradesh),0.2597509092148594
IND521301AAA,1,1,2,0.0,1.0,0.00042553442975585404,37.0,2.1445781916370152,1.0,Gudivada_GvrCompx_D (Andhra Pradesh),0.25970498625033006
IND400072AAD,3,1,4,0.0,0.0,0.00047691800850286205,238.0,5.495473584618597,0.9789915966386554,Mumbai_Chndivli_PC (Maharashtra),0.2596661656457076
IND781003AAA,1,1,2,0.0,0.0,0.0004221350142625124,6.0,4.101254138018844,1.0,Guwahati_Chandmari (Assam),0.2596446369372714
IND854105AAA,1,1,2,0.00029815367225939665,0.0,0.0004035014691397515,6.0,2.4471211730306157,1.0,Katihar_Shyndco_D (Bihar),0.2596420178668978
IND221303AAA,1,1,2,0.0005965951147298297,0.0,0.0003836081840623907,3.0,1.641735679779158,1.0,Gopiganj_Wardno13_D (Uttar Pradesh),0.2596173515724999
IND574104AAA,1,1,2,0.0,0.0,0.00041992828003217895,52.0,2.0401973083147174,1.0,Karkala_MarketRd_D (Karnataka),0.2596054611156738
IND424201AAA,1,1,2,0.0,0.0,0.00041741745446113464,1.0,10.552238805970148,1.0,Pachora_PcrrdDPP_D (Maharashtra),0.2595608868061434
IND603102AAA,1,1,2,0.0,0.0,0.00041656224815281686,35.0,1.9378820741811917,1.0,Kalpakkam_Sadras_D (Tamil Nadu),0.25954570445690384
IND574239AAA,1,1,2,0.0005951147298297557,0.0,0.00037964340770077796,7.0,1.5113911151505135,1.0,Sullia_Srirampt_D (Karnataka),0.2595453360246353
IND387001AAA,1,1,2,0.0,1.0,0.00041610615678275737,41.0,2.00594839561841,1.0,Nadiad_DC (Gujarat),0.2595376075352627
IND483225AAA,1,1,2,0.0,1.0,0.0004154781001356902,5.0,2.191484593837535,1.0,Sihora_KtnRdDPP_D (Madhya Pradesh),0.25952645773986804
IND110020AAB,1,1,2,0.0,0.0,0.00041406611017421154,7.0,5.534505494505495,1.0,OK_RPC (Delhi),0.2595013908939977
IND635207AAA,1,1,2,0.0,1.0,0.0004133413988939579,7.0,3.547278911564626,1.0,Uthangarai_RgstrOFC_D (Tamil Nadu),0.2594885252034062
IND416606AAA,1,1,2,0.0,0.0,0.00041125841733585615,50.0,23.497669035539626,1.0,Malvan_BllvMarg_D (Maharashtra),0.2594515463444255
IND686513AAA,1,2,3,0.0,1.0,0.000289517327952839,26.0,2.686383488306565,1.0,Mundakayam_Central_D_1 (Kerala),0.25944083269026996
IND532440AAA,1,1,2,0.0,1.0,0.0004089692745688591,34.0,1.6065498120805026,1.0,Palakonda_VadaiDPP_D (Andhra Pradesh),0.2594109075364446
IND575014AAA,1,1,2,0.00010976801864276295,1.0,0.0004020898303244973,13.0,1.9040656881410847,1.0,Surathkal_DC (Karnataka),0.25940960008387554
IND508001AAA,2,1,3,0.004818074342615652,0.3333333333333333,0.0005924966149152207,70.0,1.8260151344013094,0.9571428571428572,Nalgonda_HydRoad_DC (Telangana),0.2594085748993803
IND201301AAD,1,1,2,0.0,0.0,0.00040774025781425066,6.0,6.066570004070004,1.0,NOI_RPC (Delhi),0.2593890889864546
IND761200AAA,2,1,3,0.0,1.0,0.0006761781243128014,36.0,2.321014077567786,0.9722222222222222,Paralakhemundi_Ward14_D (Orissa),0.2593607193393113
IND581314AAA,3,2,5,0.001797320777249554,0.3333333333333333,0.00087002308647767,45.0,1.98855254515697,0.9333333333333333,Ankola_Kakrmath_D (Karnataka),0.2593591942191405
IND700144AAA,1,1,2,0.0005936343449296817,1.0,0.0003653821127007676,4.0,3.036309523809524,1.0,Baruipur_Bnsibtla_D (West Bengal),0.25929052792671636
IND825102AAA,1,1,2,0.0,1.0,0.0004019938970306114,5.0,2.0880769230769234,1.0,Phusro_RhmgjDPP_D (Jharkhand),0.25928707470589407
IND582209AAA,1,1,2,0.0,1.0,0.0003999359968543959,32.0,1.966478058978059,1.0,Rona_GadagRD_D (Karnataka),0.2592505411129217
IND334001AAB,1,1,2,0.0002975573649148778,0.0,0.00037941961260159015,6.0,1.8718876439464676,1.0,Bikaner_DC (Rajasthan),0.2592138399231354
IND452001AAC,2,2,4,1.4803849000740191e-05,0.3333333333333333,0.0012962586824335183,37.0,27.331185406185405,0.918918918918919,Jalgaon_DC (Maharashtra),0.2592099229275502
IND752056AAA,2,1,3,0.0,1.0,0.0002752048177035118,3.0,2.0476190476190474,1.0,Khurdha_MdhsnDPP_D (Orissa),0.25918674484387905
IND251001AAA,1,1,2,0.0005951147298297557,0.0,0.0003594056977549427,22.0,6.144461269955342,1.0,Muzaffrngr_MhmodNgr_D (Uttar Pradesh),0.2591860589973044
IND577598AAB,1,1,2,0.0,1.0,0.0003946630766258999,49.0,2.3526590060119594,1.0,Madikeri_MuthpTmp_D (Karnataka),0.25915693175148125
IND571114AAA,2,1,3,0.0,0.6666666666666666,0.00027104885220571563,19.0,3.7623079829440043,1.0,HDKote_BegurRD_D (Karnataka),0.25911296461213673
IND673121AAA,1,1,2,0.0,1.0,0.00039104602723432383,24.0,2.3700525169275166,1.0,Kalpetta_Ward19_D (Kerala),0.25909271881649043
IND274402AAA,1,2,3,2.9607698001480383e-06,0.3333333333333333,0.00026608309582355907,6.0,3.2611865258924086,1.0,Kushinagar_JiswlDPP_D (Uttar Pradesh),0.2590280672206855
IND515201AAA,1,2,3,0.0011902294596595113,0.0,0.0005876860828058261,71.0,2.802502531032924,0.971830985915493,Hindupur_Parigi_D (Andhra Pradesh),0.25900201673377793
IND600004AAA,1,1,2,0.0,0.0,0.00038576277010907747,4.0,4.8106837606837605,1.0,Chennai_Mylapore (Tamil Nadu),0.25899892594567336
IND584128AAA,1,1,2,0.0005963073445187933,0.0,0.0003454465730297285,6.0,2.3685185185185187,1.0,Sindhanur_VasaviNg_D (Karnataka),0.25893955746892433
IND473001AAA,1,1,2,1.4803849000740192e-06,1.0,0.00038043758069236715,22.0,2.11215272975881,1.0,Guna_HnumnDPP_D (Madhya Pradesh),0.25890601812534186
IND400612AAA,1,1,2,0.0,0.0,0.0003801661060977564,10.0,3.1996503496503497,1.0,Mumbai_Mumbra_DC (Maharashtra),0.25889956920944485
IND173220AAA,1,2,3,0.0,1.0,0.0002576760846137952,3.0,2.929464285714286,1.0,Parwanoo_Central_D_1 (Himachal Pradesh),0.2588755598761033
IND251201AAA,1,2,3,0.0,0.3333333333333333,0.0002569588042254711,6.0,4.529498654498655,1.0,Khatauli_TilakNgr_D (Uttar Pradesh),0.258862826105021
IND210427AAA,1,1,2,0.0016343449296817175,0.0,0.0005636640327151411,49.0,4.308891984475872,0.9795918367346939,Mahoba_Mlkpura_D (Uttar Pradesh),0.25885407240108926
IND713103AAA,1,1,2,0.0,1.0,0.0003754812750720424,12.0,2.0551186483365274,1.0,Bardhaman_Bankura_D (West Bengal),0.2588164001073592
IND203390AAA,2,1,3,1.4833516032805805e-05,0.3333333333333333,0.0005370343063899596,98.0,2.948335764463737,0.9795918367346939,Anupshahar_DcntCLY_D (Uttar Pradesh),0.25874925098543217
IND731204AAB,1,1,2,0.0,1.0,0.00037164654806012164,13.0,2.297245831091985,1.0,Bolpur_WebelDPP_D (West Bengal),0.2587483227742441
IND606003AAA,1,1,2,0.0028186528497409326,0.0,0.0006961557927886888,28.0,1.7232142857142858,0.9642857142857143,Virudhchlm_SelamRd_D (Tamil Nadu),0.2586832226546044
IND415605AAA,1,1,2,0.002822818101042945,0.0,0.0006329970050917354,32.0,2.2285734872012046,0.96875,Chiplun_LxmiNiws_D (Maharashtra),0.2586826303191729
IND574227AAA,1,1,2,0.0005951147298297557,0.0,0.0003305585856239061,19.0,2.036424394319131,1.0,Moodbidri_MrdiVlge_D (Karnataka),0.2586739405451051
IND247667AAB,1,1,2,0.0,1.0,0.00036647345946132193,4.0,2.305555555555556,1.0,Roorkee_IOTCEncl_L (Uttarakhand),0.2586564857087426
IND854335AAA,2,3,5,0.0008420245376022217,0.6666666666666666,0.0003642557676120669,34.0,3.304870993805159,0.9705882352941176,Narpatganj_Central_DPP_1 (Bihar),0.2586426083372358
IND400072AAA,1,1,2,0.0,0.0,0.00036536518461435504,3.0,3.9603174603174605,1.0,Mumbai_Tejpal_M (Maharashtra),0.2586368106717177
IND700136AAB,1,1,2,0.0,1.0,0.0003645901875952261,3.0,5.128151260504201,1.0,CCU_Hub (West Bengal),0.258623052265951
IND604303AAA,1,1,2,0.0005936343449296817,0.0,0.00032665121114131544,8.0,2.0252281619169406,1.0,Marakkanam_MJRDPP_D (Tamil Nadu),0.2586029440441838
IND767001AAA,3,2,5,0.0,0.0,0.0,16.0,2.40148261172285,1.0,Balangir_Rjndpara_D (Orissa),0.2586021502875419
IND641607AAA,2,3,5,0.0,0.0,0.0,68.0,2.388706969714003,1.0,Tirupur_Koliplm_I (Tamil Nadu),0.2586021502875419
IND201001AAA,1,1,2,0.0,0.0,0.0003630355478746961,5.0,3.0164835164835164,1.0,Ghaziabad_Patel Nagar (Uttar Pradesh),0.25859545298031755
IND505327AAA,4,1,5,0.0005921539600296077,0.4,0.0007450170690014453,18.0,3.7162500477773954,0.9444444444444444,Jagtial_Aravind_D (Telangana),0.25859122488913855
IND221401AAA,1,1,2,0.0011926146890375866,0.0,0.00028820297021074176,2.0,2.71875,1.0,Bhadohi_Rajpura_D (Uttar Pradesh),0.25857967929859654
IND262122AAB,1,1,2,0.0,1.0,0.0007229470061067506,39.0,2.5719835942537217,0.9743589743589743,Puranpur_MdothdRD_D (Uttar Pradesh),0.25857465067785057
IND713303AAA,1,1,2,0.0005933406413122322,0.0,0.0003230488764637611,6.0,3.865468409586057,1.0,Asansol_DC (West Bengal),0.25853866905604383
IND591102AAA,1,1,2,0.0016450369280381638,0.0,0.0002569588042254711,36.0,2.076500529699059,1.0,Bailhongal_NamoNagr_D (Karnataka),0.2585229900662015
IND502295AAA,1,1,2,0.0016387860843819389,0.0,0.0002569588042254711,6.0,2.2089031339031338,1.0,Sangareddy_Pothredy_D (Telangana),0.2585161097266851
IND689503AAB,1,1,2,0.0016387860843819393,0.0,0.0002569588042254711,5.0,2.1765670392825567,1.0,Manthuka_Central_D_1 (Kerala),0.2585161097266851
IND501301AAC,1,1,2,0.0016387860843819389,0.0,0.0002569588042254711,4.0,2.7249999999999996,1.0,Ghatkesar_Central_D_1 (Telangana),0.2585161097266851
IND671323AAD,1,1,2,0.0005951147298297557,0.0,0.00032087843142653266,2.0,2.1607142857142856,1.0,Manjeshwar_Central_D_1 (Kerala),0.25850209022046633
IND175015AAA,1,1,2,0.0,0.0,0.0003573394993322484,49.0,7.187699810998291,1.0,JognderNgr_Dhelu_D (Himachal Pradesh),0.25849433188542387
IND574202AAA,1,1,2,0.0011902294596595113,0.0,0.00028318581640719356,12.0,2.194319291819292,1.0,Puttur_Darbe_DC (Karnataka),0.25848798508443505
IND400011AAA,2,2,4,0.0005951147298297557,0.0,0.0005071169416493163,131.0,2.8801138678215463,0.9694656488549618,LowerParel_CP (Maharashtra),0.2584758420313501
IND247667AAA,1,1,2,0.0,1.0,0.0003556362248448738,28.0,2.1996558654809886,1.0,Roorkee_Dc (Uttarakhand),0.25846409390908215
IND757025AAA,1,1,2,0.0,1.0,0.00035464440386531206,10.0,3.79343137254902,1.0,Betnoti_MhliaDPP_D (Orissa),0.25844648626008754
IND276305AAA,1,1,2,0.0011961509992598075,0.0,0.0002775257975323213,11.0,2.1362962399918923,1.0,Saraimeer_MsmcyDPP_D (Uttar Pradesh),0.258394021491473
IND212501AAA,1,1,2,0.0005933406413122322,0.0,0.000700710067654153,36.0,2.0645212041045373,0.9722222222222222,Soraon_BypassRD_D (Uttar Pradesh),0.2582987870651981
IND205135AAA,1,1,2,0.0,1.0,0.00034553400786707997,15.0,2.592315101479188,1.0,Shikohabad_Katrmira_D (Uttar Pradesh),0.2582847507672471
IND413531AAA,1,1,2,0.0,1.0,0.0003425794522603276,26.0,4.27508325008325,1.0,Latur_Srnwsngr_D (Maharashtra),0.2582322989849892
IND535558AAA,1,1,2,0.0011872686898593634,0.0,0.0006706969027972208,35.0,2.5377295582264523,0.9714285714285714,Bobbili_ColegRd_D (Andhra Pradesh),0.25822129517022635
IND670645AAB,2,1,3,0.0016402664692820132,1.0,0.0007868798724264628,21.0,3.1455903301491537,0.9523809523809523,Mananthavady_Central_D_1 (Kerala),0.2581711241279706
IND832109AAB,1,1,2,0.0,0.0,0.0003389108739598355,106.0,2.6177886077466446,1.0,Jamshedpur_Central_I_3 (Jharkhand),0.258167171265012
IND560067AAC,1,1,2,0.0,0.0,0.00033666054045107475,22.0,2.854063360881543,1.0,Bengaluru_Kadugodi_D (Karnataka),0.2581272214319679
IND126116AAA,1,1,2,0.0,1.0,0.00033445574341596604,20.0,2.8525240798073614,1.0,IND126116AAA,0.25808808000110633
IND679322AAA,1,1,2,4.450054809841741e-06,0.0,0.0003339437513341771,4.0,1.8708561175666438,1.0,Printhlmna_EmsPnmbi_D (Kerala),0.2580838888834094
IND560077AAA,1,1,2,0.0,0.0,0.00033308302741831704,3.0,3.0801087801087803,1.0,Bengaluru_ Kothanur_L (Karnataka),0.2580637103800215
IND400706AAA,1,1,2,0.0,0.0,0.000332328158285343,2.0,4.712121212121212,1.0,Mumbai_Nerul_D (Maharashtra),0.2580503093015969
IND423105AAA,2,2,4,4.441154700222058e-06,0.3333333333333333,0.0009698323193900611,16.0,1.6260546066252586,0.9375,Malegaon_Rawlgaon_D (Maharashtra),0.25804878868399495
IND741101AAB,1,1,2,0.0005977906961220739,0.0,0.0002919629598204815,1.0,2.6666666666666665,1.0,Krishnanagar_AnadiDPP_D (West Bengal),0.25799170364423507
IND602001AAA,1,1,2,0.0,1.0,0.0003280774470094896,12.0,18.836118742368743,1.0,Chennai_Thiruvlr_DC (Tamil Nadu),0.2579748470622764
IND273303AAA,1,1,2,0.0,0.0,0.0003269578520071471,3.0,2.6746031746031744,1.0,Maharajganj_PakriDPP_D (Uttar Pradesh),0.2579549710602321
IND843329AAB,1,1,2,0.0,1.0,0.00032216991097185223,13.0,3.050629779577148,1.0,Sheohar_Ward9DPP_D (Bihar),0.25786997146162133
IND412210AAC,1,1,2,0.0,1.0,0.00031907740203876043,6.0,1.8308156527796706,1.0,Shirur_Central_DPP_3 (Maharashtra),0.2578150706146654
IND722101AAA,1,1,2,0.0,1.0,0.000318142895531552,24.0,2.0991071428571426,1.0,Bankura_KeranDPP_D (West Bengal),0.25779848046089654
IND584123AAA,1,1,2,0.0011902294596595113,0.0,0.00024304240718226762,3.0,1.6805555555555556,1.0,Manvi_APMCYard_D (Karnataka),0.25777532516531076
IND421601AAB,1,1,2,0.0016391035216250414,1.0,0.0004549027154785935,58.0,3.962671123325118,0.9827586206896551,Asangaon_Shahapur_D (Maharashtra),0.257720182856854
IND508213AAB,1,1,2,0.0,1.0,0.0003130715084786636,28.0,1.9038200153883384,1.0,Suryapet_Krishna_D (Telangana),0.2577084488876759
IND508277AAB,1,1,2,0.0,1.0,0.00031195100739763224,11.0,1.4357735817405983,1.0,Mothkur_Mainroad_D (Telangana),0.25768855680015257
IND586101AAA,1,1,2,0.0,0.0,0.00030918874736490966,12.0,3.4567997203413867,1.0,Bijapur_KirtiNgr_D (Karnataka),0.25763951881236014
IND534260AAC,1,1,2,0.0,0.0,0.0003091723839534076,12.0,2.0028016641044704,1.0,Palakollu_CroadDPP_D (Andhra Pradesh),0.2576392283151716
IND503185AAA,1,1,2,0.002379295971662051,0.0,0.0005304798399350472,38.0,2.1350660495111295,0.9736842105263158,Bodhan_SuryaDPP_D (Telangana),0.25760802374723996
IND142026AAA,1,2,3,0.0,1.0,0.000183386222340881,20.0,1.5768556808688388,1.0,Jagraon_DC (Punjab),0.2575567031008224
IND388220AAA,2,1,3,0.0016358253145817912,1.0,0.0007656646385196687,41.0,2.898305894647358,0.9512195121951219,Umreth_Dakor_DC (Gujarat),0.2574992448138154
IND784101AAA,1,1,2,0.0,1.0,0.0002910007450823563,3.0,1.502849002849003,1.0,Balipara_EragnDPP_D (Assam),0.25731662993754906
IND342902A1B,2,1,3,0.001625462620281273,0.3333333333333333,0.0005334623575498523,90.0,2.6025691522555654,0.9666666666666667,IND342902A1B,0.25722737490627395
IND244901AAC,1,1,2,0.0,0.0,0.0002853219020330519,3.0,1.5555555555555556,1.0,Rampur_ThanaDPP_D (Uttar Pradesh),0.25721581428919293
IND484551AAA,1,1,2,0.0,1.0,0.0002817393267040767,2.0,2.0,1.0,PaliBirsighpr_CtyLgDPP_D (Madhya Pradesh),0.2571522133670615
IND631003AAA,1,1,2,0.0,1.0,0.00028063316651897517,36.0,2.433865941157608,1.0,Arakkonam_HousngBd_D (Tamil Nadu),0.25713257587131133
IND509324AAA,1,1,2,0.0,1.0,0.0002759590248446634,16.0,2.308041101055807,1.0,Kalwakurthy_VidyaNGR_D (Telangana),0.25704959653567677
IND276128AAA,1,1,2,0.00178892203355638,0.0,0.00016313868906464465,12.0,2.001225066639559,1.0,Azamgarh_ChtwrDPP_D (Uttar Pradesh),0.2570157908046627
IND756032AAA,1,1,2,0.0032553663952627683,0.0,0.000293955095364006,63.0,3.040974686372256,0.9841269841269841,Jaleswar_NaturDPP_D (Orissa),0.25698402460007486
IND509358AAA,1,2,3,0.0017815052755399772,0.3333333333333333,0.00037451778680991544,42.0,2.0785985446810304,0.9761904761904762,Kadthal_GndhiDPP_D (Telangana),0.2569583652223191
IND691574AAA,2,1,3,2.0766922445928125e-05,0.3333333333333333,0.0004827334210666196,42.0,1.7272937380080235,0.9761904761904762,Kalluvathukal_Pariplly_D (Kerala),0.25694144631724575
IND585211AAA,2,2,4,0.0002974119964577564,0.0,0.0007356987057816848,58.0,2.1138025767336113,0.9482758620689655,Chittapur_GlbrgaRD_D (Karnataka),0.2569086899839512
IND414203AAB,1,1,2,0.0,1.0,0.0002603456179291096,4.0,1.7923145933014357,1.0,Ashti_SavtaHTL_D (Maharashtra),0.25677241406601287
IND401209AAB,0,3,3,0.0,0.3333333333333333,0.00013889153251591156,92.0,4.575243157050096,1.0,Mumbai_Vasai_CP (Maharashtra),0.2567667955502591
IND583231AAA,1,1,2,0.0,1.0,0.00025932479055806493,45.0,2.900836139169473,1.0,Koppal_Banikatt_D (Karnataka),0.2567542914709036
IND509103AAB,2,2,4,0.00029607698001480384,1.0,0.0004992781009363146,28.0,3.0434044647954184,0.9642857142857143,Wanaparthy_VallaDPP_D (Telangana),0.25671254405877797
IND176048AAA,1,1,2,0.0,0.0,0.0002569588042254711,31.0,3.9798728565255237,1.0,Jahu_Sulgwan_D (Himachal Pradesh),0.25671228847063554
IND741201AAC,1,1,2,0.0,0.0,0.0002569588042254711,4.0,15.179824561403509,1.0,Ranaghat_ArickDPP_D (West Bengal),0.25671228847063554
IND204215AAA,1,1,2,0.0,0.0,0.0002569588042254711,24.0,4.874553571428572,1.0,SikandraRao_JydevNGR_D (Uttar Pradesh),0.25671228847063554
IND248122AAB,1,1,2,0.0,0.0,0.0002569588042254711,15.0,2.1648706314610204,1.0,Mussoorie_BrlwgDPP_D (Uttarakhand),0.25671228847063554
IND562125AAA,1,1,2,0.0,0.0,0.0002569588042254711,1.0,7.125,1.0,Bengaluru_Sarjapur_D (Karnataka),0.25671228847063554
IND176110AAB,1,1,2,0.0,0.0,0.0002569588042254711,9.0,2.0468480557468323,1.0,Sujanpur_SainkSCL_D (Himachal Pradesh),0.25671228847063554
IND764001AAC,2,1,3,0.001780903034789045,0.3333333333333333,0.0008298732148228808,35.0,4.270215419501134,0.9428571428571428,Jeypore_Kelasahi_D (Orissa),0.25670822557984163
IND396232AAA,1,1,2,0.0,0.0,0.0002556979681927148,30.0,3.3847082547082548,1.0,Silvassa_Samrvrni_D (Dadra and Nagar Haveli),0.25668990503777617
IND600032AAB,3,4,7,1.7800219239366965e-05,0.5,0.0009354564469227197,348.0,2.1730547788737447,0.9080459770114943,Chennai_Hub (Tamil Nadu),0.2565413305417829
IND785634AAA,1,1,2,0.0,1.0,0.0002463991282284265,3.0,31.108333333333334,1.0,Mariani_Mainroad_D (Assam),0.25652482412748856
IND431514AAA,1,1,2,0.004439674315321983,0.0,0.0004110034225468856,32.0,2.3092594384244927,0.96875,Gangakher_Busstand_D (Maharashtra),0.25652129448779626
IND207123AAA,1,1,2,0.0,0.0,0.0002454938326852076,1.0,8.098039215686274,1.0,Kasganj_BnkrGate_D (Uttar Pradesh),0.25650875255157934
IND563116AAA,2,1,3,0.0,1.0,0.0006244091303022879,28.0,3.18520646020646,0.9642857142857143,Bethamangala_FshryOFC_D (Karnataka),0.25645754517614905
IND767017AAA,2,2,4,0.0,0.0,0.0,13.0,2.4582402881399537,1.0,Sonepur_BrezeDPP_D (Orissa),0.2564516126531564
IND811213AAA,2,2,4,0.0,0.0,0.0,4.0,2.294458128078818,1.0,KharagpurBR_Central_DPP_1 (Bihar),0.2564516126531564
IND811201AAB,2,2,4,0.0,0.0,0.0,8.0,2.095180860805861,1.0,Munger_Kaura_D (Bihar),0.2564516126531564
IND517501AAB,2,2,4,0.0,0.0,0.0,89.0,2.313394608545407,1.0,Tirupati_Balajicly_I (Andhra Pradesh),0.2564516126531564
IND505325AAA,1,1,2,0.0,1.0,0.00024153664995949675,9.0,2.259041394335512,1.0,Metpally_GunjRDPP_D (Telangana),0.2564385012805559
IND458990AAA,1,1,2,0.0,1.0,0.0007027362359181915,30.0,2.1057985258952274,0.9666666666666667,Sitamau_Central_DPP_1 (Madhya Pradesh),0.25629277498683356
IND342301AAA,4,1,5,0.0032657290895632862,0.5,0.0007103010630954409,54.0,4.18723512180324,0.9259259259259259,Phalodi_PalikDPP_D (Rajasthan),0.25628810672331315
IND244001AAA,1,1,2,0.0053027387120651364,1.0,0.000344228609459139,64.0,2.049152133279253,0.96875,Moradabad_DC (Uttar Pradesh),0.25628583119164094
IND488001AAA,1,1,2,0.0,1.0,0.00023175859817647503,12.0,2.2297273160276254,1.0,Panna_Mohnprwa_D (Madhya Pradesh),0.2562649129947719
IND848210AAA,1,2,3,0.0011902294596595113,0.6666666666666666,0.0005055791387355406,30.0,3.143408190038625,0.9666666666666667,Rusera_Wardno4_D (Bihar),0.2562533046676444
IND303002AAA,1,1,2,0.0,1.0,0.00023088723063917745,20.0,1.9441154859633119,1.0,Achrol_BgwriDPP_D (Rajasthan),0.25624944373765973
IND321606AAA,2,2,4,0.00029681717246484086,0.6666666666666666,0.0005524740245922452,24.0,2.8310269685145233,0.9583333333333334,Kherli_GodamDPP_D (Rajasthan),0.2561696428051087
IND431203AAA,1,2,3,0.0,1.0,0.00042831841290596486,86.0,2.0321931944024967,0.9767441860465116,Jalna_BhgyaNgr_D (Maharashtra),0.25609099403719254
IND466001AAA,1,1,2,0.0005951147298297557,1.0,0.0006697572381702263,29.0,1.8577580634375765,0.9655172413793104,Sehore_Mangalam_D (Madhya Pradesh),0.2560749936692351
IND221010AAA,1,1,2,0.0005951147298297557,0.0,0.00018355734721094624,1.0,4.166666666666667,1.0,Varanasi (Uttar Pradesh),0.2560642496219561
IND473443AAA,1,1,2,0.0,1.0,0.00021681155669260106,14.0,1.809872354738997,1.0,Mungaoli_AshkngRd_D (Madhya Pradesh),0.25599956041060645
IND506314AAA,1,1,2,0.0016343449296817168,0.0,0.0006009791477184501,29.0,4.709412464692703,0.9655172413793104,Rayaparthi_Perkadrd_D (Telangana),0.25599787320204903
IND607801AAA,1,1,2,0.003413767579570688,0.0,0.0006582142740116994,43.0,2.3523532668881506,0.9534883720930233,Neyveli_NJVNgr_D (Tamil Nadu),0.2559653632220463
IND415612AAA,1,1,2,0.0005948239929155128,1.0,0.0006172355457957938,32.0,2.6445937800059474,0.96875,Ratnagiri_MjgaonRd_D (Maharashtra),0.25595045358570107
IND342902AAA,2,1,3,0.001625462620281273,0.3333333333333333,0.0005520336120344295,50.0,2.243516264114367,0.96,Gotan_DKLogDPP_D (Rajasthan),0.2558904009349079
IND828401AAB,1,1,2,0.0,0.0,0.00020709504207236002,22.0,3.078061332606787,1.0,Gomoh_KhsmiDPP_D (Jharkhand),0.2558270645848376
IND783370AAC,1,1,2,0.0023612139156180606,0.0,0.0006470686412754227,24.0,3.803786447792833,0.9583333333333334,Kokrajhar_PigonDPP_D (Assam),0.25582018492207464
IND742148AAA,1,1,2,0.0,1.0,0.00019996081098637338,45.0,4.59037037037037,1.0,Lalgola_KrsprDPP_D (West Bengal),0.25570041165109536
IND781124AAA,1,1,2,0.0,0.0,0.00019524182128638316,14.0,4.291607933495979,1.0,Chhaygaon_GwhRDDPP_D (Assam),0.25561663613519187
IND531163AAA,1,1,2,0.0,0.0,0.0001947672013376526,39.0,2.296919746919747,1.0,Bheemunipatnam_SaiTempl_D (Andhra Pradesh),0.25560821027847447
IND403702AAA,1,2,3,0.0018281462362815346,0.6666666666666666,0.0003860254419134916,99.0,2.13763264903413,0.9696969696969697,Canacona_CharRsta_D (Goa),0.25559062024790324
IND505467AAA,1,1,2,0.0,1.0,0.00018898916507821835,26.0,1.787352446873238,1.0,Husnabad_Greenmkt_D (Telangana),0.2555056336679461
IND845305AAA,1,1,2,0.0016376201700217612,1.0,0.0008298377242537688,113.0,3.622296116394791,0.9469026548672567,Raxaul_KairiyaT_D (Bihar),0.25541072361597916
IND396105AAA,1,1,2,0.0,0.0,0.00017287158653098159,4.0,1.9449404761904763,1.0,Bhilad_Umargaon_DC (Gujarat),0.25521950071497257
IND303702AAB,1,2,3,0.005578090303478904,0.6666666666666666,0.0005852452671160543,32.0,1.6884923706324635,0.9375,Chomu_ShsmlDPP_D (Rajasthan),0.2552056824629559
IND631501AAA,1,2,3,0.0005951147298297557,1.0,0.0004268484969067606,34.0,3.6315072773145367,0.9705882352941176,Kanchipuram_DC (Tamil Nadu),0.2551809573538925
IND723130AAA,4,2,6,0.009483345669874167,0.2,0.001624071000366195,39.0,3.4747960555913004,0.8205128205128205,Hura_Central_D_1 (West Bengal),0.25515115486886597
IND243201AAA,2,1,3,0.0005948239929155128,1.0,0.0010940647552386746,13.0,2.0666389454850993,0.9230769230769231,Baheri_HoliCDPP_D (Uttar Pradesh),0.2551477993919863
IND722151AAA,1,1,2,0.0,1.0,0.00016695639215909985,10.0,10.85948313701275,1.0,Simlapal_Central_D_1 (West Bengal),0.2551144891570591
IND584101AAA,2,3,5,0.001785344189489267,0.3333333333333333,0.00043114730253533137,56.0,1.8659737422511664,0.9464285714285714,Raichur_LSRoad_DC (Karnataka),0.2548285251162306
IND532421AAA,1,1,2,0.0,1.0,0.000603848315904095,31.0,3.3169310451967995,0.967741935483871,Narasnpeta_HudcoDPP_D (Andhra Pradesh),0.2548060497882576
IND242307AAB,1,2,3,0.0028216136195410805,0.3333333333333333,0.0007889096704187545,30.0,1.7893269160883205,0.9333333333333333,Tilhar_SingCLNY_D (Uttar Pradesh),0.25474556966373846
IND571426AAA,2,1,3,0.002824301452646225,0.3333333333333333,0.0004730281910346983,45.0,1.8637083323065298,0.9555555555555556,Krishnarajpet_MuruPost_D (Karnataka),0.254696287232031
IND691506AAA,1,1,2,2.670032885905045e-05,0.0,0.0004927127155915089,40.0,1.6272204184704187,0.975,Kottarakkara_Amankovl_D (Kerala),0.25467698148803575
IND600116AAB,4,3,7,0.004008882309400444,0.1,0.0009447000842385074,34.0,3.055697488785724,0.8823529411764706,Chennai_Porur_DPC (Tamil Nadu),0.25467517947629154
IND142001AAB,2,2,4,0.0017572168763878607,0.8333333333333334,0.0007371223880499768,119.0,1.7882237528654394,0.9327731092436975,Moga_DPC (Punjab),0.25466509181541336
IND413501AAA,2,2,4,0.0005933406413122322,0.6666666666666666,0.0006443901012999104,54.0,1.5768002288674519,0.9444444444444444,Osmanabad_Kakdepot_D (Maharashtra),0.25465557798645533
IND144040AAA,2,1,3,0.001634344929681717,0.6666666666666666,0.0009223558314181787,14.0,2.2010001608298824,0.9285714285714286,Nakodar_ChowkDPP_D (Punjab),0.25461730967622437
IND243001AAA,0,2,2,0.0,1.0,0.00013889153251591156,31.0,1.952758586922536,1.0,Bareilly_Central_D_2 (Uttar Pradesh),0.25461625791587367
IND400016AAB,0,2,2,0.0,0.0,0.00013889153251591156,19.0,3.2160208212839794,1.0,Mumbai_MhimWest_C (Maharashtra),0.25461625791587367
IND000000AFG,0,2,2,0.0,0.0,0.00013889153251591156,8.0,2.155896446096083,1.0,Tirur_PmthuKlm_D (Kerala),0.25461625791587367
IND201306AAA,0,2,2,0.0,1.0,0.00013889153251591156,17.0,2.402585649644473,1.0,Noida_Surajpur_DC (Uttar Pradesh),0.25461625791587367
IND506132AAA,1,1,2,0.001780903034789045,0.0,0.00039521809099985806,38.0,1.9323842728418141,0.9736842105263158,Khanpur_Nrsampt_D (Telangana),0.2545480876761853
IND480334AAA,1,1,2,0.0005951147298297557,0.0,0.0007672205822558077,42.0,1.5666534174333844,0.9523809523809523,Pandhurna_Mataward_D (Madhya Pradesh),0.2545211735428836
IND209206AAB,1,1,2,0.0005963073445187933,0.0,0.0004293087102748737,42.0,2.8740079365079363,0.9761904761904762,Ghatampur_StatinRD_D (Uttar Pradesh),0.2544759684587223
IND361305AAC,1,2,3,0.0,0.0,0.0,24.0,1.6737615937983585,1.0,Khambhalia_JdswarRD_D (Gujarat),0.2543010750187709
IND841226AAB,2,1,3,0.0,0.0,0.0,4.0,3.8639705882352944,1.0,Siwan_HnmntNgr_D (Bihar),0.2543010750187709
IND641008AAA,1,2,3,0.0,0.0,0.0,4.0,2.2836452762923347,1.0,Cjb_Kovaipudur_Dc (Tamil Nadu),0.2543010750187709
IND271001AAA,1,2,3,0.0,0.0,0.0,32.0,31.200570436507935,1.0,Gonda_KotwaliN_D (Uttar Pradesh),0.2543010750187709
IND630561AAA,1,2,3,0.0,0.0,0.0,85.0,1.9111897003252503,1.0,Sivaganga_Wardno3_D (Tamil Nadu),0.2543010750187709
IND621802AAA,1,2,3,0.0,0.0,0.0,16.0,2.174809901033779,1.0,Jayamkondan_Chithbrm_D (Tamil Nadu),0.2543010750187709
IND486889AAA,1,2,3,0.0,0.0,0.0,20.0,2.2879208178982138,1.0,Singrauli_Ward8DPP_D (Madhya Pradesh),0.2543010750187709
IND768004AAD,1,2,3,0.0,0.0,0.0,6.0,2.6381944444444443,1.0,Sambalpur_Central_H_2 (Orissa),0.2543010750187709
IND441603AAA,2,1,3,0.0,0.0,0.0,3.0,1.9583333333333337,1.0,Chamorshi_Central_DPP_1 (Maharashtra),0.2543010750187709
IND442605AAA,2,1,3,0.0,0.0,0.0,9.0,2.042869167869168,1.0,Gadchiroli_Central_DPP_1 (Maharashtra),0.2543010750187709
IND736135AAA,1,2,3,0.0,0.0,0.0,16.0,2.416944436903676,1.0,Dinhata_WrdN4DPP_D (West Bengal),0.2543010750187709
IND625516AAA,2,1,3,0.0,0.0,0.0,7.0,1.8979863221884499,1.0,Cumbum_LFRoad_D (Tamil Nadu),0.2543010750187709
IND531001AAA,2,2,4,0.0005951147298297557,1.0,0.000426413145501892,24.0,2.2528213684463685,0.9583333333333334,Anakapalle_Kothuru_D (Andhra Pradesh),0.2542600407729939
IND509203AAA,1,1,2,0.0005948239929155128,0.0,0.0004573065083358992,37.0,1.7221931417583591,0.972972972972973,Bijnapally_nagar_D (Telangana),0.25416700062850306
IND784176AAA,1,1,2,0.006532938564026647,1.0,0.0005880157532428846,32.0,2.340768162864692,0.9375,Bishwanath_ChrliDPP_D (Assam),0.25415533581788385
IND847404AAB,2,1,3,0.0,0.6666666666666666,0.0006159361516599424,45.0,8.514769645002135,0.9555555555555556,Jhanjharpur_Nagar_D (Bihar),0.25412458597760496
IND422605AAA,1,2,3,2.2250274049208707e-06,0.3333333333333333,0.0002599978325583309,52.0,2.072981818905732,0.9807692307692307,Sangamner_JawanChk_D (Maharashtra),0.2541115343164678
IND401209AAA,1,1,2,0.0,0.0,0.00035065260418001756,58.0,6.030202354612518,0.9827586206896551,Mumbai_Virar_DC (Maharashtra),0.25406527561610015
IND208012AAA,1,1,2,0.0,0.0,0.0005261144361945277,33.0,43.903914950789954,0.9696969696969697,Kanpur_Central_D_7 (Uttar Pradesh),0.2539148104410984
IND396321AAA,2,2,4,0.0,0.0,0.0,98.0,1.9602537205358335,0.9897959183673469,Bilimora_DC (Gujarat),0.25390059224754413
IND600119AAA,2,1,3,0.0016373056994818651,0.0,0.0006558553036474857,18.0,3.075428153717627,0.9444444444444444,Chennai_Sholinganallur_Dc (Tamil Nadu),0.25385767870453807
IND410206AAB,1,1,2,0.0,0.0,0.00029315112015482523,68.0,2.822108779012121,0.9852941176470589,Mumbai_Panvel_D (Maharashtra),0.25367833463891687
IND466116AAA,1,1,2,0.0,1.0,0.0007083966789304774,44.0,2.400530822762892,0.9545454545454546,Ashta_ShantiNg_D (Madhya Pradesh),0.2533629609548213
IND385535AAA,1,1,2,0.0,1.0,0.0007021507301434527,66.0,2.0898309545063465,0.9545454545454546,Deesa_HawaiPlr_DC (Gujarat),0.2532520775634164
IND362265AAA,3,1,4,0.0,0.0,0.0,78.0,3.007912315604623,0.9871794871794872,Veraval_DC (Gujarat),0.2532464844512333
IND670643AAA,1,1,2,0.0032968171724648406,0.0,0.0007804539079824625,45.0,2.2250030216696883,0.9333333333333333,Kuthuparamba_IdstrlAr_D (Kerala),0.2529679774280977
IND245304AAA,2,2,4,0.0,1.0,0.000694148225112845,79.0,2.565019891583555,0.9367088607594937,Pilkhuwa_HapurRD_D (Uttar Pradesh),0.25295193711938835
IND465669AAB,1,1,2,0.0023715766099185786,0.0,0.0005684424662205748,21.0,1.620071436500008,0.9523809523809523,Narsinghgarh_Central_D_1 (Madhya Pradesh),0.25294765727731455
IND396191AAC,3,5,8,0.001785344189489267,0.1,0.0006970327977232572,85.0,2.2332318371310995,0.8941176470588236,Vapi_IndEstat_I (Gujarat),0.25292263223118927
IND600076AAB,2,2,4,0.0,1.0,0.0004950630578967771,40.0,2.3265863997114,0.95,Chennai_Madhavaram_DPC (Tamil Nadu),0.25274039283191724
IND625008AAA,5,3,8,0.0,0.0,0.0,60.0,1.897306121602969,0.95,Madurai_Kappalur_H (Tamil Nadu),0.25255376320319833
IND591123AAC,1,1,2,0.001777942264988897,0.0,0.0005653184382506009,43.0,1.6235363798060818,0.9534883720930233,Ramdurg_GndhiNGR_D (Karnataka),0.25251563507214697
IND500008AAF,0,1,1,0.0,0.0,0.00013889153251591156,38.0,2.9698222829801777,1.0,Hyderabad_South_D_4 (Telangana),0.25246572028148817
IND636352AAA,0,1,1,0.0,0.0,0.00013889153251591156,5.0,1.6037671957671957,1.0,Thoppur_HghsclRD_D (Tamil Nadu),0.25246572028148817
IND421502AAA,0,1,1,0.0,0.0,0.00013889153251591156,33.0,3.736245656700202,1.0,Mumbai_Ambernath_Dc (Maharashtra),0.25246572028148817
IND671315AAA,0,1,1,0.0,0.0,0.00013889153251591156,2.0,8.01923076923077,1.0,Kanhangad_Arangadi_D (Kerala),0.25246572028148817
IND673573AAA,0,1,1,0.0,0.0,0.00013889153251591156,24.0,1.6423688987659577,1.0,Thamarassery_Chungam_D (Kerala),0.25246572028148817
IND177001AAA,0,1,1,0.0,0.0,0.00013889153251591156,7.0,1.8615917458710347,1.0,Hamirpur_GutmgrCl_D (Himachal Pradesh),0.25246572028148817
IND174021AAA,0,1,1,0.0,0.0,0.00013889153251591156,12.0,2.0948292644988045,1.0,Ghumarwin_Gndhichk_D (Himachal Pradesh),0.25246572028148817
IND679329AAA,0,1,1,0.0,0.0,0.00013889153251591156,6.0,1.683177008177008,1.0,Nilambur_StteHW28_D (Kerala),0.25246572028148817
IND688524AAA,0,1,1,0.0,0.0,0.00013889153251591156,21.0,2.459891027936141,1.0,Cherthala_Mulapali_D (Kerala),0.25246572028148817
IND262405AAA,0,1,1,0.0,0.0,0.00013889153251591156,3.0,5.6474175035868015,1.0,Sitarganj_SidculRd_D (Uttarakhand),0.25246572028148817
IND695012AAB,0,1,1,0.0,0.0,0.00013889153251591156,3.0,3.636796536796537,1.0,Trivandrum_Mnanthla_D (Kerala),0.25246572028148817
IND110077AAA,0,1,1,0.0,0.0,0.00013889153251591156,1.0,1.3333333333333333,1.0,Delhi_Palam (Delhi),0.25246572028148817
IND792130AAB,0,1,1,0.0,0.0,0.00013889153251591156,83.0,3.327632835991503,1.0,Khonsa_Central_D_1 (Arunachal Pradesh),0.25246572028148817
IND791125AAB,0,1,1,0.0,0.0,0.00013889153251591156,16.0,2.0346229403019094,1.0,Likabali_ZoomCDPP_D (Arunachal Pradesh),0.25246572028148817
IND500039AAB,0,1,1,0.0,0.0,0.00013889153251591156,4.0,3.0,1.0,Hyd_Uppal_Dc (Telangana),0.25246572028148817
IND500032AAA,0,1,1,0.0,0.0,0.00013889153251591156,12.0,1.9763558201058202,1.0,Hyd_Chandanagar_Dc (Telangana),0.25246572028148817
IND500018AAA,0,1,1,0.0,0.0,0.00013889153251591156,4.0,3.7770833333333336,1.0,Hyderabad_PndrgNgr_DC (Telangana),0.25246572028148817
IND395010AAB,0,1,1,0.0,0.0,0.00013889153251591156,1.0,1.4375,1.0,Surat_Brpc (Gujarat),0.25246572028148817
IND202001AAC,0,1,1,0.0,0.0,0.00013889153251591156,16.0,2.8866071428571427,1.0,Aligarh_Central_D_2 (Uttar Pradesh),0.25246572028148817
IND754160AAA,0,1,1,0.0,0.0,0.00013889153251591156,1.0,2.0,1.0,Tirtol_Central_D_2 (Orissa),0.25246572028148817
IND144527AAA,0,1,1,0.0,0.0,0.00013889153251591156,8.0,2.1532560032560033,1.0,Garhshnker_Jagrata_D (Punjab),0.25246572028148817
IND757024AAA,0,1,1,0.0,0.0,0.00013889153251591156,2.0,1.8659680088251518,1.0,Sankerko_AmbkaDPP_D (Orissa),0.25246572028148817
IND203001AAA,0,1,1,0.0,0.0,0.00013889153251591156,5.0,3.5412587412587415,1.0,Bulndshahr_Ymunpurm_D (Uttar Pradesh),0.25246572028148817
IND690537AAA,0,1,1,0.0,0.0,0.00013889153251591156,1.0,2.071428571428572,1.0,Kayamkulam_Bhrnikvu_D (Kerala),0.25246572028148817
IND431001AAB,0,1,1,0.0,0.0,0.00013889153251591156,33.0,3.5047138047138047,1.0,Aurangabad_Pratpngr_D (Maharashtra),0.25246572028148817
IND462021AAA,0,1,1,0.0,0.0,0.00013889153251591156,1.0,6.727272727272728,1.0,Bhopal_Indrapri_DC (Madhya Pradesh),0.25246572028148817
IND444602AAA,0,1,1,0.0,0.0,0.00013889153251591156,84.0,2.1874012620188923,1.0,Amravati_DC (Maharashtra),0.25246572028148817
IND211010AAB,0,1,1,0.0,0.0,0.00013889153251591156,1.0,4.0,1.0,Allahabad_Mirapati_L (Uttar Pradesh),0.25246572028148817
IND211008AAA,0,1,1,0.0,0.0,0.00013889153251591156,18.0,19.821362433862433,1.0,Allahabad_Central_D_3 (Uttar Pradesh),0.25246572028148817
IND400016AAA,0,1,1,0.0,0.0,0.00013889153251591156,1.0,1.8,1.0,Mumbai Mahim (Maharashtra),0.25246572028148817
IND400072AAC,0,1,1,0.0,0.0,0.00013889153251591156,34.0,3.162267634326458,1.0,BOM_Sakinaka_RP (Maharashtra),0.25246572028148817
IND741121AAA,0,1,1,0.0,0.0,0.00013889153251591156,1.0,2.789473684210526,1.0,Badkulla_Central_DPP_1 (West Bengal),0.25246572028148817
IND176215AAA,0,1,1,0.0,0.0,0.00013889153251591156,4.0,1.8095108695652173,1.0,Dharamshala_GrudwrRd_D (Himachal Pradesh),0.25246572028148817
IND141010AAA,0,1,1,0.0,0.0,0.00013889153251591156,1.0,1.818181818181818,1.0,Ludhiana_DC (Punjab),0.25246572028148817
IND380021AAA,0,1,1,0.0,0.0,0.00013889153251591156,63.0,4.606311589644923,1.0,AMD_Rakhial (Gujarat),0.25246572028148817
IND311301AAA,0,1,1,0.0,0.0,0.00013889153251591156,12.0,5.073610374761691,1.0,Asind_BsStdDPP_D (Rajasthan),0.25246572028148817
IND600083AAA,0,1,1,0.0,0.0,0.00013889153251591156,2.0,2.035714285714286,1.0,Chennai_AshokNagar_DC (Tamil Nadu),0.25246572028148817
IND600073AAA,0,1,1,0.0,0.0,0.00013889153251591156,2.0,1.8714285714285714,1.0,Chennai_Selaiyur_DC (Tamil Nadu),0.25246572028148817
IND380006AAB,0,1,1,0.0,0.0,0.00013889153251591156,54.0,2.9929272887606224,1.0,Ahmedabad_Mithakal_D (Gujarat),0.25246572028148817
IND562159AAA,0,1,1,0.0,0.0,0.00013889153251591156,20.0,2.54031498211933,1.0,Ramanagara_BMRd_DC (Karnataka),0.25246572028148817
IND791110AAA,0,1,1,0.0,0.0,0.00013889153251591156,2.0,3.607638888888889,1.0,Naharlagun_JmpuCntr_D (Arunachal Pradesh),0.25246572028148817
IND560099AAH,0,1,1,0.0,0.0,0.00013889153251591156,1.0,1.7647058823529411,1.0,Bengaluru_South_D_20 (Karnataka),0.25246572028148817
IND560099AAG,0,1,1,0.0,0.0,0.00013889153251591156,2.0,1.8035714285714286,1.0,Bengaluru_Bomsndra_L (Karnataka),0.25246572028148817
IND791109AAA,0,1,1,0.0,0.0,0.00013889153251591156,2.0,3.882591093117409,1.0,Nirjuli_BageDPP_D (Arunachal Pradesh),0.25246572028148817
IND790001AAB,0,1,1,0.0,0.0,0.00013889153251591156,8.0,6.2273486134691565,1.0,Bomdila_CTRoad_D (Arunachal Pradesh),0.25246572028148817
IND783370AAB,0,1,1,0.0,0.0,0.00013889153251591156,6.0,2.291269841269841,1.0,Kokrajhar_HplrdDPP_D (Assam),0.25246572028148817
IND530018AAA,0,1,1,0.0,0.0,0.00013889153251591156,1.0,4.375,1.0,Vizag _NAD (Andhra Pradesh),0.25246572028148817
IND530026AAA,0,1,1,0.0,0.0,0.00013889153251591156,16.0,2.291207837301587,1.0,Vizag_Gajuwaka (Andhra Pradesh),0.25246572028148817
IND752030AAA,0,1,1,0.0,0.0,0.00013889153251591156,2.0,1.6,1.0,Balugaon_Thikiri_D (Orissa),0.25246572028148817
IND751014AAA,0,1,1,0.0,0.0,0.00013889153251591156,6.0,4.824404761904762,1.0,Bhubaneswar_BjbNgr_DC (Orissa),0.25246572028148817
IND751021AAA,0,1,1,0.0,0.0,0.00013889153251591156,1.0,3.2,1.0,Bhubaneswar_Patia (Orissa),0.25246572028148817
IND826001AAC,0,1,1,0.0,0.0,0.00013889153251591156,2.0,2.5555555555555554,1.0,Dhanbad_Central_D_4 (Jharkhand),0.25246572028148817
IND250221AAA,0,1,1,0.0,0.0,0.00013889153251591156,1.0,3.125,1.0,Daurala_Sardhnrd_D (Uttar Pradesh),0.25246572028148817
IND122002AAD,0,1,1,0.0,0.0,0.00013889153251591156,7.0,2.3392290249433105,1.0,Gurgaon_Central_D_15 (Haryana),0.25246572028148817
IND505326AAA,0,1,1,0.0,0.0,0.00013889153251591156,2.0,2.78921568627451,1.0,Koratla_BhemuDPP_D (Telangana),0.25246572028148817
IND000000AFR,0,1,1,0.0,0.0,0.00013889153251591156,24.0,2.205886937136937,1.0,Cochin_PanditRd_D (Kerala),0.25246572028148817
IND000000AAQ,0,1,1,0.0,0.0,0.00013889153251591156,4.0,5.416666666666667,1.0,Barasat_KrshnNgr_D (West Bengal),0.25246572028148817
IND792001AAA,1,2,3,0.0005951147298297557,0.6666666666666666,0.0008652530418317825,14.0,2.346907298995925,0.9285714285714286,Tezu_Farmnala_D (Arunachal Pradesh),0.2524596857726809
IND413304AAA,2,2,4,0.0011902294596595113,0.3333333333333333,0.0009233090486624024,69.0,1.746899316464534,0.9130434782608695,Pandharpur_RajCmplx_D (Maharashtra),0.25241394161073305
IND621112AAA,1,1,2,0.0,0.0,0.0,1.0,6.458333333333333,1.0,Tiruchi_Samyaprm_D (Tamil Nadu),0.2521505373843855
IND626123AAA,1,1,2,0.0,0.0,0.0,34.0,1.554312644550227,1.0,Sivakasi_Msstreet_DC (Tamil Nadu),0.2521505373843855
IND624202AAA,1,1,2,0.0,0.0,0.0,14.0,2.352484472049689,1.0,Batlagundu_RTOofice_D (Tamil Nadu),0.2521505373843855
IND627401AAA,1,1,2,0.0,0.0,0.0,26.0,2.9489931009161774,1.0,Ambasamdrm_Solaiprm_D (Tamil Nadu),0.2521505373843855
IND811307AAA,0,2,2,0.0,0.0,0.0,5.0,1.9921008403361342,1.0,Jamui_Mehsouri_D (Bihar),0.2521505373843855
IND812002AAA,1,1,2,0.0,0.0,0.0,36.0,3.743354678480865,1.0,Bhagalpur_Pbroad_DC (Bihar),0.2521505373843855
IND813102AAA,0,2,2,0.0,0.0,0.0,37.0,2.225313582007955,1.0,Banka_Wardno6_D (Bihar),0.2521505373843855
IND363421AAB,1,1,2,0.0,0.0,0.0,31.0,2.3586202222824615,1.0,Limbdi_Busstand_D (Gujarat),0.2521505373843855
IND627756AAA,1,1,2,0.0,0.0,0.0,34.0,1.8432777261102071,1.0,Sankaran_Kovil_D (Tamil Nadu),0.2521505373843855
IND638001AAA,1,1,2,0.0,0.0,0.0,3.0,2.133986928104575,1.0,Erode (Tamil Nadu),0.2521505373843855
IND614616AAA,1,1,2,0.0,0.0,0.0,29.0,1.950830392071886,1.0,Aranthangi_HsptlRod_D (Tamil Nadu),0.2521505373843855
IND643001AAA,1,1,2,0.0,0.0,0.0,18.0,2.576994995744996,1.0,Ooty_Davisdle_D (Tamil Nadu),0.2521505373843855
IND231205AAA,1,1,2,0.0,0.0,0.0,3.0,2.9476190476190474,1.0,Chopan_PreetDPP_D (Uttar Pradesh),0.2521505373843855
IND231217AAA,1,1,2,0.0,0.0,0.0,14.0,2.8030015514977924,1.0,Renukoot_Govind_D (Uttar Pradesh),0.2521505373843855
IND231225AAB,1,1,2,0.0,0.0,0.0,7.0,1.6767480667480668,1.0,Anpara_Parasi_D (Uttar Pradesh),0.2521505373843855
IND803101AAA,1,1,2,0.0,0.0,0.0,18.0,2.578713429816371,1.0,BiharSarif_Soghra_D (Bihar),0.2521505373843855
IND803116AAA,1,1,2,0.0,0.0,0.0,26.0,2.4816353589430515,1.0,Rajgir_PnditNGR_D (Bihar),0.2521505373843855
IND803213AAA,0,2,2,0.0,0.0,0.0,10.0,2.382751603441259,1.0,Barh_Malahi_D (Bihar),0.2521505373843855
IND804420AAA,1,1,2,0.0,0.0,0.0,33.0,4.000504207121854,1.0,Jehanabad_Madarpur_D (Bihar),0.2521505373843855
IND805110AAD,1,1,2,0.0,0.0,0.0,9.0,2.43787306430327,1.0,Nawada_Central_DPP_2 (Bihar),0.2521505373843855
IND811105AAA,1,1,2,0.0,0.0,0.0,6.0,6.931386514719848,1.0,Sheikhpura_Bgwtichk_D (Bihar),0.2521505373843855
IND411017AAA,1,1,2,0.0,0.0,0.0,4.0,2.5177197802197804,1.0,PNQ Rahatani DPC (Maharashtra),0.2521505373843855
IND302006AAA,1,1,2,0.0,0.0,0.0,25.0,4.029949494949495,1.0,Jaipur (Rajasthan),0.2521505373843855
IND302006AAC,1,1,2,0.0,0.0,0.0,2.0,4.291666666666666,1.0,Jaipur_Central_D_10 (Rajasthan),0.2521505373843855
IND401501AAA,1,1,2,0.0,0.0,0.0,49.0,3.26490953343216,1.0,Boisar_OstwlEmp_D (Maharashtra),0.2521505373843855
IND401602AAA,1,1,2,0.0,0.0,0.0,29.0,6.821781338313827,1.0,Dahanu_KetyDPP_D (Maharashtra),0.2521505373843855
IND627117AAA,1,1,2,0.0,0.0,0.0,22.0,2.5357983682983685,1.0,Vallior_Radhaprm_D (Tamil Nadu),0.2521505373843855
IND402107AAA,1,1,2,0.0,0.0,0.0,69.0,2.676682194616977,1.0,Pen_BljiMrkt_D (Maharashtra),0.2521505373843855
IND403002AAA,1,1,2,0.0,0.0,0.0,3.0,2.0595238095238098,1.0,Central Goa (Goa),0.2521505373843855
IND403601AAA,1,1,2,0.0,0.0,0.0,10.0,2.7294322344322346,1.0,Goa_Margao_Dc (Goa),0.2521505373843855
IND403401AAA,1,1,2,0.0,0.0,0.0,6.0,6.330406354438906,1.0,Goa_Ponda_Dc (Goa),0.2521505373843855
IND733202AAB,1,1,2,0.0,0.0,0.0,1.0,1.3225806451612905,1.0,Islampure_ShbdnDPP_D (West Bengal),0.2521505373843855
IND396445AAA,1,1,2,0.0,0.0,0.0,21.0,1.9417233560090703,1.0,Navsari_DC (Gujarat),0.2521505373843855
IND796009AAA,1,1,2,0.0,0.0,0.0,13.0,6.569240578542904,1.0,Aizawl_HunthrVg_I (Mizoram),0.2521505373843855
IND796321AAB,1,1,2,0.0,0.0,0.0,8.0,5.5663226938502675,1.0,Champhai_AwmpiVng_D (Mizoram),0.2521505373843855
IND486886AAA,1,1,2,0.0,0.0,0.0,7.0,2.5743537414965987,1.0,Singrauli_Waidhan_D (Madhya Pradesh),0.2521505373843855
IND395001AAA,1,1,2,0.0,0.0,0.0,15.0,10.201880341880342,1.0,Surat_Central_D_9 (Gujarat),0.2521505373843855
IND395004AAB,1,1,2,0.0,0.0,0.0,7.0,5.958189033189034,1.0,Surat_Central_D_3 (Gujarat),0.2521505373843855
IND395006AAA,1,1,2,0.0,0.0,0.0,3.0,28.869444444444444,1.0,Surat_Varachha_DC (Gujarat),0.2521505373843855
IND524132AAA,1,1,2,0.0,0.0,0.0,28.0,1.7850645429449776,1.0,Venktagiri_TirupthiRd_D (Andhra Pradesh),0.2521505373843855
IND493445AAB,1,1,2,0.0,0.0,0.0,1.0,14.40983606557377,1.0,Mahasamund_RajpurRD_D (Chhattisgarh),0.2521505373843855
IND360370AAA,1,1,2,0.0,0.0,0.0,1.0,2.4615384615384617,1.0,Jetpur_DC (Gujarat),0.2521505373843855
IND360410AAA,1,1,2,0.0,0.0,0.0,2.0,2.824175824175825,1.0,Dhoraji_JmnvadRd_DC (Gujarat),0.2521505373843855
IND360490AAA,1,1,2,0.0,0.0,0.0,20.0,2.685222569097569,1.0,Upleta_AdrshSt_DC (Gujarat),0.2521505373843855
IND516101AAA,1,1,2,0.0,0.0,0.0,69.0,3.4560631519988796,1.0,Koduru_MGRoad_D (Andhra Pradesh),0.2521505373843855
IND516115AAA,1,1,2,0.0,0.0,0.0,135.0,2.582818647099693,1.0,Rajampet_RSRoad_D (Andhra Pradesh),0.2521505373843855
IND261001AAA,1,1,2,0.0,0.0,0.0,59.0,2.102913842344064,1.0,Sitapur_Chowk_D (Uttar Pradesh),0.2521505373843855
IND262701AAA,1,1,2,0.0,0.0,0.0,40.0,2.6086688842203545,1.0,Lakhimpur_Maheva_D (Uttar Pradesh),0.2521505373843855
IND262802AAA,1,1,2,0.0,0.0,0.0,63.0,2.743939784460203,1.0,Gola_BkgnRoad_D (Uttar Pradesh),0.2521505373843855
IND271201AAA,1,1,2,0.0,0.0,0.0,18.0,2.5224206349206346,1.0,Balrampur_PBRDDPP_D (Uttar Pradesh),0.2521505373843855
IND517583AAA,1,1,2,0.0,0.0,0.0,127.0,2.3108033370828647,1.0,Puttur_Artmclny_D (Andhra Pradesh),0.2521505373843855
IND517644AAA,1,1,2,0.0,0.0,0.0,30.0,2.136983144134847,1.0,Sriklahsti_SDKNgr_D (Andhra Pradesh),0.2521505373843855
IND441206AAB,0,2,2,0.0,0.0,0.0,50.0,3.0028112998113,1.0,Brahmapuri_DhnliRth_D (Maharashtra),0.2521505373843855
IND442101AAB,1,1,2,0.0,0.0,0.0,30.0,3.089553028813865,1.0,Deoli_Central_DPP_2 (Maharashtra),0.2521505373843855
IND609001AAA,1,1,2,0.0,0.0,0.0,36.0,2.023677735021551,1.0,Mylduthuri_Thiruviz_D (Tamil Nadu),0.2521505373843855
IND614018AAA,1,1,2,0.0,0.0,0.0,29.0,3.3190295967992993,1.0,Mannargudi_Vadasari_D (Tamil Nadu),0.2521505373843855
IND841424AAA,0,2,2,0.0,0.0,0.0,33.0,3.168545435446646,1.0,Chhapra_Prbhunth_D (Bihar),0.2521505373843855
IND000000AFF,1,1,2,0.0,0.0,0.0,3.0,4.5964912280701755,1.0,Darjeeling_Hillcard_DC (West Bengal),0.2521505373843855
IND361315AAA,1,1,2,0.0,0.0,0.0,22.0,1.5907382724227643,1.0,Bhatiya_Kalyanpr_D (Gujarat),0.2521505373843855
IND581119AAB,1,1,2,0.0,1.0,0.0007696172834211993,54.0,1.8394775581369784,0.9444444444444444,Ukkadagatri_Tuminkte_D (Karnataka),0.2519245486354419
IND561203AAB,1,1,2,0.0,1.0,0.0007535987847414678,36.0,1.5946198092031425,0.9444444444444444,Doddablpur_ChikaDPP_D (Karnataka),0.25164017463248595
IND521185AAA,2,2,4,0.0005951147298297557,0.0,0.000814189721163026,37.0,2.136327862925226,0.918918918918919,Nandigama_Chndrlpd_D (Andhra Pradesh),0.25129057652825937
IND792121AAB,1,1,2,0.0,0.0,0.0005634617555480043,23.0,11.324341037216097,0.9565217391304348,Jairampur_Mdiclcly_D (Arunachal Pradesh),0.25128402415804063
IND505184AAC,2,2,4,7.401924500370096e-07,1.0,0.000671583869071123,29.0,2.2170420423887136,0.9310344827586207,Manthani_Chaitnya_D (Telangana),0.251133575728389
IND504293AAA,2,2,4,0.0008171724648408584,1.0,0.0006719914974390412,41.0,1.865865711217524,0.926829268292683,Asifabad_PaikjNGR_D (Telangana),0.2509881603698929
IND110078AAA,1,1,2,0.0,0.0,0.0004124694791485773,28.0,3.1528518458665515,0.9642857142857143,Janakpuri (Delhi),0.250544474723384
IND614620AAA,1,1,2,0.0,0.0,0.0,154.0,2.107438304840902,0.9935064935064936,Manamelkudi_TmpleSrt_D (Tamil Nadu),0.2505271607626322
IND518501AAA,1,1,2,0.0005951147298297557,1.0,0.0003339650365934478,30.0,1.8163902532387406,0.9666666666666667,Nandyal_SrnvsNgr_D (Andhra Pradesh),0.2504010814329168
IND605601AAA,3,3,6,0.006817172464840858,0.0,0.0013654279829258037,95.0,1.8874285011972904,0.8315789473684211,Villupuram_Thirumtr_IP (Tamil Nadu),0.25039136374839077
IND312605AAB,2,2,4,0.0028230940044411544,0.3333333333333333,0.0011779645468565929,66.0,2.36982486515036,0.8787878787878788,Pratapgarh_Nimachrd_D (Rajasthan),0.25016820597441225
IND474003AAA,8,6,14,0.014016294808078665,0.10606060606060606,0.00228222883198077,352.0,1.527404362026627,0.6647727272727273,Gwalior_HrihrNgr_I (Madhya Pradesh),0.2500940530322525
IND691551AAA,2,1,3,0.0032997779422649885,0.3333333333333333,0.0006974266364689958,74.0,2.550542783611669,0.918918918918919,Adoor_Town_D (Kerala),0.25004419970861724
IND361001AAA,0,1,1,0.0,0.0,0.0,48.0,2.2335221734892787,1.0,Jamnagar_Dc (Gujarat),0.24999999974999998
IND442001AAA,0,1,1,0.0,0.0,0.0,5.0,3.62967032967033,1.0,Wardha_RamaNgr_D (Maharashtra),0.24999999974999998
IND517325AAA,0,1,1,0.0,0.0,0.0,1.0,2.15625,1.0,Madnapalle_PngnrRd_D (Andhra Pradesh),0.24999999974999998
IND441614AAA,0,1,1,0.0,0.0,0.0,18.0,2.341460944647219,1.0,Gondia_RamNgr_D (Maharashtra),0.24999999974999998
IND844101AAB,0,1,1,0.0,0.0,0.0,1.0,2.611111111111111,1.0,Hajipur_ThaneDPP_D (Bihar),0.24999999974999998
IND768201AAA,0,1,1,0.0,0.0,0.0,2.0,8.333333333333334,1.0,Jharsuguda_MbRoad_D (Orissa),0.24999999974999998
IND734214AAB,0,1,1,0.0,0.0,0.0,3.0,3.1153846153846154,1.0,Mirik_WardNo3_D (West Bengal),0.24999999974999998
IND700136AAG,0,1,1,0.0,0.0,0.0,47.0,4.60793485163586,1.0,Kolkata_Narynpur_C (West Bengal),0.24999999974999998
IND801103AAA,0,1,1,0.0,0.0,0.0,11.0,3.0222816399286985,1.0,Bihta_ShivNgar_D (Bihar),0.24999999974999998
IND272207AAB,0,1,1,0.0,0.0,0.0,7.0,3.1462585034013606,1.0,Naugarh_Central_D_1 (Uttar Pradesh),0.24999999974999998
IND629179AAA,0,1,1,0.0,0.0,0.0,43.0,2.1834081540683044,1.0,Marthandam_Nallur_D (Tamil Nadu),0.24999999974999998
IND700065AAB,0,1,1,0.0,0.0,0.0,30.0,5.513951973951974,1.0,CCU_Beleghta_CP (West Bengal),0.24999999974999998
IND411033AAB,0,1,1,0.0,0.0,0.0,2.0,4.298701298701299,1.0,Pune_Chinchwad DC (Maharashtra),0.24999999974999998
IND364270AAA,0,1,1,0.0,0.0,0.0,4.0,1.9237251718869366,1.0,Palitana_STRdDPP_D (Gujarat),0.24999999974999998
IND501359AAG,0,1,1,0.0,0.0,0.0,22.0,2.983138200183655,1.0,Hyderabad_South_R_11 (Telangana),0.24999999974999998
IND733202AAC,0,1,1,0.0,0.0,0.0,1.0,2.1538461538461537,1.0,Islampure_Central_DPP_2 (West Bengal),0.24999999974999998
IND400072AAI,0,1,1,0.0,0.0,0.0,1.0,9.416666666666666,1.0,Mumbai_Chndivli_D (Maharashtra),0.24999999974999998
IND495004AAA,0,1,1,0.0,0.0,0.0,3.0,6.587761674718197,1.0,Bilaspur_Torwa_DC (Chhattisgarh),0.24999999974999998
IND492001AAB,0,1,1,0.0,0.0,0.0,8.0,3.029166666666667,1.0,Raipur_Katora_IP (Chhattisgarh),0.24999999974999998
IND614602AAA,0,1,1,0.0,0.0,0.0,16.0,1.5407744565217392,1.0,Pattukotai_anthniyr_D (Tamil Nadu),0.24999999974999998
IND841101AAA,0,1,1,0.0,0.0,0.0,3.0,4.714814814814814,1.0,Sonepur_Sabalpur_D (Bihar),0.24999999974999998
IND804452AAA,0,1,1,0.0,0.0,0.0,6.0,3.1136363636363633,1.0,Masaurhi_Blockrd_D (Bihar),0.24999999974999998
IND177203AAA,0,1,1,0.0,0.0,0.0,3.0,2.0205920205920207,1.0,Amb_Adrshngr_D (Himachal Pradesh),0.24999999974999998
IND637301AAA,0,1,1,0.0,0.0,0.0,10.0,1.9107155142758856,1.0,Sankari_Trchngrd_D (Tamil Nadu),0.24999999974999998
IND231208AAA,0,1,1,0.0,0.0,0.0,6.0,1.9302536231884055,1.0,Duddhi_MChwkDPP_D (Uttar Pradesh),0.24999999974999998
IND602001AAB,0,1,1,0.0,0.0,0.0,22.0,2.202095255965225,1.0,Kumbakonam_Mettu_DC (Tamil Nadu),0.24999999974999998
IND334001AAC,1,2,3,0.010720947446336046,0.3333333333333333,0.00037225748614742605,22.0,1.681962139285176,0.9090909090909091,Bikaner_ITICollg_L (Rajasthan),0.24998304203014166
IND560300AAB,3,4,7,2.9607698001480383e-06,0.3,0.0007996520454986841,129.0,1.7346027274627847,0.8914728682170543,Bangalore_East_I_20 (Karnataka),0.2499708043235424
IND500010AAA,3,3,6,0.0011902294596595113,0.3333333333333333,0.0016002545949143604,37.0,3.10743349662787,0.8378378378378378,Hyderabad_Alwal_I (Telangana),0.24993131947709668
IND500010AAB,1,1,2,0.0,0.0,0.00043342435038341636,175.0,2.5393527962521567,0.96,Hyderabad_Alwal_L (Telangana),0.24984505483708766
IND421401AAC,1,1,2,0.0005933406413122322,1.0,0.00037158463149963427,26.0,4.114434506544235,0.9615384615384616,Murbad_SnkunDPP_D (Maharashtra),0.24978493242503164
IND581325AAA,2,1,3,0.0,0.3333333333333333,0.0007492923447465876,42.0,1.8487013633902238,0.9285714285714286,Dandeli_RKComplx_D (Karnataka),0.24974600671968036
IND742149AAA,0,2,2,0.0,1.0,0.00013889153251591156,49.0,3.4582170097476217,0.9795918367346939,Murshidabad_Sirjudol_D (West Bengal),0.24951421710464913
IND695121AAA,1,2,3,0.0,0.6666666666666666,0.00026650306976798313,26.0,2.0861234918927227,0.9615384615384616,Neyatinkra_Arlumodu_D (Kerala),0.24941687941299542
IND721212AAA,0,1,1,0.0,0.0,0.00013889153251591156,79.0,2.3879374610387267,0.9873417721518988,Ghatal_KrshDPP_D (West Bengal),0.24930116332262742
IND573116AAA,1,3,4,0.0029563197453381968,0.3333333333333333,0.0004189582990489374,28.0,2.007519104140704,0.9285714285714286,Channaraya_patna_D (Karnataka),0.24928621174274426
IND391110AAD,1,2,3,0.0,1.0,0.00041678795691834584,20.0,3.3623056110556115,0.95,Dabhoi_Central_DPP_3 (Gujarat),0.24920024907762867
IND721501AAC,1,2,3,0.0,1.0,0.0003436234780249531,22.0,1.9611641511333524,0.9545454545454546,AmaDubi_Bulabeda_D (West Bengal),0.24903773469981072
IND305802AAA,1,1,2,0.002376017764618801,0.0,0.0008488155327553602,12.0,2.197836855173812,0.9166666666666666,Kishangarh_Central_D_2 (Rajasthan),0.24900139523310277
IND786184AAA,1,2,3,0.0,1.0,0.00047296820098009134,18.0,2.364824835658169,0.9444444444444444,Chabua_CollgeRD_D (Assam),0.24880871963125364
IND722122AAA,2,1,3,0.0,1.0,0.0005704560725399494,48.0,1.920208482963501,0.9375,Bishnupur_StnRdDPP_D (West Bengal),0.24880329607440235
IND611001AAA,1,1,2,0.006664692820133235,0.0,0.0006777992791728174,11.0,2.319890077243018,0.9090909090909091,Nagapttinm_Sttyapar_D (Tamil Nadu),0.24879199922503634
IND132001AAA,2,3,5,0.0005940823171138725,0.6666666666666666,0.0004828067986503763,13.0,3.9732532059157446,0.9230769230769231,Karnal (Haryana),0.24859648753009728
IND524101AAB,1,1,2,0.0,0.0,0.0,64.0,2.0880455081431197,0.984375,Gudur_Bngisheb_D (Andhra Pradesh),0.2482442873882917
IND303106AAA,1,2,3,0.0016402664692820132,0.3333333333333333,0.0002569588042254711,20.0,1.886237717734622,0.95,Paota_SmClyDPP_D (Rajasthan),0.24816827684173323
IND132103AAB,1,2,3,0.0,1.0,0.00029298553277763505,22.0,3.790591373423625,0.9545454545454546,Panipat_PC (Haryana),0.24813876685773306
IND758034AAA,1,3,4,0.0,1.0,0.00040641435227176174,16.0,1.9696667060853792,0.9375,Joda_Central_D_1 (Orissa),0.2480416256687507
IND380005AAA,1,3,4,0.0011902294596595113,1.0,0.0004414709548084917,14.0,3.587517839303554,0.9285714285714286,Amd_Chandkheda_Dc (Gujarat),0.24774192982003992
IND402109AAA,1,1,2,0.0,0.0,0.0,113.0,2.1404212061291705,0.9823008849557522,Roha_DataSagr_D (Maharashtra),0.24772575862774826
IND829122AAA,1,1,2,0.001188164634227745,0.0,0.0003473445252968367,42.0,1.8258087849706601,0.9523809523809523,Ramgarh_HotelPrk_D (Jharkhand),0.24771995035614722
IND757037AAA,3,2,5,0.0,1.0,0.0011340384845407515,56.0,2.6511795700082854,0.875,Karanjia_Sarubali_D (Orissa),0.24748456533487323
IND441912AAA,1,1,2,0.0,0.0,0.0,107.0,2.8340035613400096,0.9813084112149533,Bhandara_KaremDPP_D (Maharashtra),0.24747764019279667
IND577598AAC,1,1,2,0.0,1.0,0.0003727001120178099,22.0,1.8641129072947253,0.9545454545454546,Hiriyur_TahurDPP_D (Karnataka),0.24740339018479007
IND431517AAB,1,1,2,0.0032574401208041548,0.0,0.0005542633743988503,151.0,2.557033940171547,0.9271523178807947,Ambajogai_BnsllNgr_D (Maharashtra),0.2473638544242273
IND504208AAB,3,2,5,7.401924500370096e-07,1.0,0.00083516124445564,19.0,2.019220220242853,0.8947368421052632,Mancherial_Hitech_D (Telangana),0.24711366780351712
IND121004AAA,1,1,2,0.0,0.0,0.0004179445097210154,20.0,2.8864213564213563,0.95,Faridabad_Blbgarh_DC (Haryana),0.24707024355156995
IND271210AAA,2,1,3,0.0,0.0,0.0,69.0,3.2429167005947765,0.9710144927536232,Tulsipur_Central_DPP_1 (Uttar Pradesh),0.2470546982144231
IND638701AAA,1,1,2,0.0,0.0,0.0,49.0,3.0223857208551084,0.9795918367346939,Kangayam_Thvlrsrt_D (Tamil Nadu),0.24704849657316094
IND224141AAB,1,1,2,0.0,0.0,0.0,49.0,3.5155776596352823,0.9795918367346939,Gosainganj_Pakrela_D (Uttar Pradesh),0.24704849657316094
IND781014AAA,0,2,2,0.0,0.0,0.00013889153251591156,33.0,2.4773098954917137,0.9696969696969697,Guwahati_Jalukbari (Assam),0.24704050034769182
IND332713AAA,1,2,3,0.0011926146890375866,0.0,0.0005228755129761547,14.0,2.129368336977033,0.9285714285714286,NeemKaThana_War5DPP_D (Rajasthan),0.24703918052503632
IND802158AAB,2,1,3,0.0,0.6666666666666666,0.000725403687589651,37.0,3.2881843356436993,0.918918918918919,Jagdishpur_Wardno13_D (Bihar),0.24690878756374188
IND713364AAB,1,1,2,0.0016391035216250414,0.0,0.00041339209557857967,52.0,2.242698380482936,0.9423076923076923,Rupnarayanpur_Salanpur_D (West Bengal),0.24687051896643208
IND422011AAD,2,4,6,0.008433752775721687,0.3,0.0013078477613149783,161.0,2.7943978088450607,0.8136645962732919,Nashik_TgrniaRD_I (Maharashtra),0.246669942180256
IND462011AAA,1,1,2,0.0,0.0,0.0006290374255206057,15.0,2.7156177156177157,0.9333333333333333,Bhopal MP Nagar (Madhya Pradesh),0.2466510777417885
IND843126AAA,2,2,4,0.0,1.0,0.000846650529007258,30.0,4.9309126984126985,0.9,Saraiya_Wardno4_D (Bihar),0.2464820724517166
IND68004AAA,2,2,4,0.0011902294596595113,0.3333333333333333,0.0008413758258300158,76.0,2.280379490963856,0.8947368421052632,Thrissur_Poothole_D (Kerala),0.24638273436825392
IND821307AAA,1,1,2,0.0,0.0,0.0006125265418597806,15.0,2.0860084033613444,0.9333333333333333,DehriSone_Dilliyan_D (Bihar),0.24635796250216185
IND506001AAC,0,2,2,0.0,1.0,0.00013889153251591156,30.0,1.9076808376808378,0.9666666666666667,Warangal_Central_D_2 (Telangana),0.24628292459087364
IND416510AAA,2,2,4,0.0011902294596595113,0.0,0.0007720440116347741,79.0,2.0891266093864576,0.8987341772151899,Sawantwadi_LaxmiNgr_D (Maharashtra),0.24615123085285928
IND473331AAA,1,1,2,0.0,1.0,0.0004623532255854924,35.0,4.920375565706077,0.9428571428571428,Ashokngr_Bypassrd_D (Madhya Pradesh),0.2460729105353873
IND530043AAA,1,2,3,0.0005951147298297557,0.0,0.00040448511262436063,31.0,2.0679267864751734,0.9354838709677419,Visakhapatnam_VislkNgr_DC (Andhra Pradesh),0.24600785247627446
IND422103AAC,1,2,3,0.0007906264045485458,0.0,0.0003086201227235032,51.0,1.995373907138613,0.9411764705882353,Sinnar_Central_D_1 (Maharashtra),0.24594432642533232
IND465683AAA,1,1,2,0.0017815052755399772,0.0,0.000622240566682089,39.0,1.6807681131886818,0.9230769230769231,Pachore_Shop3DPP_D (Madhya Pradesh),0.2459272246549006
IND641062AAD,7,8,15,0.0,0.0,0.0,320.0,2.0913330165722064,0.8625,Coimbatore_Karayam_H (Tamil Nadu),0.2457325266657717
IND621212AAA,2,1,3,0.0,0.0,0.0,29.0,1.9802060008956561,0.9655172413793104,Perambalur_goplpurm_D (Tamil Nadu),0.24568038537221923
IND425412AAA,4,4,8,5.181347150259067e-06,0.6666666666666666,0.00036443532056092793,29.0,2.6015370609936874,0.896551724137931,Nandurbar_DhuleRd_D (Maharashtra),0.24566716293996096
IND402301AAA,1,1,2,0.0,0.0,0.0,113.0,2.2162387570055677,0.9734513274336283,Mahad_Govndsgr_D (Maharashtra),0.24551336924942968
IND212601AAA,1,1,2,0.0011896479858310256,0.0,0.00042446842397889095,63.0,2.696717665241917,0.9365079365079365,Fatehpur_Kotwali_D (Uttar Pradesh),0.2451224981238029
IND500055AAC,0,1,1,0.0,0.0,0.00013889153251591156,34.0,2.8552521008403358,0.9705882352941176,Hyderabad_North_D_2 (Telangana),0.24511277911237053
IND121102AAA,1,1,2,0.0,0.0,0.0004285750993288289,51.0,3.481750246767349,0.9411764705882353,Palwal (Haryana),0.2450530844626707
IND571105AAA,0,2,2,0.0,1.0,0.00013889153251591156,26.0,7.866883771599245,0.9615384615384616,Hunsur_RatnaDPP_D (Karnataka),0.24500087331010442
IND335001AAA,1,1,2,0.005474463360473721,0.0,0.0006653997049933782,40.0,1.646558238058238,0.9,Ganga Nagar_DC (Rajasthan),0.24498905177237262
IND140001AAA,1,1,2,0.0005951147298297557,0.0,0.00029458583497258655,38.0,1.6659369858198596,0.9473684210526315,RoopNagar_ChotiHvl_DC (Punjab),0.24487742697800863
IND572201AAB,2,4,6,0.0008904515173945225,0.5,0.0007057114740189872,17.0,2.616756423936731,0.8823529411764706,Tiptur_YTRd_D (Karnataka),0.24484943822820726
IND628801AAA,1,1,2,0.0,0.0,0.0,34.0,1.5168534080298786,0.9705882352941176,Eral_Busstand_D (Tamil Nadu),0.2447975962152678
IND000000ACK,0,1,1,0.0,0.0,0.0,94.0,2.925590373497404,0.9787234042553191,Hyderabad_Chikdply_C (Telangana),0.24468085081914892
IND605010AAB,2,3,5,0.014038439573447413,0.0,0.0009392514812536207,38.0,1.7197612689632547,0.8157894736842105,Pondicherry_Vasanthm_I (Pondicherry),0.24467610040903462
IND400102AAC,1,2,3,0.0005948239929155128,0.0,0.0003579733362472531,90.0,4.810704031105347,0.9333333333333333,Mumbai_Jogshwri_I (Maharashtra),0.24464418146702566
IND600110AAA,1,2,3,0.0005948239929155128,0.0,0.0003765628947580752,44.0,1.8706206078532281,0.9318181818181818,Chennai_Madhavaram_L (Tamil Nadu),0.24459541123088124
IND362720AAA,1,1,2,0.0,0.0,0.0,66.0,2.119808894808895,0.9696969696969697,Kodinar_NCplxDPP_D (Gujarat),0.24457477981620362
IND722202AAA,1,2,3,0.0,1.0,0.00038275939065903354,15.0,1.6011640211640212,0.9333333333333333,Barjora_Central_DPP_1 (West Bengal),0.2444294783854386
IND411036AAA,1,1,2,0.0,0.0,0.0004238514476541363,98.0,2.391924661542831,0.9387755102040817,Pune_Mundhawa_L (Maharashtra),0.24436898608799185
IND000000ACN,1,1,2,0.0,0.0,0.0,32.0,2.8634087062855444,0.96875,Hyderabad_Mhdiptnm_C (Telangana),0.24433803739219795
IND400064AAB,0,2,2,0.0,0.0,0.00013889153251591156,24.0,3.9480796980796984,0.9583333333333334,Mumbai_MaladWest_CP (Maharashtra),0.24419959125962365
IND721134AAB,1,2,3,0.0017986676535899334,0.3333333333333333,0.0004892033492672831,36.0,1.825729300729301,0.9166666666666666,Kolaghat_Central_DPP_2 (West Bengal),0.24413229916229073
IND451666AAA,0,2,2,0.0,1.0,0.00013889153251591156,71.0,2.592268185999381,0.9577464788732394,Sendhwa_VishnuVhr_D (Madhya Pradesh),0.24405287764474687
IND282002AAD,6,5,11,0.00742905988093877,0.2777777777777778,0.0015702489752306094,122.0,1.7610500666887503,0.7459016393442623,IND282002AAD,0.24403438926542217
IND500050AAA,2,2,4,0.0016405868732283216,0.3333333333333333,0.0006191464485478083,79.0,3.4636535599332774,0.8987341772151899,Patancheru_Ameenpur_I (Telangana),0.2439325743546197
IND261201AAB,0,1,1,0.0,0.0,0.0,38.0,1.6896432366372802,0.9736842105263158,Biswan_PatelNGR_D (Uttar Pradesh),0.2434210523881579
IND414001AAA,1,3,4,0.0017838638045891931,0.6666666666666666,0.0004345607255106382,11.0,1.991451352245955,0.9090909090909091,AhmedNagar_DC (Maharashtra),0.24340254042438494
IND574221AAA,1,1,2,0.0,0.0,0.00046162564668730214,59.0,2.0210638595325685,0.9322033898305084,Kadaba_AnugrDPP_D (Karnataka),0.24339655568240987
IND263601AAA,1,3,4,0.0,1.0,0.00041447324622719586,36.0,2.3474561766198265,0.9166666666666666,Almora_SuzkiSrv_D (Uttarakhand),0.242976360675513
IND585222AAA,2,2,4,7.401924500370096e-07,0.0,0.0005976683965273737,83.0,1.6415317446943953,0.9036144578313253,Sedam_DBRCmplx_D (Karnataka),0.24296635921281162
IND151001AAA,6,4,10,0.011700962250185047,0.14285714285714285,0.0027556429829849417,221.0,1.5071148179065617,0.6470588235294118,Bhatinda_DPC (Punjab),0.2429193770892037
IND683565AAA,1,1,2,0.0,1.0,0.0005601063157575345,26.0,1.8332488024795717,0.9230769230769231,Kunnathund_Pringla_D (Kerala),0.24286325153401842
IND500080AAB,2,1,3,0.0,0.0,0.0004999693570870934,61.0,3.7725279658787287,0.9180327868852459,Hyderabad_Chikdply_I (Telangana),0.24268515272000832
IND500008AAC,1,2,3,0.0005948239929155128,0.0,0.0003832446851171008,26.0,4.83034058564995,0.9230769230769231,Hyderabad_Tolichwk_I (Telangana),0.24252871736917214
IND520011AAA,1,1,2,0.0,0.0,0.0004860663942274706,41.0,2.162780241438778,0.926829268292683,Vijayawada (Andhra Pradesh),0.24248691822223534
IND423701AAB,3,1,4,0.004894152479644707,0.8333333333333334,0.0011759911314591148,174.0,1.9188566796700506,0.8390804597701149,Vaijiapur_YeolaRD_D (Maharashtra),0.24248594344206523
IND327001AAB,1,1,2,0.001780903034789045,1.0,0.000517377882011184,12.0,1.4112400669356517,0.9166666666666666,Banswara_KhandDPP_D (Rajasthan),0.24246238616123572
IND602024AAA,1,2,3,0.0005948239929155128,1.0,0.00037208174774359894,26.0,2.553019699003862,0.9230769230769231,Chennai_Vepmpttu_DC (Tamil Nadu),0.2423305434173482
IND751015AAA,0,4,4,0.0,0.8333333333333334,0.00013889153251591156,30.0,2.101103896103896,0.9333333333333333,Bhubaneshwar_Nayapalli (Orissa),0.2422506665346446
IND562108AAA,1,1,2,0.0,1.0,0.0005953684974136569,12.0,2.4529912217412218,0.9166666666666666,Gauribidanur_Gurukrpa_D (Karnataka),0.2418866916517417
IND563131AAB,3,3,6,0.0008904515173945225,0.5,0.0011348676469763903,87.0,1.893804506151042,0.8390804597701149,Bangarapet_KolarRd_D (Karnataka),0.2416500630168758
IND203135AAA,1,2,3,2.0725388601036267e-05,0.3333333333333333,0.0003573394993322484,52.0,2.1035841304684286,0.9230769230769231,Jewar_SJRoad_D (Uttar Pradesh),0.24143691286254798
IND110085AAB,4,5,9,0.002379295971662051,0.06666666666666667,0.001164172110841767,56.0,2.8922139951551715,0.8035714285714286,Delhi_Rohini_DPC (Delhi),0.24138343552067393
IND423601AAA,3,2,5,0.00163539514261684,0.5,0.0006866041445338133,48.0,1.9843889328264328,0.875,Kopargaon_NkshtrPz_D (Maharashtra),0.2413414194760184
IND563125AAB,3,2,5,0.0016358253145817908,0.5,0.0005103646662713213,35.0,2.757770078507468,0.8857142857142857,Chintamani_Central_D_2 (Karnataka),0.2408917113876308
IND302020AAA,1,1,2,0.0,0.0,0.0,22.0,4.520684113865932,0.9545454545454546,Jaipur_VarunCly_DC (Rajasthan),0.24078690103211273
IND248001AAA,3,1,4,0.0016373056994818651,0.0,0.0007566398392358234,97.0,1.9422410501626683,0.8762886597938144,Dehradun (Uttarakhand),0.2407584829275528
IND639001AAA,0,1,1,0.0,0.0,0.0,27.0,1.6675392223928571,0.9629629629629629,Karur (Tamil Nadu),0.24074074049999997
IND148028AAA,0,2,2,0.0,0.0,0.00013889153251591156,36.0,1.8776893384059277,0.9444444444444444,Sunam_DC (Punjab),0.24072736904087363
IND121001AAA,1,1,2,0.0,0.0,0.0004099715675151553,40.0,2.8291666666666666,0.925,Faridabad (Haryana),0.24067870111144296
IND843105AAB,1,1,2,0.0,1.0,0.0005382875146232885,35.0,3.1168671679198,0.9142857142857143,Dholi_WardNo4_D (Bihar),0.24027810343651024
IND643212AAA,1,1,2,0.0,0.0,0.0,21.0,3.7803150232055436,0.9523809523809523,Gudalur_kalmpuza_D (Tamil Nadu),0.24024577549152829
IND395009AAA,1,1,2,0.0,0.0,0.0,21.0,7.894579304138129,0.9523809523809523,Surat_Central_D_12 (Gujarat),0.24024577549152829
IND223101AAB,1,1,2,0.0005995558845299778,0.0,0.00037488966910516125,13.0,2.116246072767812,0.9230769230769231,Shahganj_KcharaRD_D (Uttar Pradesh),0.2402350628097525
IND504215AAA,1,2,3,2.2250274049208707e-06,1.0,0.0006701002318847036,48.0,2.1504369863531414,0.8958333333333334,Luxettipet_ShivaDPP_D (Telangana),0.24015804632454388
IND627811AAA,1,1,2,0.0,0.0,0.0,20.0,1.8118135286613548,0.95,Tenkasi_RailwyRd_D (Tamil Nadu),0.23965053739688544
IND121004AAC,1,1,2,0.0,0.0,0.00044983627854445585,12.0,4.597222222222222,0.9166666666666666,Faridabad_MohnVRTL_D (Haryana),0.23930308001207812
IND606801AAB,1,1,2,0.0,0.0,0.0003269167768850823,39.0,2.335198222424493,0.9230769230769231,Chetpet_Blmrgnst_D (Tamil Nadu),0.23872347264821628
IND302004AAA,1,2,3,0.0,0.0,0.0,16.0,3.054410173160173,0.9375,Jaipur_NgrNigam_DC (Rajasthan),0.23867607503439595
IND303108AAB,0,1,1,0.0,0.0,0.00013889153251591156,18.0,1.820253451303503,0.9444444444444444,Kotputli_LXngrDPP_D (Rajasthan),0.23857683140648817
IND201304AAA,2,1,3,0.0,1.0,0.001121373829154496,21.0,2.2357600732600735,0.8571428571428571,Noida_Sec-83_DC (Uttar Pradesh),0.23849437062995896
IND140401AAA,2,3,5,0.0016358253145817908,0.5,0.0008777754649624878,20.0,2.035482757107757,0.85,Rajpura_DC (Punjab),0.23848572873501378
IND524003AAA,1,1,2,0.0,1.0,0.00035420053072710846,237.0,1.6897518444229964,0.919831223628692,Nellore_DC (Andhra Pradesh),0.23839641217409802
IND515801AAA,2,2,4,0.0011902294596595113,0.5,0.0011263032094011576,76.0,1.5930767576117768,0.8421052631578947,Guntakal_Verpatem_D (Andhra Pradesh),0.23828311272233338
IND680307AAA,1,2,3,0.0,0.3333333333333333,0.0002569588042254711,24.0,1.7768775206275207,0.9166666666666666,Chalakudy_SurbhiTh_D (Kerala),0.23802949279252103
IND533401AAA,1,2,3,0.0,1.0,0.0004514466160153741,72.0,2.2894693786413596,0.9027777777777778,Tuni_Eaglvari_D (Andhra Pradesh),0.23800998350715047
IND206122AAA,1,1,2,0.0005951147298297557,0.0,0.0004185525185060232,56.0,1.4713736834441746,0.9107142857142857,Auraiya_AryaNagr_D (Uttar Pradesh),0.23791465508005508
IND147001AAD,2,3,5,0.002082901554404145,0.16666666666666666,0.0005418300240080108,15.0,2.8165879269342793,0.8666666666666667,Patiala_GainMrkt_L (Punjab),0.23718050578908934
IND342602AAC,2,2,4,0.0011866812826244644,0.3333333333333333,0.0010066635130563596,13.0,1.766912539308896,0.8461538461538461,Bilara_Central_DPP_2 (Rajasthan),0.2371674073981494
IND141003AAB,0,3,3,0.0,1.0,0.00013889153251591156,51.0,1.6619220008493365,0.9215686274509803,Ludhiana_GillChwk_DC (Punjab),0.23715895243261206
IND416602AAC,1,1,2,0.0,0.0,0.0005228674039726005,82.0,2.2688349149519347,0.9024390243902439,Kankavali_NrdawDPP_D (Maharashtra),0.23704268005552012
IND305901AAA,1,2,3,0.001769059955588453,0.3333333333333333,0.0007515981512930442,23.0,2.0649288629017155,0.8695652173913043,Beawar_DC (Rajasthan),0.23698260303132002
IND126112AAA,0,1,1,0.0,0.0,0.00013889153251591156,64.0,2.5472008985791788,0.9375,Safidon_HatRDDPP_D (Haryana),0.23684072029711317
IND533308AAB,2,2,4,0.0,1.0,0.0007099275620021257,31.0,1.5682185049120534,0.8709677419354839,Mandapeta_Mainrd_D (Andhra Pradesh),0.23679678562940534
IND621010AAA,1,1,2,0.0,0.0,0.0,32.0,1.6853380994005993,0.9375,Thuraiyur_Mthrapuri_D (Tamil Nadu),0.23652553740001045
IND000000ABG,0,1,1,0.0,0.0,0.0,37.0,5.664558752058752,0.9459459459459459,Hyderabad_Bownplly_C (Telangana),0.23648648625
IND689650AAA,1,1,2,0.0,1.0,0.0002853983880322322,12.0,1.8923992673992673,0.9166666666666666,Kozhenchery_Cherukole_D (Kerala),0.23638383882115707
IND493118AAC,0,1,1,0.0,0.0,0.0,55.0,1.6088706243251698,0.9454545454545454,Bhatpara_TrengaRD_D (Chhattisgarh),0.2363636361272727
IND400102AAB,1,1,2,0.0,0.0,0.00035949767813637726,56.0,4.188667762728822,0.9107142857142857,Mumbai_Jogeshwri_L (Maharashtra),0.2362112171607203
IND600016AAB,0,1,1,0.0,0.0,0.0,90.0,2.306926006092673,0.9444444444444444,Chennai_Alandur_C (Tamil Nadu),0.23611111087499997
IND621211AAA,0,1,1,0.0,0.0,0.0,18.0,1.6020683020683022,0.9444444444444444,Musiri_ThryrRD_D (Tamil Nadu),0.23611111087499997
IND509301AAA,1,2,3,0.0016358253145817908,0.3333333333333333,0.0005278085969617108,51.0,2.0212764907749983,0.8823529411764706,Jadcherla_Badeplly_D (Telangana),0.23605997946875434
IND124141AAA,1,1,2,0.003276723691646803,0.0,0.0007399935054572874,38.0,2.8651339981543824,0.868421052631579,ChrkhiDdri_PuranDPP_D (Haryana),0.2359995028055282
IND144401AAB,1,1,2,0.0,0.0,0.0005456918634713942,29.0,2.4008577629267287,0.896551724137931,Phagwara_Lovely_D (Punjab),0.235976054197831
IND680012AAA,1,1,2,0.0017844719787465384,0.0,0.0005118661742976269,55.0,1.4746585737494828,0.8909090909090909,Arimbur_Veluthur_D (Kerala),0.23592907206556996
IND421302AAN,0,1,1,0.0,0.0,0.00013889153251591156,45.0,2.5803342953342954,0.9333333333333333,GreaterThane_Anjur_C (Maharashtra),0.23579905363148818
IND563101AAB,2,3,5,0.0014840858623242042,0.5,0.0004070837567431187,55.0,1.910739997376361,0.8727272727272727,Kolar_Ambedkar_D (Karnataka),0.23564440717131424
IND396580AAB,1,1,2,0.0,0.0,0.0,30.0,2.4865954207770065,0.9333333333333333,Vansda_CikhliRD_D (Gujarat),0.23548387073438545
IND793001AAA,1,2,3,0.0005948239929155128,1.0,0.00046612955041669277,9.0,2.4606139302043277,0.8888888888888888,Shillong (Meghalaya),0.23545315140475967
IND321022AAA,1,1,2,0.0,1.0,0.00018386954078621997,75.0,3.063627688406392,0.92,Kaman_BsstdDPP_D (Rajasthan),0.23541474576625915
IND764071AAB,1,2,3,0.002229459659511473,0.0,0.0008570262825886825,34.0,2.518974663304564,0.8529411764705882,Pappadahandi_Central_DPP_2 (Orissa),0.23520500719579449
IND248001AAD,2,1,3,0.0,0.0,0.0005655615760775703,128.0,2.295346995597419,0.8828125,Dehradun_Nirjanpur_L (Uttarakhand),0.23504452982695861
IND501141AAA,1,1,2,0.0011887490747594374,1.0,0.0003709476920478851,20.0,1.6412605450105449,0.9,Tandur_SnthiNGR_D (Telangana),0.23504437904795034
IND312001AAA,2,2,4,0.003415247964470762,0.16666666666666666,0.0010586609164237037,51.0,1.6793937912943775,0.8235294117647058,Chittaurgarh_DC (Rajasthan),0.23488739705187153
IND431131AAB,0,1,1,0.0,0.0,0.00013889153251591156,14.0,6.39017847232133,0.9285714285714286,Majalgaon_SmbjiCwk_D (Maharashtra),0.23460857744220245
IND635802AAB,4,2,6,0.0011902294596595113,0.4,0.0010717414752109513,91.0,1.954867896049321,0.8131868131868132,Ambur_Central_D_2 (Tamil Nadu),0.23438594922727712
IND759122AAC,1,1,2,0.0,0.0,0.0,14.0,1.902865388579674,0.9285714285714286,Angul_Central_I_2 (Orissa),0.23429339454509973
IND608301AAA,1,1,2,0.0,0.0,0.0,96.0,1.8360068130847893,0.9270833333333334,Lalpet_PriyrNGR_D (Tamil Nadu),0.23392137073594796
IND733102AAA,2,1,3,0.0,0.3333333333333333,0.00040819135686180613,9.0,2.3384831218164552,0.8888888888888888,Balurghat_AkhirDPP_D (West Bengal),0.23376985716452897
IND175001AAA,1,1,2,0.003862324204293116,0.0,0.0007668218293609205,34.0,1.5316666152496017,0.8529411764705882,Mandi_PlaceCol_D (Himachal Pradesh),0.23325038682481625
IND487001AAA,1,1,2,0.00623760177646188,0.0,0.000306767296190538,8.0,1.3605655938264634,0.875,Narsingpur_JrjolDPP_D (Madhya Pradesh),0.23321229528764084
IND583227AAA,1,2,3,0.0005951147298297557,1.0,0.0003964219029505914,78.0,1.979516317016317,0.8846153846153846,Gangavathi_PhrmPlza_D (Karnataka),0.23314758594971505
IND140301AAA,1,2,3,0.0011896479858310256,0.3333333333333333,0.00038689865377574155,68.0,2.638599848574273,0.8823529411764706,Chandigarh_Kharar_DC (Chandigarh),0.2330673164470304
IND322241AAA,1,1,2,0.0,0.0,0.0,52.0,2.60776862026862,0.9230769230769231,Karauli_HnsChowk_D (Rajasthan),0.232919768172847
IND226004AAA,0,2,2,0.0,0.0,0.0,13.0,3.2065833289517496,0.9230769230769231,Lucknow_Hub (Uttar Pradesh),0.232919768172847
IND591201AAA,1,2,3,0.0023730569948186525,0.3333333333333333,0.0005982776354002757,36.0,1.5353733409686245,0.8611111111111112,Chikodi_IndraNgr_D (Karnataka),0.2328120233659135
IND508206AAA,3,3,6,2.0972119417715264e-05,0.6666666666666666,0.0008360549986829604,35.0,1.944886079554011,0.8285714285714286,Kodad_VidyaNgr_D (Telangana),0.23276098815386842
IND635601AAB,1,2,3,0.0005951147298297557,1.0,0.0006800629492192686,51.0,3.9224696327637503,0.8627450980392157,Tiruppattur_KoilStrt_D (Tamil Nadu),0.23271545123583087
IND273304AAA,2,1,3,0.0,0.0,0.000745101929181671,92.0,2.675529313889537,0.8586956521739131,Nichlaul_Wardno13_D (Uttar Pradesh),0.23220267081915688
IND530012AAC,0,2,2,0.0,1.0,0.00013889153251591156,55.0,1.9337037714138756,0.9090909090909091,Vizag_Gajuwaka_L (Andhra Pradesh),0.23188898521132817
IND500008AAD,0,1,1,0.0,0.0,0.00013889153251591156,12.0,3.9865317674528202,0.9166666666666666,Hyderabad_Tolichwk_L (Telangana),0.23163238696898816
IND380006AAA,0,1,1,0.0,0.0,0.00013889153251591156,36.0,2.9394400352733685,0.9166666666666666,Ahmedabad_Paldi_D (Gujarat),0.23163238696898816
IND487551AAA,2,1,3,0.011880088823094003,0.0,0.0006471693267996457,21.0,1.739974426379778,0.8095238095238095,Gadarwara_MPward_D (Madhya Pradesh),0.23124760938209815
IND302014AAB,9,12,21,0.0,0.0,0.0,371.0,2.5216497108012375,0.7520215633423181,Jaipur_Central_I_7 (Rajasthan),0.23101614333528367
IND505209AAA,2,2,4,0.0005933406413122322,1.0,0.0007503489292550271,19.0,2.4129149628457105,0.8421052631578947,Ramagundam_Pdmavati_D (Telangana),0.23095185386046427
IND175101AAA,1,1,2,0.00326720947446336,0.0,0.0007910049224895049,32.0,2.1069136350401174,0.84375,Kullu_AkhraBzr_D (Himachal Pradesh),0.23072686533092218
IND847103AAA,1,1,2,0.0,1.0,0.00031529522877333973,37.0,2.4899831055003467,0.8918918918918919,Benipur_Javahar_D (Bihar),0.2307208992603245
IND691001AAB,2,4,6,0.013173945225758696,0.0,0.0015281805752371434,129.0,1.445861205704853,0.7131782945736435,Kollam_Central_H_1 (Kerala),0.23067745921459554
IND577132AAD,1,1,2,0.001634344929681717,1.0,0.0008998349540936301,19.0,2.545461457024524,0.8421052631578947,Mudigere_HesglDPP_D (Karnataka),0.23045042095493148
IND335523AAB,3,1,4,0.0016528721710068858,0.6666666666666666,0.0012434188325083782,5.0,2.3344217107132708,0.8,Nohar_Central_DPP_2 (Rajasthan),0.23034516651307552
IND507111AAA,0,2,2,0.0,1.0,0.00013889153251591156,41.0,1.8837984903281317,0.9024390243902439,Bhadrachalam_ITDARd_D (Telangana),0.23022601403782486
IND586211AAA,2,2,4,0.0,0.0,0.0006538051409280964,158.0,1.844638966330952,0.8481012658227848,Indi_SindgiRD_D (Karnataka),0.23008383368864488
IND184104AAA,2,4,6,0.001479643224272379,0.8333333333333334,0.0006277451241072962,69.0,1.6770629970238264,0.8260869565217391,Kathua_BOB_D (Jammu & Kashmir),0.23004734386603698
IND281121AAB,0,1,1,0.0,0.0,0.00013889153251591156,66.0,1.9708308269266215,0.9090909090909091,Vrindavan_MathuraRD_D (Uttar Pradesh),0.2297384475769427
IND757041AAA,2,2,4,0.0032767236916468024,1.0,0.0014165199515587948,9.0,2.254671903222628,0.7777777777777778,Udala_NagplDPP_D (Orissa),0.22965003184598776
IND362225AAA,1,1,2,0.0,0.0,0.0,22.0,1.799025974025974,0.9090909090909091,Mangrol_JilRDDPP_D (Gujarat),0.22942326467983998
IND829121AAA,1,1,2,0.001634344929681717,1.0,0.0007436995366684535,53.0,4.673242320252769,0.8490566037735849,Peterbar_GagiDPP_D (Jharkhand),0.22941640747484893
IND335513AAA,3,3,6,0.009033308660251663,0.06666666666666667,0.0014881271770176075,48.0,1.6689598805169925,0.7291666666666666,Hanumangarh_DC (Rajasthan),0.22940586781567762
IND641001AAA,2,1,3,0.0,0.0,0.0,10.0,4.225763125763125,0.9,Coimbatore_Ukkadam_D (Tamil Nadu),0.22930107504377095
IND412105AAC,1,1,2,0.0,0.0,0.0,65.0,2.3704439150592997,0.9076923076923077,Pune_North_D_3 (Maharashtra),0.2290736143305393
IND854334AAA,2,3,5,0.0020711296760805103,0.6,0.0005544121045022513,18.0,1.3187878948748513,0.8333333333333334,Raniganj_Central_DPP_1 (Bihar),0.22905758287665945
IND686028AAB,3,2,5,0.00357784406711276,0.0,0.0014053481192672723,47.0,1.648581560283688,0.7659574468085106,Kottayam_Central_H_1 (Kerala),0.2289785998059139
IND506002AAA,3,3,6,0.009190846533926477,0.0,0.001239001704976485,78.0,1.69255459974917,0.7435897435897436,Warangal_HunterRd_I (Telangana),0.22876235276963983
IND332404AAA,2,1,3,0.005578090303478904,0.6666666666666666,0.0006979070347127468,34.0,2.0539428191297158,0.8235294117647058,Reengus_Shop2DPP_D (Rajasthan),0.22871310288414579
IND273155AAA,1,2,3,5.921539600296077e-06,0.0,0.0005661290290527132,7.0,2.936734693877551,0.8571428571428571,Anandnagar_LohiaDPP_D (Uttar Pradesh),0.2286437108992435
IND561202AAB,1,1,2,0.0,0.0,0.0005037620204956668,92.0,2.346336446304477,0.8695652173913043,Pavagada_PnukndRD_D (Karnataka),0.22848505330853217
IND600016AAC,2,2,4,0.002229459659511473,0.0,0.0009922289522167184,26.0,2.07803906412096,0.8076923076923077,Chennai_Perungudi_DPC (Tamil Nadu),0.22844356034919763
IND132103AAA,2,2,4,0.0011843079200592153,1.0,0.0005674833380709394,19.0,2.8937761882155475,0.8421052631578947,Panipat (Haryana),0.22835594954335603
IND224001AAA,0,1,1,0.0,0.0,0.0,46.0,3.2830745341614906,0.9130434782608695,Faizabad_TrnspNgr_D (Uttar Pradesh),0.2282608693369565
IND673592AAA,2,3,5,0.0016387860843819393,0.16666666666666666,0.0009267681150258389,144.0,2.0906201803219235,0.8055555555555556,SultnBthry_Kollgpra_D (Kerala),0.22824763573494672
IND110037AAK,1,1,2,0.0,0.0,0.0003223791444764536,177.0,3.913233041560559,0.8813559322033898,Delhi_Kapshera_L (Delhi),0.22821266903313459
IND208019AAA,1,1,2,0.0,0.0,0.0008133047564228347,13.0,7.598800451354631,0.8461538461538461,Kanpur_Rawatpur_D (Uttar Pradesh),0.2281274762388132
IND470113AAA,2,2,4,7.416758016402902e-07,0.5,0.00040984375389899343,7.0,1.6769212173221282,0.8571428571428571,Bina_Srvdycwk_D (Madhya Pradesh),0.22801403799376235
IND854311AAA,2,3,5,0.0002953367875647668,0.6666666666666666,0.00036931972999233346,20.0,2.6288176132003533,0.85,Araria_Wardn13_D (Bihar),0.22798370696140702
IND485771AAA,1,2,3,0.0,1.0,0.00027626038156697616,8.0,2.8107708651642476,0.875,Maihar_MngalDPP_D (Madhya Pradesh),0.22795548414197492
IND244221AAA,1,1,2,0.011306105920204585,0.0,0.0005195317714892944,125.0,1.752538944173414,0.816,Amroha_SamitiRd_D (Uttar Pradesh),0.22781840272385975
IND282001AAF,0,1,1,0.0,0.0,0.00013889153251591156,40.0,3.5015857935923727,0.9,Agra_Central_D_3 (Uttar Pradesh),0.22746572030648818
IND509001AAA,1,1,2,0.0011872686898593634,0.0,0.00037451778680991544,38.0,1.7087163408673705,0.868421052631579,Mahabubnagar_DC (Telangana),0.22721139210207675
IND673104AAA,3,1,4,0.0016539370376578472,0.3333333333333333,0.000721244799123755,34.0,1.7620903606197724,0.8235294117647058,Vadakara_Mandodi_D (Kerala),0.2269586143080105
IND811399AAA,1,2,3,0.00038968665186281734,0.6666666666666666,0.00031867891537795874,239.0,2.24048071026704,0.8661087866108786,Noida_Sector02_C (Uttar Pradesh),0.22691466099737417
IND382721AAA,2,1,3,0.0,1.0,0.00038763132368725136,58.0,2.3450446312634403,0.8620689655172413,Gandhinagar_Kalol_DC (Gujarat),0.226699877145087
IND560058AAD,3,1,4,0.0,1.0,0.0007130103379732407,70.0,6.327889579935712,0.8285714285714286,Bengaluru_Peenya_L (Karnataka),0.22625243535813336
IND518102AAA,1,1,2,0.0032767236916468024,0.0,0.000523883058498909,77.0,2.4479701177982665,0.8441558441558441,Srisailam_Sishumdr_D (Andhra Pradesh),0.22609662436232675
IND480001AAA,2,2,4,0.0008171724648408585,0.6666666666666666,0.0006774506211799942,46.0,1.758242508565735,0.8260869565217391,Chhindwara_NagpurRd_D (Madhya Pradesh),0.2258994974567937
IND184121AAA,3,4,7,0.0016373056994818651,0.8333333333333334,0.0011882739004180317,75.0,1.8195409802153357,0.76,Samba_Wardno13_D (Jammu & Kashmir),0.22580066561853307
IND209801AAA,1,1,2,0.0,0.0,0.0005261144361945277,21.0,11.799884990187953,0.8571428571428571,Unnao_VikasRam_D (Uttar Pradesh),0.2257762823307088
IND301019AAA,0,2,2,0.0,1.0,0.00013889153251591156,26.0,2.9499392534825546,0.8846153846153846,Bhiwadi DC (Rajasthan),0.22577010409856593
IND144001AAC,0,2,2,0.0,1.0,0.00013889153251591156,294.0,2.4262286000214854,0.8843537414965986,Jalandhar_Sodal Road (Punjab),0.22570469331893486
IND000000ADV,0,1,1,0.0,0.0,0.0,72.0,1.5749430047530537,0.9027777777777778,Chennai_Mdhavram_C (Tamil Nadu),0.22569444421874998
IND721602AAB,2,1,3,1.4803849000740192e-06,1.0,0.0014474359751019761,23.0,1.5316324323450385,0.782608695652174,Haldia_Central_D_2 (West Bengal),0.225650992084684
IND122503AAA,1,1,2,0.0,0.0,0.0002569588042254711,8.0,2.249965161649944,0.875,Pataudi_DC (Haryana),0.22546228850188554
IND680104AAA,1,1,2,0.0005963073445187933,0.0,0.0005624428511704288,20.0,2.017712322465643,0.85,Guruvayoor_ManhrBld_D (Kerala),0.22529185986478986
IND518206AAA,2,2,4,0.0005933406413122322,0.6666666666666666,0.002040925674226989,11.0,1.7618838763575608,0.7272727272727273,Betamcherla_CmtNgRod_D (Andhra Pradesh),0.2251551351776554
IND620020AAA,0,1,1,0.0,0.0,0.0,50.0,1.9362619047619045,0.9,Tiruchi (Tamil Nadu),0.224999999775
IND457226AAA,1,1,2,0.0,1.0,0.00022544446174952224,200.0,1.693707583537129,0.875,Jaora_RtlamNka_D (Madhya Pradesh),0.2249028191096791
IND245101AAA,2,2,4,0.0,1.0,0.0006789151398925075,40.0,2.395182226399332,0.825,Hapur_Swargash_D (Uttar Pradesh),0.22475429128175362
IND322201AAA,1,2,3,0.0,0.0,0.0,75.0,2.1531975308641975,0.88,Gangapur_Ward6DPP_D (Rajasthan),0.22430107504877095
IND600044AAE,1,1,2,0.0,0.0,0.00036011561309554795,87.0,2.1190903456248145,0.8620689655172413,Chennai_Chrompet_L (Tamil Nadu),0.22406085723020913
IND322230AAA,1,1,2,0.0,0.0,0.0,44.0,2.3626682660773572,0.8863636363636364,Hindaun_MndwrRod_D (Rajasthan),0.22374144650370362
IND142401AAA,2,1,3,0.0,1.0,0.0008339770914713671,11.0,1.572051967640203,0.8181818181818182,Khanna_DC (Punjab),0.22365199974873393
IND563131AAA,1,1,2,0.0,1.0,0.00019822955537476608,70.0,1.8911662543805399,0.8714285714285714,Mulbagal_Sunku_D (Karnataka),0.22352681981934033
IND733134AAA,1,1,2,0.0,1.0,0.0003988107667547905,7.0,1.4773448773448774,0.8571428571428571,Raiganj_SubrtDPP_D (West Bengal),0.22351627939326993
IND585314AAA,2,2,4,0.0002975573649148778,0.0,0.00072315142666726,92.0,4.0911025905750975,0.8152173913043478,Aland_RazaviRd_D (Karnataka),0.22342148237097284
IND625106AAA,1,1,2,0.0,0.0,0.0,26.0,1.6725257703540197,0.8846153846153846,Melur_MduraiRD_D (Tamil Nadu),0.22330438356707774
IND723131AAA,1,1,2,0.001188164634227745,1.0,0.0006277547781242944,12.0,1.3971203975236233,0.8333333333333334,Manbazar_Central_DPP_1 (West Bengal),0.22293612675762028
IND283203AAA,2,2,4,5.674808783617073e-06,0.6666666666666666,0.0008815891077823956,127.0,1.8275979869741397,0.8031496062992126,Firozabad_Sudmpuri_D (Uttar Pradesh),0.2228959796906619
IND577201AAA,3,2,5,0.002006974719238625,0.3,0.0010225112172550263,102.0,1.7809610980172983,0.7745098039215687,Shimoga_DC (Karnataka),0.22259117810388157
IND284001AAA,0,1,1,0.0,0.0,0.00013889153251591156,25.0,1.8415007736389484,0.88,Jhansi_LVMColge_D (Uttar Pradesh),0.22246572031148817
IND841405AAA,0,1,1,0.0,0.0,0.0,9.0,1.8858465608465609,0.8888888888888888,Barauli_SiwanRd_D (Bihar),0.22222222199999997
IND441904AAB,0,1,1,0.0,0.0,0.0,36.0,1.9746101891935224,0.8888888888888888,Bhandara_RjnaiDPP_D (Maharashtra),0.22222222199999997
IND742401AAA,1,2,3,0.0016313841598815692,0.0,0.0008980796694783883,80.0,2.4747019228981744,0.8,Ghanashyampur_NditaDPP_D (West Bengal),0.22204022256970848
IND680712AAA,1,1,2,0.0,1.0,0.0002570974726667222,36.0,1.6125087943102647,0.8611111111111112,Irinjlkuda_Greens_D (Kerala),0.2219925280431613
IND508223AAA,2,1,3,0.0016358253145817908,0.6666666666666666,0.0005997260383347717,67.0,1.8900859624303852,0.8208955223880597,Thirumalagiri_Xroad_D (Telangana),0.221972364330122
IND360530AAB,1,1,2,0.0,0.0,0.0,98.0,2.1388382363205025,0.8775510204081632,Jamjodhpur_Court_D (Gujarat),0.2215382925170385
IND343001AAA,1,1,2,0.0029755736491487786,0.0,0.0004339869948693939,6.0,1.502489884842826,0.8333333333333334,Jalore_RoopNgr_D (Rajasthan),0.22146360775212307
IND124103AAA,1,1,2,0.0,1.0,0.0003449127108575728,27.0,1.6887363417056904,0.8518518518518519,Jhajjar_DC (Haryana),0.22123668397468343
IND331507AAA,0,1,1,0.0,0.0,0.00013889153251591156,24.0,2.368410355667936,0.875,Sujangarh_JngidDPP_D (Rajasthan),0.22121572031273817
IND136118AAA,1,1,2,0.00178892203355638,0.0,0.00037750421612449235,44.0,1.4230667060212516,0.8409090909090909,Kurukshetra_DC (Haryana),0.22104866260096645
IND110052AAA,1,1,2,0.0,0.0,0.0003223791444764536,61.0,2.0094644654070883,0.8524590163934426,Delhi_Wazirpur_L (Delhi),0.220988440087872
IND736146AAA,1,1,2,0.0,0.0,0.0,16.0,1.7695780399495056,0.875,Mathabhang_Pshimpra_D (West Bengal),0.22090053741563545
IND363621AAB,1,1,2,0.0,0.0,0.0,8.0,2.098989898989899,0.875,Wankaner_JivanDPP_D (Gujarat),0.22090053741563545
IND362560AAA,1,1,2,0.0,0.0,0.0,64.0,2.159430647942104,0.875,Una_Mamlatdr_DC (Gujarat),0.22090053741563545
IND140118AAA,1,1,2,0.0,0.0,0.0003893884650446271,85.0,1.9409545597122906,0.8470588235294118,AnandprShb_PnjPiara_D (Punjab),0.22082799828429697
IND174101AAB,0,2,2,0.0,0.0,0.00013889153251591156,44.0,2.82389435210705,0.8636363636363636,Nalagarh_Central_DPP_2 (Himachal Pradesh),0.22052534885905548
IND388620AAB,1,1,2,0.0,1.0,0.0008116159455495446,65.0,1.9102839041300579,0.8153846153846154,Khambhat_MotvdDPP_D (Gujarat),0.2204051873482262
IND531116AAA,1,2,3,0.0,1.0,0.00020357190080248438,33.0,2.463929504838596,0.8484848484848485,Narsiptnm_Wardno8_D (Andhra Pradesh),0.22003626858011371
IND303503AAA,1,1,2,0.0,0.0,0.0,62.0,2.1253476514069733,0.8709677419354839,Lalsot_NWclyDPP_D (Rajasthan),0.21989247290051447
IND522647AAA,1,1,2,0.0005948239929155128,0.0,0.001101700099298789,38.0,1.4317021318197316,0.7894736842105263,Vinukonda_Kothapet_D (Andhra Pradesh),0.21973200119156575
IND201301AAM,1,1,2,0.0,0.0,0.00034460902397912105,207.0,1.8325884183660348,0.8454106280193237,Noida_Sector63_L (Uttar Pradesh),0.21962098671058677
IND148023AAA,2,2,4,0.0011926146890375866,0.16666666666666666,0.0006651546404363717,5.0,1.4397186147186147,0.8,Malerkotla_DC (Punjab),0.21957272104482134
IND571213AAA,1,2,3,0.0,0.6666666666666666,0.00014258987558867742,20.0,2.91139508250252,0.85,Gonikoppal_Thomas_D (Karnataka),0.21933245171727128
IND360575AAA,1,1,2,0.0,0.0,0.0,38.0,1.8106372746246886,0.868421052631579,Porbandar_DC (Gujarat),0.21925580057517494
IND591304AAA,1,2,3,0.0005936343449296817,0.3333333333333333,0.00038340614089070127,41.0,2.079035732031797,0.8292682926829268,Athani_VikrmMah_D (Karnataka),0.21907811664187096
IND571432AAB,1,1,2,0.0,1.0,0.00020587101717173137,34.0,1.5637782515419043,0.8529411764705882,Nagamangala_MandyaRD_D (Karnataka),0.21904062880889388
IND460001AAA,1,1,2,0.0011902294596595113,0.0,0.0007388339155768449,84.0,1.922930587752554,0.8095238095238095,Betul_PatelWrd_D (Madhya Pradesh),0.21895798983250236
IND500039AAD,1,1,2,0.0,0.0,0.00047636356705421017,24.0,2.16541261366629,0.8333333333333334,Hyderabad_Uppal_L (Telangana),0.21894068167119507
IND413401AAA,1,1,2,0.0,1.0,0.0003845493658329728,187.0,1.8657072790488713,0.839572192513369,Barshi_Kurduwdi_D (Maharashtra),0.21887043273012027
IND285205AAB,1,1,2,0.0022294596595114733,0.0,0.0008013203406590262,15.0,2.22413971810746,0.8,Konch_Central_D_2 (Uttar Pradesh),0.2188302362304385
IND360003AAA,0,1,1,0.0,0.0,0.0,8.0,1.9732142857142856,0.875,Rajkot_Kothriya_DC (Gujarat),0.21874999978124998
IND752050AAA,2,2,4,1.4803849000740192e-06,0.8333333333333334,0.00021680708061720235,6.0,2.134259259259259,0.8333333333333334,Khurdha_JatniDPP_D (Orissa),0.21863551905944528
IND304001AAA,2,1,3,0.0,0.0,0.0,7.0,1.5064935064935063,0.8571428571428571,Tonk_DC (Rajasthan),0.2185867893401995
IND845412AAB,1,1,2,0.0,1.0,0.00045631997319733,30.0,2.419897106700865,0.8333333333333334,Chakia_Wardno10_D (Bihar),0.21858485075765785
IND122004AAA,0,2,2,0.0,0.0,0.00013889153251591156,166.0,2.2917362452886905,0.8554216867469879,Gurgaon_Begumpur_CP (Haryana),0.2184716796387652
IND591302AAB,1,2,3,0.0,1.0,0.0009559334566279481,33.0,1.9868214504909663,0.7878787878787878,Khanapur_StatinRD_D (Karnataka),0.21824131522759188
IND331304AAA,1,1,2,0.004912860510065282,0.0,0.000793570341794666,14.0,3.7014694885437924,0.7857142857142857,Taranagar_RajRdDPP_D (Rajasthan),0.21807485782518982
IND122001AAD,1,1,2,0.0,1.0,0.0002274951937007266,13.0,2.1262020057685693,0.8461538461538461,Gurgaon_Kadipur (Haryana),0.2177276869919018
IND641011AAA,1,1,2,0.0,0.0,0.0,29.0,4.3860378634212305,0.8620689655172413,Cjb_West_Dc (Tamil Nadu),0.21766777879817853
IND560064AAD,0,1,1,0.0,0.0,0.00013889153251591156,79.0,2.4226928135155985,0.8607594936708861,Bengaluru_Bagaluru_D (Karnataka),0.21765559373401983
IND246763AAA,1,2,3,0.001785344189489267,0.3333333333333333,0.000637635056355751,40.0,2.097152626732865,0.8,Najibabad_KotdwrRD_D (Uttar Pradesh),0.2175860531301831
IND505001AAA,0,2,2,0.0,1.0,0.00013889153251591156,20.0,2.4244877966860727,0.85,Karimnagar_DC (Telangana),0.21711625795337364
IND389001AAA,1,1,2,0.0011902294596595113,0.0,0.00041068217148749233,63.0,1.667613501445063,0.8253968253968254,Godhra_DC (Gujarat),0.21710061513398904
IND313324AAA,1,1,2,0.0032722736368369604,1.0,0.0009134008439742209,41.0,1.8011322353927879,0.7804878048780488,Rajsamand_kankroli_D (Rajasthan),0.21708976714342565
IND210501AAB,0,1,1,0.0,0.0,0.00013889153251591156,141.0,3.418617153012363,0.8581560283687943,Bewar_BndhuTRH_D (Uttar Pradesh),0.21700472740914775
IND201204AAA,1,1,2,0.0,1.0,0.000361828930339987,6.0,1.7529675638371292,0.8333333333333334,Modinagar_SikriKla_DC (Uttar Pradesh),0.2169073654553167
IND825409AAA,1,1,2,0.0016376201700217612,0.0,0.0005081475396265467,611.0,1.7479757133436966,0.8150572831423896,JhumriTlya_RadhaCpx_D (Jharkhand),0.21673846315028528
IND636705AAB,2,2,4,0.0016373056994818651,0.3333333333333333,0.0004071527142720144,41.0,1.786919275338363,0.8048780487804879,Dharmapuri_Central_D_2 (Tamil Nadu),0.2167014377146899
IND641006AAD,0,1,1,0.0,0.0,0.0,15.0,9.845515873015872,0.8666666666666667,Coimbatore_ElngoNgr_C (Tamil Nadu),0.21666666645
IND630002AAA,1,1,2,0.0,0.0,0.0,28.0,1.4021739188099482,0.8571428571428571,Karaikudi_Sbrmnprm_D (Tamil Nadu),0.21643625170581401
IND177033AAA,1,1,2,0.0016420702248316026,0.0,0.0003573394993322483,142.0,2.9260767468661606,0.823943661971831,Nadaun_Ward6_D (Himachal Pradesh),0.21628768355070188
IND110035AAC,1,1,2,0.0,0.0,0.00032004094100570153,6.0,1.7626984126984127,0.8333333333333334,Delhi_North_R_8 (Delhi),0.2161655095523346
IND110039AAA,1,1,2,0.0,0.0,0.00030960851636625944,6.0,3.6996003996003997,0.8333333333333334,Delhi_Barwala (Delhi),0.21598030428344084
IND382421AAA,1,2,3,0.0,1.0,0.00027068831532814044,86.0,3.218139750555887,0.8255813953488372,Gandhinagar_DC (Gujarat),0.2155019129358736
IND509216AAC,2,1,3,0.0,0.6666666666666666,0.0005364598994187455,31.0,1.9678154010552327,0.8064516129032258,Shadnagar_Central_D_1 (Telangana),0.2154376703738
IND600008AAA,0,1,1,0.0,0.0,0.0,65.0,2.677813852813853,0.8615384615384616,Chennai_Egmore_C (Tamil Nadu),0.21538461516923077
IND712410AAC,1,1,2,0.0023715766099185786,0.0,0.000589538661194256,10.0,5.713481922442128,0.8,Tarkeshwar_Naraynpr_D (West Bengal),0.2152269368033579
IND176061AAA,1,1,2,0.0,0.0,0.0002569588042254711,18.0,2.245312239792137,0.8333333333333334,Palampur_Cnsrvila_D (Himachal Pradesh),0.21504562184563555
IND591237AAB,1,1,2,0.0029681717246484085,0.0,0.0005400652030283753,5.0,2.1774891774891776,0.8,Nipani_AkkolRD_D (Karnataka),0.2150053175952137
IND248197AAA,0,1,1,0.0,0.0,0.00013889153251591156,20.0,2.091861815191717,0.85,Dehradun_Selakui_D (Uttarakhand),0.21496572031898817
IND560300AAA,4,12,16,0.005785344189489267,0.21794871794871795,0.001117137658054318,1274.0,1.7045470362062638,0.6248037676609105,Bengaluru_KGAirprt_HB (Karnataka),0.21465934503442646
IND581343AAC,1,1,2,0.0,1.0,0.0004199926614561358,11.0,1.6869210192530348,0.8181818181818182,Kumta_Central_DPP_2 (Karnataka),0.2141520586603398
IND560043AAC,4,3,7,0.0022309400444115468,0.3,0.0006518143761635498,167.0,1.9017200259639866,0.7485029940119761,HBR Layout PC (Karnataka),0.2140561454370219
IND208017AAA,0,1,1,0.0,0.0,0.00013889153251591156,13.0,9.65545043192102,0.8461538461538461,Kanpur_Central_D_5 (Uttar Pradesh),0.21400418185841125
IND695012AAA,5,2,7,0.0082800686495122,0.0,0.002118078061632146,39.0,1.5755805763693589,0.6153846153846154,Trivandrum_Mnanthla_H (Kerala),0.21346522056126688
IND110043AAA,3,2,5,0.0022339275145405544,0.0,0.0008253145298587836,84.0,2.9744622343887053,0.75,Delhi_Nangli_IP (Delhi),0.2132127321795301
IND733129AAA,1,1,2,8.882309400444115e-06,0.0,0.0008529647321631296,23.0,3.62354057565055,0.782608695652174,Kaliyaganj_FatprDPP_D (West Bengal),0.21295504303528406
IND321408AAB,0,2,2,0.0,1.0,0.00013889153251591156,12.0,2.641091121910087,0.8333333333333334,Weir_BsstdDPP_D (Rajasthan),0.21294959129087365
IND362001AAA,3,4,7,0.0,0.0,0.0,200.0,2.1089866987587573,0.8,Junagadh_DPC (Gujarat),0.21290322560631286
IND125111AAA,1,1,2,0.0005951147298297557,0.0,0.0012720868747847019,4.0,2.4511141636141636,0.75,Fatehabad_BhunaDPP_D (Haryana),0.21288875101762608
IND121002AAB,1,1,2,0.0,0.0,0.0003443976579117186,154.0,2.1578412141259857,0.8181818181818182,Faridabad_Mthurard_L (Haryana),0.2128100319079455
IND632402AAA,1,1,2,0.0005951147298297557,0.0,0.00038033550882504783,16.0,2.0175271739130434,0.8125,Ranipet_MBTRd_DC (Tamil Nadu),0.2126826228388968
IND410401AAA,1,1,2,0.0,0.0,0.0003370559781020496,33.0,1.9967740901074236,0.8181818181818182,Lonavala_NngrgnRd_D (Maharashtra),0.21267969616814628
IND641664AAA,2,1,3,0.0,0.0,0.0,60.0,1.5399861712361713,0.8333333333333334,Tirpur_Palladam_DC (Tamil Nadu),0.21263440839377096
IND742226AAA,1,2,3,0.0032775721687638786,0.0,0.0005214213894548394,55.0,2.3837288230554483,0.7818181818181819,Sagardighi_UtBzrDPP_D (West Bengal),0.2126199787104329
IND581402AAA,1,2,3,0.002374845916852209,0.3333333333333333,0.00048003305710366315,33.0,1.6021392946988282,0.7878787878787878,Sirsi_Vidygiri_D (Karnataka),0.21240673340090727
IND733129AAB,2,1,3,0.0006069578090303479,0.3333333333333333,0.0008429209120183175,13.0,1.9051670551670552,0.7692307692307693,Kaliyaganj_Central_DPP_1 (West Bengal),0.2122410977737485
IND577522AAA,1,1,2,0.004892672094744633,0.0,0.0006140137871018436,80.0,2.2793462633557575,0.775,Challakere_Shivangr_D (Karnataka),0.2121864243275302
IND396001AAA,1,1,2,0.0,0.0,0.0,37.0,2.6061993633732765,0.8378378378378378,Valsad_DC (Gujarat),0.21160999688438545
IND421802AAA,1,1,2,0.0,0.0,0.00041208690593252874,26.0,3.4507198153818175,0.8076923076923077,Khandala_Satara_D (Maharashtra),0.21138933134929394
IND277201AAA,1,1,2,4.441154700222058e-06,0.0,0.000705753037193862,28.0,2.4251094696644118,0.7857142857142857,Bariya_BgnprDPP_D (Uttar Pradesh),0.21111312501874052
IND110044AAB,2,6,8,0.0016210214655810514,0.39285714285714285,0.00042639155051370095,761.0,2.23741872453479,0.7463863337713534,Del_Okhla_PC (Delhi),0.2110042795371572
IND722143AAB,1,1,2,0.0,1.0,0.0004954025767359077,20.0,1.52379253319507,0.8,Mejia_Central_D_1 (West Bengal),0.21094534502764134
IND560048AAB,4,2,6,0.001640586873228322,0.5,0.0007025804121296887,124.0,2.4707318594039087,0.7419354838709677,Bengaluru_Hoodi_IP (Karnataka),0.21051516695997902
IND303901AAA,1,1,2,0.0,0.0,0.0,18.0,1.7589947089947089,0.8333333333333334,Chaksu_TonkRoad_D (Rajasthan),0.21048387075938546
IND176201AAA,1,1,2,0.0,0.0,0.0,18.0,1.623685008846063,0.8333333333333334,Jassur_AadiDPP_D (Himachal Pradesh),0.21048387075938546
IND507159AAA,2,2,4,0.0,1.0,0.0005255013231374766,18.0,6.008016504452263,0.7777777777777778,Kusumnchi_SKRoad_D (Telangana),0.21022520327396726
IND614809AAA,1,1,2,0.0016391035216250414,1.0,0.0006822886599890101,76.0,2.2406704514890516,0.7763157894736842,Pushpavanam_Thmpulam_D (Tamil Nadu),0.21014622365058605
IND802212AAA,1,1,2,0.0,0.0,0.000648675416921603,14.0,54.680181277056285,0.7857142857142857,Bikramgang_Dehrird_D (Bihar),0.2100949461879433
IND523230AAA,1,1,2,0.0,1.0,0.0005021633599684058,49.0,1.594096528325735,0.7959183673469388,Kanigiri_Tiglgndi_D (Andhra Pradesh),0.2100449600354439
IND792110AAA,1,1,2,0.0,1.0,0.00044278259804623164,25.0,2.867079365079365,0.8,Roing_DibngVly_D (Arunachal Pradesh),0.21001119044333114
IND689101AAA,1,2,3,0.001789785344189489,0.3333333333333333,0.00035354028081569546,19.0,1.4519895309368995,0.7894736842105263,Tiruvalla_TKRoad_D (Kerala),0.20991587067758602
IND606803AAA,1,1,2,0.0005936343449296817,0.0,0.00022114856084985528,16.0,1.9071076251646903,0.8125,Polur_StationRD_D (Tamil Nadu),0.2098549713745955
IND362220AAA,1,2,3,0.0,0.0,0.0,28.0,1.884056804539998,0.8214285714285714,Junagadh_keshod_DC (Gujarat),0.20965821792055667
IND328001AAA,3,3,6,6.612040808932001e-05,0.5,0.0006376918002886949,48.0,1.9159283740597595,0.75,Dholpur_GtRoad_D (Rajasthan),0.20964631392118402
IND573103AAA,2,2,4,0.00029681717246484086,0.6666666666666666,0.000588822611894938,13.0,1.6635649481237718,0.7692307692307693,Arsikere_HsnRdDPP_D (Karnataka),0.20953929284182066
IND577535AAC,1,1,2,0.0038581975201327895,0.0,0.0005585011412072898,26.0,1.7325861230272996,0.7692307692307693,Molakalmuru_KnsgraRD_D (Karnataka),0.2086199568594465
IND144601AAA,1,2,3,0.0011896479858310256,0.6666666666666666,0.0008571483668591855,4.0,1.7158313983488132,0.75,Kapurthala_DC (Punjab),0.2083273537658535
IND792103AAB,2,1,3,0.0011902294596595113,0.6666666666666666,0.0008566311620579511,44.0,1.615192272827615,0.75,Namsai_HelipadRD_D (Arunachal Pradesh),0.2083188119382238
IND147301AAA,2,2,4,0.00029681717246484086,1.0,0.0007875529458529356,4.0,1.4761904761904763,0.75,Mandi_Gobindgarh_DC (Punjab),0.20825963033163492
IND415408AAC,1,1,2,0.0016358253145817912,1.0,0.0006639342154073526,13.0,3.824206307423485,0.7692307692307693,Shirala_Central_DPP_3 (Maharashtra),0.20804551655033965
IND110043AAC,1,1,2,0.0,0.0,0.0003291749819564737,5.0,1.4384848484848485,0.8,Delhi_Nangli_L (Delhi),0.2079943314854688
IND793150AAA,1,1,2,0.0,1.0,0.0003239921746853147,5.0,2.3823863636363636,0.8,Jowai_Ldthlabh_D (Meghalaya),0.20790232188583552
IND333042AAA,1,1,2,0.0,1.0,0.0003933803333338359,39.0,1.4267268323744893,0.7948717948717948,Nawalgarh_NavldiDPP_D (Rajasthan),0.207852108171566
IND458001AAB,1,1,2,0.0005936343449296817,1.0,0.0006676969537121575,22.0,2.7767964084663688,0.7727272727272727,Mandsaur_YashDPP_D (Madhya Pradesh),0.2078392961654902
IND285001AAD,1,1,2,0.0011896479858310256,0.0,0.0007769826180771147,42.0,1.953071337681354,0.7619047619047619,Orai_Ajnari_D (Uttar Pradesh),0.20772983609807538
IND416122AAA,1,1,2,0.002309003062074861,0.0,0.0004105667622797412,23.0,1.9341599995553647,0.782608695652174,Kolhapur_Central_H_2 (Maharashtra),0.20763297439644504
IND622407AAA,1,1,2,0.0,0.0,0.0,28.0,1.516281384173089,0.8214285714285714,Ponnamaravathi_Puduvalvu_D (Tamil Nadu),0.20750768028617117
IND679531AAA,1,1,2,0.002227979274611399,0.0,0.0006278374938553855,30.0,1.508123496873497,0.7666666666666667,Shoranur_KdrShrRd_D (Kerala),0.20741545849480805
IND282001AAA,2,2,4,0.0,1.0,0.0006838037686875878,122.0,1.7623926222525292,0.7540983606557377,Agra_Idgah_P (Uttar Pradesh),0.2071156685567121
IND344022AAB,1,2,3,0.002374845916852209,0.6666666666666666,0.0003201768986074273,45.0,1.4438312382266347,0.7777777777777778,Balotra_BsnoiHPL_D (Rajasthan),0.20704357848809843
IND201007AAB,1,3,4,0.00020435640587862137,0.6666666666666666,0.0009991160779980256,37.0,2.284558947755542,0.7297297297297297,Ghaziabad_MohanNgr_C (Uttar Pradesh),0.20684613920519968
IND464221AAA,1,1,2,0.0,0.0,0.0002569588042254711,5.0,4.274177170868347,0.8,GanjBasoda_MnRDDPP_D (Madhya Pradesh),0.20671228852063556
IND814133AAB,3,1,4,0.001261658031088083,0.5,0.000738913920969651,35.0,1.6595651584667843,0.7428571428571429,Godda_Central_D_2 (Jharkhand),0.20667244061385204
IND815353AAA,2,3,5,0.0019749568221070673,0.8333333333333334,0.0005612164060800719,39.0,1.9095646250254588,0.7435897435897436,Madhupur_Sitarmrd_D (Jharkhand),0.2066366231951258
IND480661AAA,3,2,5,0.001707623982235381,0.6666666666666666,0.0008057879310223008,33.0,1.574746961374072,0.7272727272727273,Seoni_Kidwai_D (Madhya Pradesh),0.2066049559038353
IND141115AAA,2,1,3,0.0,0.3333333333333333,0.00041827709615723646,18.0,2.243900259055207,0.7777777777777778,Machhiwara_MnBzrDPP_D (Punjab),0.2061711300305421
IND676509AAA,1,2,3,8.900109619683483e-06,0.0,0.000394267285310474,9.0,1.6420789087455754,0.7777777777777778,Malappuram_Munduprm_D (Kerala),0.20575468386382498
IND160102AAC,1,1,2,0.0,0.0,0.00042905986438991265,111.0,2.17985542985543,0.7837837837837838,Chandigarh_Raiprvlg_L (Chandigarh),0.20571351876228042
IND341030AAA,1,1,2,0.0,1.0,0.0004787674835463076,9.0,1.4478165730229715,0.7777777777777778,Tarnau_BsstdDPP_D (Rajasthan),0.2050944691648921
IND516001AAA,1,1,2,0.002229459659511473,0.0,0.0007229779459187513,4.0,1.7240993788819876,0.75,Cuddapah_DC (Andhra Pradesh),0.20493943546698107
IND000000AEM,0,2,2,0.0,0.0,0.0,116.0,3.386550432628666,0.8103448275862069,Gurgaon_Bilaspur_RP (Haryana),0.20473674432835096
IND176303AAA,2,1,3,0.0,0.0,0.0,10.0,4.622014616572886,0.8,Dalhousie_Banikhet_D (Himachal Pradesh),0.20430107506877096
IND676306AAA,1,1,2,1.1843079200592153e-05,0.0,0.0002998431410725246,14.0,2.833673469387755,0.7857142857142857,Tirurangadi_Kooriyad_D (Kerala),0.20391521489391262
IND400705AAA,1,1,2,0.0005948239929155128,0.0,0.00032477487477124617,32.0,3.441825622294372,0.78125,Mumbai_Sanpada_CP (Maharashtra),0.20388344323327093
IND495677AAA,0,1,1,0.0,0.0,0.0,27.0,2.2133894731939723,0.8148148148148148,Korba_Tilknagr_DC (Chhattisgarh),0.20370370349999997
IND000000ABD,1,1,2,0.0,0.0,0.0005828237139981222,144.0,1.5840831675646816,0.7638888888888888,Pallakad_ChndrNgr_D (Kerala),0.20346954158827524
IND232104AAB,1,3,4,0.005971973554807617,0.16666666666666666,0.0003426373044202473,19.0,1.8673720479801381,0.7368421052631579,Chandauli_ShubsNGR_D (Uttar Pradesh),0.20331831327005384
IND000000ACT,0,3,3,0.0,1.0,0.00013889153251591156,679.0,2.059353054626529,0.7835051546391752,Delhi_Gateway_HB (Delhi),0.20264308426417665
IND201301AAL,2,2,4,0.0006066908057417574,0.0,0.0014857720580670692,34.0,1.5873188086423382,0.6764705882352942,Dadri_ICDCant_D (Uttar Pradesh),0.20261373620513554
IND781001AAA,0,1,1,0.0,0.0,0.00013889153251591156,20.0,4.167870299635005,0.8,Guwahati_UzanBazr_DC (Assam),0.20246572033148819
IND110030AAD,2,1,3,0.0,1.0,0.0003819314049339413,34.0,3.8845113988280078,0.7647058823529411,Delhi_Kishangarh_DPC (Delhi),0.20225791657618647
IND626607AAB,1,1,2,0.0,0.0,0.0,15.0,1.4009353737892696,0.8,Narikkudi_MukkuRD_D (Tamil Nadu),0.20215053743438546
IND360311AAA,1,1,2,0.0,0.0,0.0,5.0,1.5050505050505052,0.8,Gondal_DC (Gujarat),0.20215053743438546
IND636005AAA,0,2,2,0.0,0.0,0.0,5.0,2.5025,0.8,Salem_Kadtmpty_H (Tamil Nadu),0.20215053743438546
IND203131AAA,1,1,2,1.1866812826244644e-05,0.0,0.0002569588042254711,32.0,1.773943061647803,0.78125,Khurja_Pnjbiyon_D (Uttar Pradesh),0.20203785039436228
IND571313AAB,1,1,2,0.00061880088823094,0.0,0.0006572328420383232,20.0,1.8947242356131113,0.75,Chamarjngr_BrDbleRd_D (Karnataka),0.20199941114405923
IND642001AAA,2,2,4,0.0,0.0,0.0,105.0,1.5885329999991655,0.780952380952381,Pollachi_Venkatsa_DC (Tamil Nadu),0.20168970794601357
IND413709AAA,4,3,7,0.0013108808290155515,0.6,0.0010726654778591492,55.0,1.8923952890682478,0.6727272727272727,Shrirampur_DavkharRd_D (Maharashtra),0.20157080711748437
IND415409AAB,1,1,2,0.0023671354552183567,0.0,0.0005198346442822067,24.0,2.5010366344605477,0.75,Islampur_Shantanu_D (Maharashtra),0.20148460346052277
IND571430AAA,2,1,3,0.0006200409701712826,0.3333333333333333,0.0014161705406598368,19.0,1.9317267446499444,0.6842105263157895,Malavalli_SulthnRd_D (Karnataka),0.20117725239908646
IND560002AAA,3,2,5,0.0,1.0,0.0006508368059035709,101.0,2.4641378027268916,0.7227722772277227,Bengaluru_KHRoad_I (Karnataka),0.2008494277994035
IND302022AAD,1,1,2,0.0,0.0,0.0003259769407894054,153.0,1.7050018439144254,0.7712418300653595,Jaipur_RIICO_L (Rajasthan),0.20074801466413109
IND603301AAA,1,1,2,0.0,1.0,0.0004985396164912159,112.0,2.1543846530453674,0.7589285714285714,Malemruvathur_Achipkam_D (Tamil Nadu),0.20073317929101148
IND247554AAA,1,2,3,0.0,0.0,0.00044447635213905253,56.0,1.4535656876501128,0.75,Deoband_Ramvlg_D (Uttar Pradesh),0.19969179705242268
IND470117AAA,2,1,3,7.401924500370096e-07,0.6666666666666666,0.00042869046997487517,24.0,1.689431012660511,0.75,Khurai_Talaiya_D (Madhya Pradesh),0.1994123673896369
IND203396AAB,1,1,2,0.0,1.0,0.00029725605710672275,30.0,1.6849471160525928,0.7666666666666667,Pahasu_Kanongyn_D (Uttar Pradesh),0.19909434627810124
IND361335AAA,2,1,3,0.0,0.0,0.0,9.0,1.2571467854898792,0.7777777777777778,Dwarka_StnRoad_DC (Gujarat),0.19874551951877095
IND145001AAA,1,2,3,0.0,0.0,0.0,9.0,1.758578250016606,0.7777777777777778,Pathankot_DC (Punjab),0.19874551951877095
IND152024AAA,1,1,2,0.0005951147298297557,1.0,0.00047420377977540064,4.0,1.9698412698412697,0.75,Jalalabad_Muktsar_D (Punjab),0.1987240521806657
IND465333AAA,2,1,3,0.0,1.0,0.00038549753376822385,12.0,1.9257157432561105,0.75,Shujalpur_AstrdDPP_D (Madhya Pradesh),0.19864475494160713
IND486001AAA,2,1,3,0.0,1.0,0.0003831448279111168,4.0,2.0203518907563023,0.75,Rewa_Dc (Madhya Pradesh),0.19860298770762722
IND303008AAB,1,1,2,0.0,0.0,0.0,14.0,1.7017126148705095,0.7857142857142857,Dudu_NrainaRD_D (Rajasthan),0.1985791088665283
IND625531AAA,1,1,2,0.0,0.0,0.0,14.0,1.286190904611957,0.7857142857142857,Theni_Rathnam_D (Tamil Nadu),0.1985791088665283
IND637408AAA,0,1,1,0.0,0.0,0.0,19.0,2.1548898418858173,0.7894736842105263,Rasipurm_Knrpati_D (Tamil Nadu),0.19736842085526315
IND160003AAA,1,1,2,0.0,0.0,0.00041789954393322025,4.0,3.0747863247863245,0.75,Chandigarh (Chandigarh),0.19706944533068785
IND246001AAA,0,1,1,0.0,0.0,0.00013889153251591156,9.0,1.421492106807967,0.7777777777777778,Pauri_Khndyusn_D (Uttarakhand),0.19691016478148818
IND762001AAA,1,1,2,0.0,0.0,0.0,9.0,3.0264412571311246,0.7777777777777778,Phulbani_Krusphrma_D (Orissa),0.19659498188438546
IND362150AAA,1,1,2,0.0,0.0,0.0,54.0,1.814857702815219,0.7777777777777778,Talala_SsnRdDPP_D (Gujarat),0.19659498188438546
IND400701AAA,1,2,3,0.0011887490747594374,0.3333333333333333,0.0003179428395967935,50.0,1.9016061161061162,0.74,Mumbai_Ghansoli_DC (Maharashtra),0.19625392953190227
IND181152AAA,3,1,4,0.0002959286448544758,1.0,0.000806800367031522,10.0,1.8014444444444444,0.7,Jammu_TrnptNgr_L (Jammu & Kashmir),0.19610034891616207
IND735224AAA,0,1,1,0.0,0.0,0.0,23.0,2.1982230623818526,0.782608695652174,Mainaguri_MilpaDPP_D (West Bengal),0.1956521737173913
IND282001AAC,1,1,2,0.0,1.0,0.0003233955596814384,16.0,2.166777268670053,0.75,Agra_Idgah_L (Uttar Pradesh),0.1953917302817135
IND494334AAB,1,1,2,0.0,0.0,0.0,66.0,1.7441560244253873,0.7727272727272727,Kanker_KrisnKunj_D (Chhattisgarh),0.1953323556230218
IND384355AAB,1,2,3,0.0,1.0,0.0005110618038659847,33.0,1.5604295105832262,0.7272727272727273,Vadnagar_BsstdDPP_D (Gujarat),0.1951920604074459
IND560083AAB,2,2,4,0.0,1.0,0.0005181356614683002,113.0,1.8590653284083,0.7168141592920354,Bengaluru_Bnnrghta_L (Karnataka),0.19485353718162077
IND624001AAA,2,3,5,0.0,0.0,0.0,47.0,1.622664539500817,0.7446808510638298,Dindigul_Central_D_1 (Tamil Nadu),0.19477236311732912
IND768216AAA,0,1,1,0.0,0.0,0.0,9.0,2.843516950551264,0.7777777777777778,Brajrajnagar_LamtiDPP_D (Orissa),0.19444444425
IND502110AAA,1,1,2,0.0022264988897113245,0.0,0.0006822107857253668,38.0,1.5049409114912546,0.7105263157894737,Medak_Dwaraka_D (Telangana),0.1943440222114398
IND673632AAA,2,4,6,0.0032938564026646928,0.06666666666666667,0.0008663966236153106,64.0,1.4806882752730566,0.65625,Kozhikode_Central_H_4 (Kerala),0.19382176389733566
IND425401AAA,1,1,2,7.4019245003700955e-06,0.0,0.00022190401402563293,4.0,2.0858585858585856,0.75,Amalner_Murtingr_D (Maharashtra),0.19359811344466138
IND345021AAA,2,1,3,0.0,1.0,0.00031082762594276486,30.0,1.577757031839849,0.7333333333333333,Pokhran_SttinDPP_D (Rajasthan),0.19315248461217033
IND388121AAA,1,1,2,0.0005951147298297557,1.0,0.000793426062034853,54.0,1.627801519468186,0.7037037037037037,Anand_VUNagar_DC (Gujarat),0.1928170833852595
IND363641AAA,0,2,2,0.0,0.0,0.0,25.0,1.412982350982351,0.76,Morbi_DC (Gujarat),0.19215053744438546
IND581303AAA,1,2,3,0.00029681717246484086,0.6666666666666666,0.0003708956037629377,32.0,1.9952842212963473,0.71875,Karwar_Central_D_1 (Karnataka),0.19089973744414881
IND560078AAC,3,2,5,0.0,1.0,0.0006148279444108206,92.0,2.6512070356992283,0.6847826086956522,BLR_JPNagar_Pc (Karnataka),0.19071275076212277
IND140901AAA,2,2,4,0.0016328645447816431,0.6666666666666666,0.0005182720768807,123.0,1.6859230018426727,0.6910569105691057,Chandigarh_Mullanpr_DC (Chandigarh),0.19021395015306927
IND504201AAA,1,2,3,7.416758016402902e-07,1.0,0.000411756163610147,14.0,1.608929926040958,0.7142857142857143,Chinnur_AsnsdhRD_D (Telangana),0.19018316540338728
IND131021AAA,0,1,1,0.0,0.0,0.0,96.0,2.063273271867022,0.7604166666666666,Sonipat_AmzonDev_V (Haryana),0.19010416647656248
IND396191AAB,0,1,1,0.0,0.0,0.00013889153251591156,12.0,2.034884448319507,0.75,Vapi_IndEstat_L (Gujarat),0.18996572034398818
IND600016AAA,0,1,1,0.0,0.0,0.00013889153251591156,16.0,2.440008775946276,0.75,Airport (Tamil Nadu),0.18996572034398818
IND415301AAB,1,1,2,0.0005951147298297557,1.0,0.0004836209107229962,14.0,2.4801813787716043,0.7142857142857143,Atapadi_Vidyangr_D (Maharashtra),0.18996266167338363
IND305404AAA,1,2,3,0.005500267744964392,0.3333333333333333,0.0013966662385870696,42.0,1.5299591409643714,0.6190476190476191,Kekri_LxmntDPP_D (Rajasthan),0.18991196229329355
IND523201AAA,1,1,2,0.0016358253145817912,0.0,0.001072417948365119,3.0,5.258552631578947,0.6666666666666666,Addanki_Oilmilrd_D (Andhra Pradesh),0.1896562413396639
IND302026AAA,1,1,2,0.0,0.0,0.0,4.0,8.938492063492063,0.75,Jaipur_Bhankrot_DC (Rajasthan),0.18965053744688545
IND623315AAB,1,1,2,0.0,0.0,0.0,60.0,1.6399907037407038,0.75,Oriyur_Vllyaprm_D (Tamil Nadu),0.18965053744688545
IND768028AAA,1,1,2,0.0,0.0,0.0,4.0,1.9431612318840579,0.75,Bargarh_JJCpxDPP_D (Orissa),0.18965053744688545
IND768028AAB,1,1,2,0.0,0.0,0.0,4.0,2.6869668974147034,0.75,Bargarh_GurpdDPP_D (Orissa),0.18965053744688545
IND403507AAA,1,1,2,0.0,0.0,0.0,8.0,6.034602130325814,0.75,Panaji Goa (Goa),0.18965053744688545
IND303301AAB,1,1,2,0.0,0.0,0.0,40.0,1.5817330586080585,0.75,Bassi_DmodrNGR_D (Rajasthan),0.18965053744688545
IND581400AAB,2,1,3,0.00029681717246484086,0.6666666666666666,0.0005342011461207392,30.0,1.7368681787760225,0.7,Mallapur_ShtDRDPP_D (Karnataka),0.18911137623291815
IND638657AAA,1,1,2,0.0,0.0,0.0,59.0,1.8560946586370315,0.7457627118644068,Dharapuram_Techrcly_D (Tamil Nadu),0.18859121541404647
IND110064AAA,2,3,5,0.0011902294596595113,0.16666666666666666,0.0008188895026444966,212.0,6.772059597256564,0.6556603773584906,Delhi_Mayapuri_PC (Delhi),0.18836495955501914
IND606201AAC,1,1,2,0.00326720947446336,0.0,0.00075952703811607,139.0,1.775184065578185,0.6762589928057554,Chinnasalem_VkotRoad_D (Tamil Nadu),0.18829529141724954
IND134203AAA,1,2,3,0.0005936343449296817,1.0,0.0003939845715260224,61.0,1.645981844378662,0.7049180327868853,Naraingarh_Ward2DPP_D (Haryana),0.1881783489903737
IND843109AAB,2,2,4,0.0,1.0,0.0009118235868930519,32.0,1.9202613648169058,0.65625,Kanti_Central_DPP_2 (Bihar),0.1867015800279284
IND560060AAB,3,2,5,0.0,1.0,0.0006299993684274905,99.0,1.8249495895815124,0.6666666666666666,Bengaluru_Kengeri_IP (Karnataka),0.1864531012729995
IND508377AAB,1,1,2,0.0032686898593634337,0.0,0.0006107221100008982,56.0,1.884449650709824,0.6785714285714286,Haliya_PeroorRD_D (Telangana),0.1862333182705233
IND560058AAB,3,3,6,4.944505344268602e-07,0.8333333333333334,0.0005960123608712304,187.0,2.4722012780287894,0.6577540106951871,Bengaluru_Peenya_IP (Karnataka),0.18577265291701453
IND518222AAA,1,1,2,0.0,1.0,0.0009548673849665903,15.0,1.5231175979163596,0.6666666666666666,Dhone_RmNyrDPP_D (Andhra Pradesh),0.18576882151027432
IND635001AAA,2,2,4,0.0005936343449296817,0.6666666666666666,0.0003787530225022913,32.0,1.6536308666048882,0.6875,Krishnagiri_BnglorRd_D (Tamil Nadu),0.1857039750285716
IND695541AAA,2,2,4,0.003310140636565507,0.3333333333333333,0.0004712722308723293,3.0,2.0126984126984127,0.6666666666666666,Nedumangad_Arsprmbu_D (Kerala),0.18512819539952974
IND770001AAA,2,1,3,0.0,0.0,0.0,18.0,1.6097654391381302,0.7222222222222222,Sundargarh_DiyoDPP_D (Orissa),0.18485663064377095
IND000000AEL,1,1,2,0.0,0.0,0.00032793937514192454,102.0,3.0121388991631206,0.7058823529411765,Delhi_PunjabiB_L (Delhi),0.1844429842019573
IND305624AAA,3,1,4,0.004454504864651583,0.0,0.0014833185774195297,24.0,2.317768099450601,0.5833333333333334,Bijainagar_Central_DPP_1 (Rajasthan),0.18352117726519646
IND133004AAA,0,1,1,0.0,0.0,0.00013889153251591156,18.0,1.6139647262644976,0.7222222222222222,Ambala (Haryana),0.18302127590648817
IND481661AAA,2,1,3,0.0016328645447816431,0.6666666666666666,0.0006948100957714813,32.0,2.636228119285042,0.65625,Mandla_Mharajpr_D (Madhya Pradesh),0.18249573783911033
IND524201AAA,1,1,2,0.0,1.0,0.0009052311913398066,58.0,1.4923838046600115,0.6551724137931034,Kavali_Kacheri_D (Andhra Pradesh),0.18201407439885284
IND148102AAA,1,1,2,0.0,1.0,0.00071514961748636,3.0,2.078754578754579,0.6666666666666666,Bhadaur_BChwkDPP_D (Punjab),0.18151314796177487
IND577126AAA,1,1,2,0.0,1.0,0.0006852794138726827,3.0,2.296783625730994,0.6666666666666666,Koppa_Sangetha_D (Karnataka),0.18098286672003294
IND624619AAA,2,1,3,0.0,0.0,0.0,17.0,1.8943051109163642,0.7058823529411765,Oddnchtram_Palani_D (Tamil Nadu),0.18077166332759448
IND147001AAB,2,2,4,0.0002975573649148778,0.0,0.0005852424278772147,26.0,1.6828085148333434,0.6538461538461539,Patiala (Punjab),0.18063039528905261
IND642126AAA,2,1,3,0.0,0.0,0.0,61.0,1.4998450547630875,0.7049180327868853,Udumalpet_Artclgrd_D (Tamil Nadu),0.18053058328926275
IND742223AAA,1,1,2,0.0032805329385640265,0.0,0.0004499428555652417,48.0,1.8230853970056382,0.6666666666666666,Jangipur_Central_D_1 (West Bengal),0.1804158735688571
IND110092AAC,3,2,5,0.0005951147298297557,0.3333333333333333,0.0012511841310372932,42.0,2.3822093487949303,0.5952380952380952,Delhi_Patparganj_DPC (Delhi),0.18027880449639688
IND321001AAA,2,2,4,0.0,0.5,0.000522231200661849,35.0,1.910192362365102,0.6571428571428571,Bharatpur_DC (Rajasthan),0.18000841915187601
IND272001AAA,1,2,3,0.0,0.0,0.0002569588042254711,19.0,2.0338303906865898,0.6842105263157895,Basti_GndhiNgr_D (Uttar Pradesh),0.1799154577629158
IND331701AAA,1,1,2,0.0,1.0,0.000603362287550059,6.0,3.12515815504946,0.6666666666666666,Sidhmukh_MnbzrDPP_D (Rajasthan),0.17952860427080075
IND614715AAA,1,1,2,0.0005933406413122322,1.0,0.0006355221839333976,50.0,1.8592969192320186,0.66,Thirthurpondi_Madaprum_D (Tamil Nadu),0.17908596087160086
IND262001AAA,2,2,4,0.002229459659511473,0.6666666666666666,0.00145359566893677,26.0,1.5211812591367249,0.5769230769230769,Pilibhit_ViksClny_D (Uttar Pradesh),0.17894182679318277
IND322001AAC,1,1,2,0.0,0.0,0.0,34.0,1.5944829690808386,0.7058823529411765,SawaiMadhopur_Central_DPP_1 (Rajasthan),0.17862112569320898
IND207302AAA,1,1,2,0.0016387860843819393,0.0,0.00044268400594971006,21.0,2.7202087796048593,0.6666666666666666,Jalesar_ChngiDPP_D (Uttar Pradesh),0.17847992810868815
IND152123AAA,1,1,2,0.0,1.0,0.0005422431847340799,3.0,1.6636636636636635,0.6666666666666666,Fazilka_GndhiChk_D (Punjab),0.1784435660114509
IND152116AAA,1,2,3,0.0,1.0,0.0004006471405544455,3.0,1.2597572362278244,0.6666666666666666,Abohar_DC (Punjab),0.17808037032468352
IND721636AAB,1,1,2,0.0,1.0,0.0010728329888623652,8.0,1.2253721027117104,0.625,Tamluk_Central_DPP_2 (West Bengal),0.17744638051534675
IND246424AAA,1,1,2,0.0,1.0,0.001137328420999448,42.0,2.0172539427951284,0.6190476190476191,Chamoli_CGRoad_D (Uttarakhand),0.17710326300579715
IND814133AAA,1,1,2,0.0009648408586232422,0.0,0.0004032714726126083,3.0,1.6245709995709996,0.6666666666666666,Godda_PushPlza_D (Jharkhand),0.17703842793846358
IND209625AAA,2,1,3,0.0029681717246484085,0.3333333333333333,0.0006985555574057173,24.0,1.541548343294033,0.625,Farrukhbad_Pnchlght_D (Uttar Pradesh),0.17621951074789213
IND303603AAB,2,2,4,0.0,0.0,0.0,40.0,2.1246001889947133,0.675,Renwal_ChomuRD_D (Rajasthan),0.17520161273440643
IND425109AAA,1,1,2,2.9607698001480383e-06,0.0,0.0003275803018237294,3.0,1.4205387205387205,0.6666666666666666,Erandol_BsStdDPP_D (Maharashtra),0.17463594700473195
IND781005AAA,1,1,2,0.0,0.0,0.00030964332122915814,18.0,2.6011430710863115,0.6666666666666666,Guwahati_North (Assam),0.17431425554394825
IND501101AAB,1,2,3,0.0005936343449296817,0.6666666666666666,0.00045427093706149876,31.0,1.507123192535906,0.6451612903225806,Vikarabad_Central_DPP_2 (Telangana),0.17430941818862558
IND502220AAC,1,1,2,0.0032633735272172763,0.0,0.0006537508999916465,110.0,1.3868629383304083,0.6272727272727273,Zahirabad_Mohim_D (Telangana),0.17416667489215618
IND504251AAA,2,2,4,0.0011866812826244644,1.0,0.0008898671512033334,10.0,1.7163488926532406,0.6,Bellmpalli_BasthDPP_D (Telangana),0.1735554776384054
IND312601AAA,1,1,2,0.0011872686898593634,0.0,0.0006147737522061882,11.0,1.4913466381970317,0.6363636363636364,Nimbahera_MsjidDPP_D (Rajasthan),0.173462266188434
IND424101AAA,1,1,2,4.441154700222058e-06,0.0,0.0002527372214435294,3.0,1.6272727272727272,0.6666666666666666,Chalisgaon_BhadgDPP_D (Maharashtra),0.17330889849958375
IND685514AAA,3,1,4,0.0,0.0,0.0,45.0,1.5318820495954713,0.6666666666666666,Kattappana_Palikval_D (Kerala),0.1731182794031564
IND122001AAA,2,5,7,0.0034957806832482336,0.13333333333333333,0.0005241464192963775,85.0,1.8999530698060112,0.5882352941176471,GGN_DPC (Haryana),0.17311496778228658
IND281401AAA,0,2,2,0.0,1.0,0.00013889153251591156,46.0,1.7321652179660307,0.6739130434782609,Chhata_GvrdnDPP_D (Uttar Pradesh),0.1730945188669606
IND384170AAA,1,1,2,0.0017838638045891931,0.0,0.00040390948398277685,17.0,1.9963099205426573,0.6470588235294118,Unjha_DC (Gujarat),0.17304929694013585
IND683572AAA,0,1,1,0.0,0.0,0.00013889153251591156,22.0,1.9758838383838382,0.6818181818181818,Angamaly_CivilStn_D (Kerala),0.17292026581557907
IND637211AAA,1,1,2,0.0,0.0,0.0,91.0,1.74296345667548,0.6813186813186813,Tirchngode_Mhdhvpur_D (Tamil Nadu),0.1724802077937261
IND560085AAA,3,1,4,0.0,1.0,0.0006267046702991184,21.0,1.8876132073382712,0.6190476190476191,Bengaluru_Banshkri_DC (Karnataka),0.1723393114643623
IND784110AAA,1,2,3,0.0,0.6666666666666666,0.000494543384677332,11.0,2.577605779153767,0.6363636363636364,Dhekiajuli_Wardno5_D (Assam),0.17217153868617927
IND206001AAA,1,1,2,0.0,0.0,0.0004953955862185978,242.0,1.5003475149700898,0.640495867768595,Etawah_MhraChng_D (Uttar Pradesh),0.17106918790806147
IND341505AAA,1,2,3,0.0011896479858310256,0.3333333333333333,0.0008688332310385674,40.0,2.1578958102046935,0.6,Makrana_Mwalibad_D (Rajasthan),0.17103479344342987
IND814101AAB,1,1,2,0.0005951147298297557,0.0,0.0005032128583399594,44.0,1.6053203936781257,0.6363636363636364,Dumka_Dudhani_D (Jharkhand),0.17082995511796906
IND411021AAA,1,1,2,0.0,0.0,0.0004741384915020583,39.0,5.356546871931488,0.6410256410256411,PNQ Pashan DPC (Maharashtra),0.17082425721001773
IND262501AAA,2,1,3,0.0,1.0,0.0005372017177766392,40.0,1.450379335976131,0.625,Pithorgarh_Kumud_D (Uttarakhand),0.17008793658332977
IND480886AAA,1,2,3,0.0002974119964577564,0.6666666666666666,0.0003570530723688156,33.0,1.3754542787984738,0.6363636363636364,Lakhnadon_Central_DPP_1 (Madhya Pradesh),0.1700580568995297
IND370201AAA,2,2,4,0.0028272681558527864,0.3333333333333333,0.0005596275448300119,55.0,1.7891279573323775,0.6,Gandhidham_Sector1A_IP (Gujarat),0.1694985868645081
IND134109AAA,0,1,1,0.0,0.0,0.00013889153251591156,60.0,15.637679450179451,0.6666666666666666,Chandigarh_Panchkula (Chandigarh),0.16913238703148817
IND403507AAB,1,1,2,0.0,0.0,0.0,3.0,2.1818181818181817,0.6666666666666666,Goa_Mapusa (Goa),0.16881720413438545
IND626117AAA,1,1,2,0.0,0.0,0.0,9.0,1.2359480848369737,0.6666666666666666,Rajpalayam_AshkTalk_D (Tamil Nadu),0.16881720413438545
IND628613AAA,1,1,2,0.0,0.0,0.0,53.0,1.3562496540183742,0.660377358490566,Peikulam_SriVnktpm_D (Tamil Nadu),0.16724487709193261
IND331022A1B,0,1,1,0.0,0.0,0.0,3.0,2.8569703243616282,0.6666666666666666,IND331022A1B,0.16666666649999998
IND733201AAA,0,1,1,0.0,0.0,0.0,3.0,1.8183006535947712,0.6666666666666666,Dalkhola_DltprDPP_D (West Bengal),0.16666666649999998
IND445101AAA,0,1,1,0.0,0.0,0.0,3.0,2.3981481481481484,0.6666666666666666,Nagpur_Gondkhry_H (Maharashtra),0.16666666649999998
IND209721AAB,1,1,2,0.0,1.0,0.00035431032921404084,19.0,1.477581774950196,0.631578947368421,Chhibramau_Bhainpura_D (Uttar Pradesh),0.16633529241715297
IND244235AAA,1,1,2,0.010545146547721646,0.0,0.0003178971490040663,80.0,1.7062519154598619,0.5875,Gajraula_JawaharN_D (Uttar Pradesh),0.1662762212378046
IND504296AAA,1,3,4,0.0008188100850108803,1.0,0.0004602305436411363,10.0,1.4248339232841336,0.6,Kaghaznagar_Central_DPP_1 (Telangana),0.16552328548531553
IND345001AAA,1,2,3,0.0,1.0,0.0001937828506946899,27.0,1.496064994655354,0.6296296296296297,Jaisalmer_Gopa3PL_D (Rajasthan),0.1651486803836298
IND816109AAA,2,1,3,0.0016361368184184806,0.0,0.0011103076481849918,88.0,1.7521644391208726,0.5568181818181818,Sahebganj_BaraLoha_D (Jharkhand),0.16501765081775255
IND802301AAA,1,1,2,0.0,0.0,0.0,20.0,2.4541831361157653,0.65,Arrah_Katira_D (Bihar),0.16465053747188546
IND151505AAA,1,1,2,0.002230960811333993,0.0,0.0005613904852195668,5.0,1.6470773160428334,0.6,Mansa_GreenVly_D (Punjab),0.16457244989266315
IND312403AAA,1,1,2,0.0016358253145817912,0.0,0.0007024809479415563,27.0,1.509769550742294,0.5925925925925926,BariSadri_BhmprDPP_D (Rajasthan),0.16457028679242297
IND243301AAB,1,2,3,0.0005951147298297557,0.3333333333333333,0.000351616252145834,36.0,1.6724916561391185,0.6111111111111112,Aonla_KdidmCLY_D (Uttar Pradesh),0.1639760896478553
IND507117AAB,2,1,3,0.0005936343449296817,0.6666666666666666,0.00032710209108773974,72.0,1.7053504390637428,0.6111111111111112,Manuguru_AskNagar_D (Telangana),0.1635392639575887
IND641654AAA,1,1,2,0.0,0.0,0.0,31.0,1.4290495083663965,0.6451612903225806,Avinashi_Valluvar_D (Tamil Nadu),0.16344086005374028
IND606105AAA,1,1,2,0.0022294774597307124,0.0,0.0007337867742743793,74.0,1.5479340363451617,0.581081081081081,Pennadam_EastmnRD_D (Tamil Nadu),0.16290161287986
IND562132AAC,0,1,1,0.0,0.0,0.00013889153251591156,78.0,1.6330428269444188,0.6410256410256411,Bengaluru_Nelmngla_L (Karnataka),0.16272213062764204
IND802119AAA,1,1,2,0.0,1.0,0.00038858065563657674,31.0,1.396325851879989,0.6129032258064516,Dumraon_Nishangr_D (Bihar),0.16227475799291324
IND484001AAA,2,2,4,0.0028186528497409326,0.3333333333333333,0.000495587250510536,21.0,1.571947368363944,0.5714285714285714,Shahdol_Sohagpur_D (Madhya Pradesh),0.1612093490781813
IND415003AAA,1,2,3,0.0018999171073190316,0.3333333333333333,0.0004797116419778277,24.0,1.3048943851625696,0.5833333333333334,Satara_DC (Maharashtra),0.16074190691260865
IND695101AAB,2,2,4,0.0016747039601037754,0.3333333333333333,0.0012070645439821784,42.0,1.6817310091746183,0.5238095238095238,Attingal_Central_D_2 (Kerala),0.16067618568211933
IND284403AAA,1,2,3,0.001642070224831602,0.3333333333333333,0.0002569588042254711,5.0,1.4444507513586462,0.6,Lalitpur_RjghatRd_D (Uttar Pradesh),0.1606702623333272
IND614804AAA,1,1,2,0.0,0.0,0.0,30.0,1.6109914529914529,0.6333333333333333,Peravurani_SH71_D (Tamil Nadu),0.16048387080938545
IND627005AAA,3,4,7,0.0,0.0,0.0,141.0,1.4283739504560857,0.5886524822695035,Tirunelveli_VdkkuSrt_I (Tamil Nadu),0.1600663462265256
IND847212AAA,1,1,2,0.0005948239929155128,1.0,0.0003974945918078926,42.0,1.9886080235218169,0.5952380952380952,Madhubani_Bardivan_D (Bihar),0.15867144931185131
IND303303AAA,2,1,3,0.0,0.0,0.0,120.0,1.5745680829891355,0.6166666666666667,Dausa_IndraCln_D (Rajasthan),0.15846774178127096
IND403726AAB,5,5,10,0.0,0.0,0.0,45.0,1.6232759717765923,0.5555555555555556,Goa_ZuariNgr_IP (Goa),0.1582437274594693
IND333001AAA,1,1,2,0.0,1.0,0.0003354769825859374,5.0,2.278404044544647,0.6,Jhunjhunu_DC (Rajasthan),0.1581062100068201
IND244921AAB,2,2,4,0.0005936343449296817,0.5,0.0009088466525764682,13.0,1.5543715567754028,0.5384615384615384,Bilaspur_GrmNgriya_D (Uttar Pradesh),0.15785503233784642
IND457001AAA,1,2,3,0.0016402664692820132,0.3333333333333333,0.0002569588042254711,68.0,1.4953523814080905,0.5882352941176471,Ratlam_Khjurwli_DC (Madhya Pradesh),0.1577271004615862
IND360510AAB,1,1,2,0.0,0.0,0.0,37.0,1.8651443901443903,0.6216216216216216,Bhanvad_Mainroad_D (Gujarat),0.15755594288438546
IND752055AAA,1,2,3,0.0,1.0,0.0001704376316758095,5.0,1.4542857142857142,0.6,Khurdha_MunplDPP_D (Orissa),0.1573268288141096
IND816107AAA,1,1,2,0.0,0.0,0.0005668017814700404,64.0,1.5047797602602502,0.578125,Pakur_Hatpada_D (Jharkhand),0.15674413444894372
IND160102AAD,0,2,2,0.0,0.0,0.00013889153251591156,51.0,1.8230972966267085,0.6078431372549019,Chandigarh_Raiprkln_C (Chandigarh),0.15657704232763833
IND383315AAC,1,2,3,0.0005951147298297557,0.6666666666666666,0.0004566491021708191,44.0,1.6740368710312614,0.5681818181818182,Modasa_Central_D_1 (Gujarat),0.15510839884910596
IND335051AAA,1,1,2,0.00327375698844024,0.0,0.0009821648672389404,80.0,1.9398472203858232,0.525,RaisingNgr_BisnolDPP_D (Rajasthan),0.15444020610611858
IND263139AAA,1,1,2,0.0,0.0,0.0003470546696160388,12.0,1.9285557184750732,0.5833333333333334,Haldwani_PiliKoti_D (Uttarakhand),0.15414508028455076
IND723133AAA,2,1,3,0.0016391035216250414,0.6666666666666666,0.0006992164550472287,24.0,2.0008561381916645,0.5416666666666666,Rghunthpur_barkarRd_D (West Bengal),0.15393499724697268
IND781022AAA,1,1,2,0.0,0.0,0.0003272949356333703,24.0,2.9398658316640103,0.5833333333333334,Guwahati_Sixmile (Assam),0.15379428869275788
IND626138AAA,1,1,2,0.0,0.0,0.0,48.0,1.639375087501478,0.6041666666666666,Maharajapuram_Krsnakcl_D (Tamil Nadu),0.15319220415001045
IND473226AAA,1,2,3,0.0,0.3333333333333333,0.0005327489935977764,106.0,1.801627213625601,0.5566037735849056,Guna_Raghogrh_D (Madhya Pradesh),0.15290983145258635
IND246174AAA,2,1,3,0.0011902294596595113,0.3333333333333333,0.0012337159059094187,32.0,1.2630963557817112,0.5,SrinagarUK_Srikot_D (Uttarakhand),0.1525131408642851
IND272155AAA,0,1,1,0.0,0.0,0.00013889153251591156,5.0,1.9331159420289854,0.6,Harraiya_MahuGDPP_D (Uttar Pradesh),0.15246572038148817
IND321001AAB,1,2,3,0.0008904515173945225,0.6666666666666666,0.0004522321896378741,18.0,1.5202315127540014,0.5555555555555556,Bharatpur_NraynDPP_D (Rajasthan),0.1521984993088512
IND841301AAC,1,1,2,0.0,0.0,0.0,5.0,4.296969696969697,0.6,IND841301AAC,0.15215053748438545
IND625532AAA,0,2,2,0.0,0.0,0.0,15.0,1.6647149048844316,0.6,Usilampatti_MrutiNGR_D (Tamil Nadu),0.15215053748438545
IND415709AAA,1,2,3,0.003868580981355754,0.0,0.0006779352042217948,42.0,2.0489780164285003,0.5238095238095238,Khed_Mahad_D (Maharashtra),0.1515469073309517
IND110095AAB,1,1,2,0.0,0.0,0.0003070885101464084,7.0,1.2576030412164865,0.5714285714285714,Delhi_Jhilmil_L (Delhi),0.1504593765805158
IND636102AAA,1,1,2,0.0,0.0,0.0004562078036278024,25.0,1.2495297854316723,0.56,Attur_KaaduRd_D (Tamil Nadu),0.15024952616312479
IND491001AAA,0,1,1,0.0,0.0,0.0,5.0,1.36533682983683,0.6,Durg_Pulgaon_DC (Chhattisgarh),0.14999999984999998
IND507123AAA,1,1,2,0.0022294596595114724,0.0,0.0005430566408256008,48.0,1.308337155073287,0.5416666666666666,Yellandu_Sudimala_D (Telangana),0.14966198625955313
IND363330AAB,1,1,2,0.0,1.0,0.0003579472745914524,16.0,1.801446816734202,0.5625,Halvad_CrossRD_D (Gujarat),0.14913012173775875
IND561207AAB,1,2,3,0.0005951147298297557,0.6666666666666666,0.0014300009861304315,57.0,1.3745099160611627,0.47368421052631576,Bagepalli_TBCross_D (Karnataka),0.1487637668711565
IND508252AAB,1,1,2,0.0007720859328187237,0.0,0.0004530598715745834,24.0,1.316776497955504,0.5416666666666666,Choutuppal_Nagaram_D (Telangana),0.14646014749009822
IND333028AAA,2,2,4,0.0029755736491487786,0.16666666666666666,0.0006421626976181916,4.0,1.2425308485463151,0.5,Sultana_Central_DPP_1 (Rajasthan),0.14612706177814608
IND638501AAB,1,1,2,0.0,0.0,0.0,87.0,1.5382707659520989,0.5747126436781609,Anthiyour_TherSRT_D (Tamil Nadu),0.1458286984102475
IND695572AAB,3,2,5,1.4833516032805805e-06,0.6666666666666666,0.0006756368236383462,28.0,1.249733884014899,0.5,Kallikkad_Mutyvila_D (Kerala),0.14559826227457862
IND741165AAB,1,1,2,0.0016358253145817912,0.0,0.0008019256868508716,30.0,2.282657756776998,0.5,Nazirpur_Central_D_1 (West Bengal),0.14318756619230893
IND560027AAA,0,1,1,0.0,0.0,0.0,7.0,1.8787851037851038,0.5714285714285714,Blr_Domlur (Karnataka),0.1428571427142857
IND690548AAA,2,1,3,0.0005965951147298297,0.3333333333333333,0.0005358400358056953,45.0,1.289898866565533,0.5111111111111111,Haripad_Kumrpurm_D (Kerala),0.1422482163234615
IND263002AAA,1,1,2,0.0,1.0,0.0002891636132888565,26.0,1.2968950200943317,0.5384615384615384,Nainital_Sookhtal_D (Uttarakhand),0.1418994003433106
IND246761AAA,1,3,4,0.0011902294596595113,0.5,0.00046687254663098333,26.0,1.2782460323638867,0.5,Dhampur_NaginaRD_D (Uttar Pradesh),0.1410500234316016
IND363310AAB,2,1,3,0.003268689859363434,0.6666666666666666,0.0007004766457475072,54.0,1.9216077773467721,0.48148148148148145,Dhrangadhra_NvygRDPP_D (Gujarat),0.1407047679841683
IND335524AAA,2,1,3,0.0,0.6666666666666666,0.0006295489158499544,2.0,1.173913043478261,0.5,Rawatsar_ShivmDPP_D (Rajasthan),0.14047736256222487
IND152107AAA,2,1,3,0.0,1.0,0.0006237710953309141,2.0,1.6636029411764706,0.5,Malout_DC (Punjab),0.14037478978170337
IND673305AAA,2,1,3,0.0,0.6666666666666666,0.00038834825163680704,31.0,1.630058651026393,0.5161290322580645,Koyilandy_Pshrikvu_D (Kerala),0.1402276214310675
IND636016AAA,1,2,3,0.0,0.0,0.0,81.0,1.4256446627476325,0.5432098765432098,Salem (Tamil Nadu),0.14010354426877095
IND307001AAA,1,1,2,0.001785344189489267,0.0,0.000569943776099723,4.0,1.7350898692810457,0.5,Sirohi_Ricco_D (Rajasthan),0.13923380243172706
IND201307AAA,1,1,2,0.0,0.0,0.0006778589178014512,58.0,1.56725305345995,0.5,Noida_Chukhndi_D (Uttar Pradesh),0.1391844651419712
IND343029AAB,1,1,2,0.0023804589193190226,0.0,0.0005079671457480809,6.0,1.6219545842052234,0.5,Bhinmal_RwStnDPP_D (Rajasthan),0.1387885868161208
IND577116AAA,3,1,4,0.0,0.6666666666666666,0.0012757651249872483,16.0,0.9305050523110794,0.4375,IND577116AAA,0.13847507958694094
IND506343AAA,1,1,2,0.00178892203355638,0.0,0.0004960973107953608,4.0,1.1888888888888889,0.5,Mulugu_LaxmiNGR_D (Telangana),0.13792675536979787
IND711303AAA,1,1,2,0.002398223538119911,1.0,0.00041212983799714386,34.0,1.315116719899741,0.5,Bagnan_Harop_D (West Bengal),0.13710675509312698
IND000000ABA,1,1,2,0.0005951147298297557,1.0,0.0004949127814893672,8.0,1.8941042510121457,0.5,Cochin_Chtrpuza_D (Kerala),0.1365916960425233
IND140406AAA,1,1,2,0.0002974119964577564,1.0,0.00047659176083876233,14.0,2.292247241168662,0.5,SirhindFatehgarh_DC (Punjab),0.13593876260400037
IND721139AAC,2,2,4,0.0011991117690599556,0.3333333333333333,0.0015752278890488315,15.0,1.6848870024109248,0.4,Panskura_Central_D_3 (West Bengal),0.13573626631415558
IND110083AAA,1,1,2,0.0,0.0,0.00047388334988263196,2.0,3.9714285714285715,0.5,Delhi_Mangol_DC (Delhi),0.1355633174979866
IND465001AAA,1,3,4,0.0028201332346410066,0.5,0.0006677903125517033,33.0,1.4986928536453121,0.45454545454545453,Shajapur_MhpraRD_D (Madhya Pradesh),0.13504729447043914
IND571438AAB,0,1,1,0.0,0.0,0.0,13.0,2.71012521034768,0.5384615384615384,Srirangapatna_Bburynkpl_D (Karnataka),0.1346153844807692
IND209101AAA,1,1,2,0.002376017764618801,0.0,0.0007197258880338358,26.0,1.1162093806100282,0.46153846153846156,Akbarpur_NehruNGR_D (Uttar Pradesh),0.13292763497626175
IND201001AAC,2,2,4,7.757194897731533e-05,1.0,0.00045878033598811097,17.0,1.255950345650577,0.47058823529411764,Ghaziabad_Central_L_8 (Uttar Pradesh),0.13232871394847945
IND152101AAA,1,1,2,0.0,0.0,0.0002792734542154584,4.0,1.2908033033033033,0.5,Giddarbaha_DC (Punjab),0.13210843722785676
IND244412AAA,1,2,3,0.0011896479858310256,0.6666666666666666,0.0005624808156530446,28.0,1.1085386463215234,0.4642857142857143,Chandausi_Ganesh_D (Uttar Pradesh),0.131667593596757
IND643217AAA,2,1,3,0.0,0.0,0.0,20.0,1.1983642005628317,0.5,Kotagiri_CroslySRT_D (Tamil Nadu),0.12930107514377095
IND177101AAA,1,2,3,0.0,0.0,0.0,6.0,1.3444444444444443,0.5,DehraGopipur_Central_D_1 (Himachal Pradesh),0.12930107514377095
IND624703AAA,2,1,3,0.0,0.0,0.0,2.0,1.22,0.5,Gujiliam_Parai_D (Tamil Nadu),0.12930107514377095
IND335803AAA,1,1,2,0.0,1.0,0.0005098284502772719,17.0,1.3432518461930225,0.47058823529411764,Pilibanga_BsstdDPP_D (Rajasthan),0.12884850430142422
IND732204AAB,1,2,3,0.0,0.3333333333333333,0.0012005764190414032,17.0,1.1454193268943162,0.4117647058823529,Paranpur_Nijgan_D (West Bengal),0.12855590461747232
IND244715AAA,2,2,4,0.0,1.0,0.0014436588824274122,34.0,1.3428814644349156,0.38235294117647056,Ramnagar_BhwniGnj_D (Uttarakhand),0.12766890757267102
IND591126AAA,0,1,1,0.0,0.0,0.00013889153251591156,4.0,1.266025641025641,0.5,Saundatti_ShanthiS_D (Karnataka),0.12746572040648818
IND464001AAA,0,1,1,0.0,0.0,0.00013889153251591156,2.0,2.677139037433155,0.5,Vidisha_ShrprDPP_D (Madhya Pradesh),0.12746572040648818
IND781018AAA,0,1,1,0.0,0.0,0.00013889153251591156,2.0,1.0629084967320261,0.5,Guwahati_East (Assam),0.12746572040648818
IND625218AAA,1,1,2,0.0,0.0,0.0,4.0,2.2674313990103463,0.5,Vadipatti_lalaNGR_D (Tamil Nadu),0.12715053750938546
IND639104AAB,1,1,2,0.0,0.0,0.0,2.0,1.013685239491691,0.5,Kulithalai_AnnaNGR_D (Tamil Nadu),0.12715053750938546
IND623704AAA,1,1,2,0.0,0.0,0.0,14.0,1.2505119478333764,0.5,Muthukulathur_VaiklSRT_D (Tamil Nadu),0.12715053750938546
IND176310AAA,1,1,2,0.0,0.0,0.0,39.0,6.4301356714115405,0.48717948717948717,Chamba_Bangotu_D (Himachal Pradesh),0.1239454093074624
IND283122AAB,1,2,3,0.0,0.0,0.0002569588042254711,27.0,13.59038869210651,0.4444444444444444,Kirauli_AchneraRD_D (Uttar Pradesh),0.11997393735502103
IND484446AAA,2,1,3,0.0032752403400435216,0.3333333333333333,0.0006487210411621458,30.0,1.5613798488975403,0.4,Dola_ChainDPP_D (Madhya Pradesh),0.11942279830531377
IND384265AAB,1,2,3,0.0011887490747594374,0.3333333333333333,0.0004825829070987864,36.0,1.2609718021090501,0.4166666666666667,Patan_Central_D_2 (Gujarat),0.11834342668807935
IND678683AAA,1,1,2,0.0005951147298297557,0.0,0.000521511082860547,26.0,1.7196194438236878,0.4230769230769231,Vadakkencherry_Robinson_D (Kerala),0.11783312248327285
IND363001AAA,1,1,2,0.0,0.0,0.0,26.0,1.5528762533350966,0.46153846153846156,Surendranagar_DC (Gujarat),0.11753515290361626
IND628204AAA,1,1,2,0.0,0.0,0.0,68.0,1.257974500989207,0.45588235294117646,Tirchchndr_Shnmgprm_D (Tamil Nadu),0.116121125755709
IND363520AAC,0,1,1,0.0,0.0,0.0,39.0,1.320767561589827,0.46153846153846156,Chotila_Central_D_2 (Gujarat),0.11538461526923077
IND148101AAA,1,1,2,0.0005936343449296817,1.0,0.0006777591563916458,5.0,1.1454545454545455,0.4,Barnala_DC (Punjab),0.11483611085085663
IND344001AAA,1,3,4,0.0011872686898593634,0.6666666666666666,0.0002781504519522602,99.0,1.1630436036406773,0.40404040404040403,Barmer_Nehru3PL_D (Rajasthan),0.1137065105065261
IND465333A1B,1,2,3,0.0,1.0,0.0002544999553866283,5.0,1.1588383838383838,0.4,IND465333A1B,0.10881917468061664
IND689645AAA,1,1,2,0.0,1.0,0.00037310994874611265,30.0,1.2480768167053446,0.4,Pthnmthitt_Klskhrpt_D (Kerala),0.10877430245699085
IND562117AAA,1,1,2,0.0,0.0,0.0002569588042254711,27.0,1.3308048178272986,0.4074074074074074,Kanakapura_VaniThtr_D (Karnataka),0.10856414047063556
IND335701AAA,2,1,3,0.002227994108127431,0.3333333333333333,0.000993018201723193,27.0,1.2313526078597,0.3333333333333333,Anupgarh_PrmNrDPP_D (Rajasthan),0.10771567753086744
IND562101AAA,2,1,3,0.0011917098445595855,0.6666666666666666,0.001525430218447988,47.0,1.3056874536437806,0.2978723404255319,Chikblapur_ShntiSgr_D (Karnataka),0.107161615898482
IND383001AAA,1,1,2,0.0011902294596595113,1.0,0.0003734476504808383,26.0,1.2075367181654866,0.38461538461538464,Himmatnagar_DC (Gujarat),0.10624423618566413
IND383255AAB,1,1,2,0.0,1.0,0.0003462243567452643,36.0,1.5141180257203986,0.3888888888888889,Khedbrahma_Patelfli_D (Gujarat),0.10551922880227181
IND335703AAA,1,1,2,0.0,1.0,0.0005336175704796984,32.0,1.5823852362914863,0.375,Srivijaynagar_BhwanDPP_D (Rajasthan),0.1053737701824015
IND160055AAA,2,1,3,0.0,1.0,0.0005777891648830598,75.0,1.462911764838594,0.36,Chandigarh_Mohali (Chandigarh),0.1045584795065716
IND627657AAA,1,1,2,0.0,0.0,0.0,44.0,1.2426814128580241,0.4090909090909091,Thisayanvilai_UdnkdiRD_D (Tamil Nadu),0.10442326480484003
IND331023AAA,1,1,2,0.003867097629752473,0.0,0.0007690578674398627,6.0,1.2265752765752767,0.3333333333333333,Rajgarh_SadulDPP_D (Rajasthan),0.10339337635564957
IND621306AAA,0,1,1,0.0,0.0,0.0,39.0,1.5420756769392385,0.41025641025641024,Manapparai_BypassRd_D (Tamil Nadu),0.10256410246153845
IND335804AAD,2,2,4,0.0034122871946706134,0.3333333333333333,0.0009361451883519323,43.0,1.3039002545122498,0.3023255813953488,Suratgarh_Central_DPP_2 (Rajasthan),0.10240817732058566
IND603001AAA,1,1,2,0.0005936343449296817,1.0,0.0004228825817669283,49.0,1.5036945947210054,0.3673469387755102,Chennai_Chnglptu_DC (Tamil Nadu),0.10214805997624213
IND454001AAA,0,1,1,0.0,0.0,0.00013889153251591156,68.0,1.155258960871757,0.39705882352941174,Dhar_Trimurti_D (Madhya Pradesh),0.10173042631457642
IND151506AAA,1,1,2,0.0032767236916468024,0.0,0.0006161652879055248,48.0,1.2903036693180272,0.3333333333333333,Jhunir_BhaRDDPP_D (Punjab),0.10002926935306061
IND624601AAA,1,2,3,0.0,0.0,0.0,34.0,1.6567956767092866,0.38235294117647056,Palani_RjndraRd_D (Tamil Nadu),0.09988931046730035
IND505302AAB,2,3,5,0.0029644707623982234,0.4,0.0004861679805249469,23.0,1.2403540402474285,0.30434782608695654,Vemulawada_Central_DPP_2 (Telangana),0.09658298417157266
IND638452AAA,1,1,2,0.0,0.0,0.0,8.0,1.530566534914361,0.375,Gobicheti_Ward25_D (Tamil Nadu),0.09590053754063547
IND643231AAA,1,1,2,0.0,0.0,0.0,11.0,1.2142324393872383,0.36363636363636365,Coonoor_Fairybnk_D (Tamil Nadu),0.0930596284525673
IND623701AAA,1,1,2,0.0,0.0,0.0,14.0,1.1279719938343191,0.35714285714285715,Paramakudi_VagaiNgr_D (Tamil Nadu),0.09143625183081405
IND673027AAB,1,2,3,0.0,0.3333333333333333,0.0001927515632329592,15.0,7.945690235690235,0.3333333333333333,Kozhikode_Feroke_H (Kerala),0.09105629809210043
IND621704AAA,1,1,2,0.0,0.0,0.0,34.0,1.1384733421239013,0.35294117647058826,Ariyalur_Kmrajngr_D (Tamil Nadu),0.09038583166379724
IND000000AFJ,1,2,3,1.4803849000740192e-06,1.0,0.00047486636544771273,42.0,1.1577854684997544,0.30952380952380953,Trivandrum_Pettah_D (Kerala),0.09011388835689908
IND695582AAA,0,2,2,0.0,1.0,0.00013889153251591156,42.0,1.3875927643784787,0.3333333333333333,Kazhakkoottam_Rdiosttn_D (Kerala),0.08794959141587366
IND722140AAA,1,2,3,0.002227979274611399,0.6666666666666666,0.0006719872428541323,11.0,5.122599678716969,0.2727272727272727,Khatra_KoralDPP_D (West Bengal),0.08686493163567506
IND495334AAB,1,1,2,0.0,0.0,0.0,58.0,1.0414949464023595,0.3275862068965517,Mungeli_Panderia_D (Chhattisgarh),0.08404708927662685
IND174307AAA,1,1,2,0.0,1.0,0.00035547375144320565,17.0,1.170719579998044,0.29411764705882354,Bangana_Bhaleti_D (Himachal Pradesh),0.08199062148434334
IND385320AAA,1,1,2,0.0,1.0,0.00035425713732709487,24.0,1.2160760281896716,0.2916666666666667,Bhabhar_TirupDPP_D (Gujarat),0.08135627801910673
IND571440AAA,1,1,2,1.3350164429525225e-05,0.0,0.0006965838107148577,19.0,1.248142335418808,0.2631578947368421,Kollegala_NarsipuraRd_D (Karnataka),0.0803210537016638
IND140501AAA,1,1,2,0.0,1.0,0.0002952556197306795,28.0,1.1209882322494216,0.2857142857142857,Lalru_OnkarDPP_D (Punjab),0.07882073769573897
IND244601AAB,2,1,3,0.0,0.6666666666666666,0.00048332605595787745,23.0,1.2302391695922565,0.2608695652173913,Thakurdwara_Fathuluh_D (Uttar Pradesh),0.07809888144026611
IND577401AAA,1,2,3,0.0008156920799407846,0.6666666666666666,0.00036490829006129784,34.0,1.4937066163668857,0.2647058823529412,Sagara_Vardhard_D (Karnataka),0.07785354485535184
IND303338AAB,2,1,3,0.0,0.0,0.0,24.0,1.0413605462270323,0.2916666666666667,Phulera_NarenaRD_D (Rajasthan),0.07721774186252095
IND638401AAA,1,1,2,0.0,0.0,0.0,27.0,1.5408280972077506,0.2962962962962963,Sathyamangalam_Mlydpthr_D (Tamil Nadu),0.07622461163438547
IND151302AAA,1,1,2,0.0011851979310211838,0.0,0.0004969265952494294,32.0,0.9953696677135077,0.25,TalwandiSabo_Wardno3_D (Punjab),0.07477695500737758
IND415124AAA,1,1,2,0.0017770552207301354,0.0,0.0005810654622872325,58.0,1.2116907125892615,0.2413793103448276,Karad_Mundhe_D (Maharashtra),0.07476694799277536
IND532222AAA,1,2,3,0.0,1.0,0.0006734264860880597,26.0,0.9264623392608715,0.23076923076923078,Palasa_Central_DPP_1 (Andhra Pradesh),0.07394862224099716
IND207001AAA,1,1,2,0.0,0.0,0.0003573394993322484,23.0,1.1605918014098793,0.2608695652173913,Etah_CivlLine_D (Uttar Pradesh),0.07371172337455431
IND815351AAA,1,1,2,0.0011902294596595113,0.0,0.00042825431933299265,36.0,1.1705918600042662,0.25,Jamtara_D (Jharkhand),0.0735633646320513
IND141109AAA,2,1,3,0.0,1.0,0.00021494397648950052,36.0,1.0893269403765071,0.25,Raikot_DC (Punjab),0.07061694336143844
IND147201AAA,2,1,3,0.0,0.3333333333333333,0.0004807279744702827,13.0,1.3090891017814092,0.23076923076923078,Nabha_Sahni_D (Punjab),0.07052767448502985
IND508116AAA,1,2,3,0.0011872686898593634,0.6666666666666666,0.00043334380589313216,31.0,1.1110251177027834,0.22580645161290322,Bhuvanagiri_HBColny_D (Telangana),0.06975260913044211
IND623526AAA,1,1,2,0.0,0.0,0.0,32.0,1.0323807501087907,0.25,Rameswram_Kdthdstrt_D (Tamil Nadu),0.06465053757188548
IND385340AAB,2,1,3,0.0,0.3333333333333333,0.0006355680446181301,16.0,1.0707124082300032,0.1875,Radhanpur_Santalpr_D (Gujarat),0.06245921933000201
IND523105AAA,2,1,3,0.0005951147298297557,0.6666666666666666,0.0009031451161956972,38.0,0.9855845700432606,0.10526315789473684,Kandukur_LICOffce_D (Andhra Pradesh),0.04730531061855903
IND563130AAA,2,1,3,0.0,0.6666666666666666,0.0004461521634153615,30.0,1.1065001942501942,0.13333333333333333,Malur_NharuExt_D (Karnataka),0.045554880966000105
IND623407AAA,1,1,2,0.0,0.0,0.0,30.0,1.1075955988455988,0.16666666666666666,Thiruvadanai_RamnadRD_D (Tamil Nadu),0.04381720425938547
IND624101AAA,1,1,2,0.0,0.0,0.0,20.0,0.9111201667573197,0.15,Kodaikanal_Athithnr_DC (Tamil Nadu),0.03965053759688547
IND623503AAA,1,1,2,0.0,0.0,0.0,21.0,1.06484222316927,0.14285714285714285,Ramnthpurm_TnhbBlkC_D (Tamil Nadu),0.0378648233129569
IND125051AAA,3,1,4,0.0011902294596595113,0.3333333333333333,0.0013347567472407824,4.0,1.0351897204806688,0.0,Ratia_SchdvDPP_D (Haryana),0.03145744151530722
IND122001AAJ,1,1,2,0.0011896479858310256,0.0,0.0004748249809400554,26.0,0.872687531933468,0.07692307692307693,Mahbubabad_Yellanda_D (Telangana),0.031120255840549442
IND501218AAC,2,0,2,0.0,1.0,0.0014705571695814161,,,,,0.028257118360238347
IND000000ACS,4,0,4,0.0,0.5,0.000826334998708071,,,,,0.021121414116332202
IND250002AAC,2,0,2,0.0,1.0,0.001020116708311901,,,,,0.02026051645480529
IND686141AAA,1,0,1,0.0,0.0,0.0010920616411920676,,,,,0.01938720641612543
IND203205AAA,1,0,1,0.0,0.0,0.0010203375075675113,,,,,0.01811389863646643
IND791111AAC,2,0,2,0.0,1.0,0.0008865542073806874,,,,,0.01788940142124285
IND222136AAA,2,0,2,0.0,0.0,0.0008620721906004113,,,,,0.017454775851678702
IND851204AAA,2,0,2,0.0,1.0,0.0008454360848865021,,,,,0.017159437563737393
IND571401AAA,1,1,2,0.0,0.0,0.0,20.0,1.0219857476065535,0.05,Mandya_Dc (Karnataka),0.014650537621885479
IND480106AAA,1,0,1,0.0,0.0,0.0007910053934216314,,,,,0.014042600032901024
IND176041AAA,2,0,2,0.0,1.0,0.000649223007762818,,,,,0.01367609625382047
IND211013AAA,1,0,1,0.0,0.0,0.0007636203146763337,,,,,0.013556436839972284
IND470227AAB,2,0,2,0.0,1.0,0.0006303491714980295,,,,,0.01334103187125486
IND790114AAA,2,0,2,0.0,1.0,0.0006168975812874043,,,,,0.013102227809101506
IND306001AAA,1,0,1,0.0,0.0,0.0007076804343064191,,,,,0.012563344539393843
IND506164AAA,1,0,1,0.0,0.0,0.0006632773757814978,,,,,0.011775063705547996
IND673639AAA,2,0,2,0.0,0.0,0.0005409943051955079,,,,,0.011754728340438322
IND321401AAB,2,0,2,0.0,1.0,0.0005141433362185501,,,,,0.011278047118066088
IND679576AAA,1,0,1,0.0,0.0,0.0006176073009836352,,,,,0.010964289721966307
IND600013AAA,1,0,1,0.0,0.0,0.0006154278305366591,,,,,0.010925597910222741
IND799008AAA,1,0,1,0.0,0.0,0.0006073184715197237,,,,,0.010781633676672538
IND122050AAA,2,0,2,0.0,1.0,0.0004770908218850116,,,,,0.010620259392057664
IND531162AAA,2,0,2,0.0,0.0,0.00047456827377347543,,,,,0.010575476974025312
IND132039AAA,1,0,1,0.0,0.0,0.0005895300005045959,,,,,0.01046583762048921
IND421302AAH,2,0,2,0.0,0.0,0.00045307537449518974,,,,,0.010193916758858088
IND722101AAC,2,0,2,0.0,1.0,0.00043905605110291027,,,,,0.009945033814737964
IND394221AAA,1,0,1,0.0,0.0,0.0005599450641622067,,,,,0.009940620685800676
IND389230AAB,1,0,1,0.0,0.0,0.0005567334345565745,,,,,0.009883605107423098
IND571602AAA,1,0,1,0.0,0.0,0.0005560165515510874,,,,,0.009870878391018682
IND457661AAA,1,0,1,0.0,0.0,0.0005541305896674448,,,,,0.009837397192749314
IND505172AAA,1,0,1,0.0,0.0,0.000552167298684268,,,,,0.009802543182581704
IND431401AAA,1,0,1,0.0,0.0,0.0005443813727478508,,,,,0.009664320807968111
IND423301AAB,1,0,1,0.0,0.0,0.0005410596700081659,,,,,0.00960535111776181
IND764073AAA,1,0,1,0.0,0.0,0.0005300696943476478,,,,,0.009410247729269855
IND500035AAD,1,0,1,0.0,0.0,0.000527033165604066,,,,,0.009356340690216585
IND250609AAA,1,0,1,0.0,0.0,0.0005231207598263447,,,,,0.009286884337630546
IND475661AAB,1,0,1,0.0,0.0,0.0005134070866220844,,,,,0.009114438955093151
IND431001AAA,1,0,1,0.0,0.0,0.0005072530166487068,,,,,0.009005186674477457
IND210301AAA,1,0,1,0.0,0.0,0.0005045662316798719,,,,,0.008957488584166652
IND380015AAB,1,0,1,0.0,0.0,0.0004975041811589696,,,,,0.008832117061163254
IND602105AAB,1,0,1,0.0,0.0,0.0004878174117434614,,,,,0.008660149297549774
IND148024AAB,1,0,1,0.0,0.0,0.00048074508583489966,,,,,0.008534595357131419
IND412803AAB,1,1,2,0.0005936343449296817,0.0,0.00032130430572018605,2.0,1.1150537634408602,0.0,Wai_Central_DPP_3 (Maharashtra),0.008508021484722416
IND123106AAB,1,0,1,0.0,0.0,0.00047350370527230633,,,,,0.008406040214812283
IND231001AAA,1,0,1,0.0,0.0,0.00046541159740755414,,,,,0.008262382238377683
IND421004AAA,1,0,1,0.0,0.0,0.00046282498778783295,,,,,0.008216462546005068
IND382345AAA,1,0,1,0.0,0.0,0.00046164291629466374,,,,,0.008195477408195748
IND400078AAB,1,0,1,0.0,0.0,0.00045865688789354346,,,,,0.008142466894142952
IND484224AAA,1,1,2,0.0,1.0,0.0003332836960549121,2.0,0.9750000000000001,0.0,Anuppur_JthriDPP_DC (Madhya Pradesh),0.00806727307021
IND560066AAB,1,0,1,0.0,0.0,0.00044992779433813393,,,,,0.007987500606342873
IND828205AAA,1,0,1,0.0,0.0,0.0004404580306527572,,,,,0.007819385312887532
IND110046AAA,1,0,1,0.0,0.0,0.00043762782636926355,,,,,0.0077691411210084
IND583121AAA,1,0,1,0.0,0.0,0.0004325104013191434,,,,,0.007678292242132448
IND507167AAA,1,0,1,0.0,0.0,0.0004264267309306134,,,,,0.007570289754780768
IND690573AAA,1,0,1,0.0,0.0,0.000415707536344615,,,,,0.007379993502065108
IND721507AAA,1,0,1,0.0,0.0,0.00041425945932247246,,,,,0.007354286008022848
IND000000ACO,1,0,1,0.0,0.0,0.0004116974984257796,,,,,0.007308803900730802
IND110005AAA,1,0,1,0.0,0.0,0.0004031582540015691,,,,,0.007157207976063761
IND741502AAB,1,0,1,0.0,0.0,0.000387089773995699,,,,,0.006871946662126264
IND122015AAC,1,0,1,0.0,0.0,0.0003835416817966343,,,,,0.006808957913824818
IND281004AAA,1,0,1,0.0,0.0,0.0003799369855970632,,,,,0.006744964283197683
IND786602AAA,1,0,1,0.0,0.0,0.00037874144833634834,,,,,0.0067237400896381075
IND332709AAA,1,0,1,0.0,0.0,0.0003764609255346996,,,,,0.006683254310608288
IND333502AAA,1,0,1,0.0,0.0,0.0003726353309026605,,,,,0.006615339103262662
IND148001AAA,1,0,1,0.0,0.0,0.0003627242162366776,,,,,0.006439388572087925
IND396210AAA,1,0,1,0.0,0.0,0.0003602767329171254,,,,,0.00639593876804171
IND244501AAA,1,1,2,0.0,1.0,0.00023875279325289784,16.0,0.9216963048335434,0.0,Kanth_Dayanand_D (Uttar Pradesh),0.006389080140253389
IND431103AAA,1,0,1,0.0,0.0,0.00035381114378879683,,,,,0.0062811561346219225
IND140603AAA,1,0,1,0.0,0.0,0.00035316968528440465,,,,,0.006269768418065505
IND473551AAA,1,0,1,0.0,0.0,0.000349119996444532,,,,,0.006197874899880956
IND332715AAB,1,0,1,0.0,0.0,0.00034634591727043335,,,,,0.006148627088645485
IND761020AAA,1,0,1,0.0,0.0,0.0003424730307957383,,,,,0.006079872316314894
IND500084AAB,1,0,1,0.0,0.0,0.0003278951014810737,,,,,0.005821072525091953
IND282005AAA,1,0,1,0.0,0.0,0.0003272367929165022,,,,,0.005809385671946082
IND400052AAA,1,0,1,0.0,0.0,0.00032385199306565206,,,,,0.005749295828195073
IND560064AAA,1,0,1,0.0,0.0,0.0003158412969281245,,,,,0.005607083141935368
IND110085AAA,1,0,1,0.0,0.0,0.0003128295915332471,,,,,0.005553616788066084
IND401208AAA,1,0,1,0.0,0.0,0.0003084867582270988,,,,,0.005476519120167762
IND110087AAA,1,0,1,0.0,0.0,0.00030638744119927176,,,,,0.005439250260044681
IND600056AAD,1,0,1,0.0,0.0,0.00030495759154913695,,,,,0.005413866353802054
IND711409AAA,1,0,1,0.0,0.0,0.00030112677639539326,,,,,0.005345858467318119
IND221005A1A,1,0,1,0.0,0.0,0.00029484537084335306,,,,,0.005234345617285342
IND733124AAA,1,0,1,0.0,0.0,0.0002907994934320375,,,,,0.005162519762819936
IND410210AAA,1,0,1,0.0,0.0,0.0002903964846612732,,,,,0.005155365208597349
IND421302AAS,1,0,1,0.0,0.0,0.0002821082439600715,,,,,0.005008225315353475
IND678583AAA,1,0,1,0.0,0.0,0.00027979492640850935,,,,,0.004967157336050379
IND226004AAC,1,0,1,0.0,0.0,0.00027440121297193714,,,,,0.0048714035509159525
IND233221AAC,1,0,1,0.0,0.0,0.00027296383024189214,,,,,0.004845885911036268
IND741316AAA,1,0,1,0.0,0.0,0.00025822081113463627,,,,,0.0045841553055026366
IND683511AAB,1,0,1,0.0,0.0,0.0002551208182851327,,,,,0.004529121597701825
IND410209AAA,1,0,1,0.0,0.0,0.00024907695225799277,,,,,0.004421825751203943
IND360002AAB,3,0,3,0.0,0.0,0.0,,,,,0.004301075268770957
IND501359AAF,3,0,3,0.0,0.0,0.0,,,,,0.004301075268770957
IND600044AAC,3,0,3,0.0,0.0,0.0,,,,,0.004301075268770957
IND580030AAA,1,0,1,0.0,0.0,0.0002351267936461489,,,,,0.004174170679050428
IND851112AAB,1,0,1,0.0,0.0,0.0002339049387297541,,,,,0.004152479272099402
IND272175AAA,1,0,1,0.0,0.0,0.00023251208972291306,,,,,0.004127752232723999
IND232327AAA,1,0,1,0.0,0.0,0.00021033890584561428,,,,,0.003734115027169692
IND122413AAE,1,0,1,0.0,0.0,0.00019811746034415967,,,,,0.0035171495394143576
IND160002AAD,1,0,1,0.0,0.0,0.00019234487443416988,,,,,0.0034146696881216902
IND122101AAC,1,0,1,0.0,0.0,0.00018918009697215795,,,,,0.0033584858688180913
IND629001AAA,2,0,2,0.0,0.0,0.0,,,,,0.0021505376343854783
IND733210AAA,2,0,2,0.0,0.0,0.0,,,,,0.0021505376343854783
IND231216AAA,2,0,2,0.0,0.0,0.0,,,,,0.0021505376343854783
IND620012AAA,2,0,2,0.0,0.0,0.0,,,,,0.0021505376343854783
IND636402AAA,2,0,2,0.0,0.0,0.0,,,,,0.0021505376343854783
IND803212AAB,2,0,2,0.0,0.0,0.0,,,,,0.0021505376343854783
IND813213AAA,2,0,2,0.0,0.0,0.0,,,,,0.0021505376343854783
IND841428AAA,2,0,2,0.0,0.0,0.0,,,,,0.0021505376343854783
IND813203AAA,2,0,2,0.0,0.0,0.0,,,,,0.0021505376343854783
IND712310AAA,2,0,2,0.0,0.0,0.0,,,,,0.0021505376343854783
IND841207AAB,2,0,2,0.0,0.0,0.0,,,,,0.0021505376343854783
IND364710AAA,1,0,1,0.0,0.0,0.0,,,,,0.0
IND272153AAC,1,0,1,0.0,0.0,0.0,,,,,0.0
IND224122AAA,1,0,1,0.0,0.0,0.0,,,,,0.0
IND262723AAB,1,0,1,0.0,0.0,0.0,,,,,0.0
IND226024AAA,1,0,1,0.0,0.0,0.0,,,,,0.0
IND360050AAA,1,0,1,0.0,0.0,0.0,,,,,0.0
IND364001AAA,1,0,1,0.0,0.0,0.0,,,,,0.0
IND226016AAA,1,0,1,0.0,0.0,0.0,,,,,0.0
IND736101AAA,1,0,1,0.0,0.0,0.0,,,,,0.0
IND560099AAA,1,0,1,0.0,0.0,0.0,,,,,0.0
IND517408AAA,1,0,1,0.0,0.0,0.0,,,,,0.0
IND803108AAB,1,0,1,0.0,0.0,0.0,,,,,0.0
IND804401AAA,1,0,1,0.0,0.0,0.0,,,,,0.0
IND770017AAB,1,0,1,0.0,0.0,0.0,,,,,0.0
IND736165AAA,1,0,1,0.0,0.0,0.0,,,,,0.0
IND000000AFS,1,0,1,0.0,0.0,0.0,,,,,0.0
IND411057AAF,1,0,1,0.0,0.0,0.0,,,,,0.0
IND637001AAA,1,0,1,0.0,0.0,0.0,,,,,0.0
IND613104AAA,1,0,1,0.0,0.0,0.0,,,,,0.0
IND622001AAA,1,0,1,0.0,0.0,0.0,,,,,0.0
IND636005AAC,1,0,1,0.0,0.0,0.0,,,,,0.0
IND638052AAA,1,0,1,0.0,0.0,0.0,,,,,0.0
IND445001AAB,1,0,1,0.0,0.0,0.0,,,,,0.0
IND441107AAB,1,0,1,0.0,0.0,0.0,,,,,0.0
IND496001AAA,1,0,1,0.0,0.0,0.0,,,,,0.0
IND110064AAB,1,0,1,0.0,0.0,0.0,,,,,0.0
IND110037AAB,1,0,1,0.0,0.0,0.0,,,,,0.0
IND562160AAB,1,0,1,0.0,0.0,0.0,,,,,0.0
IND492007AAA,1,0,1,0.0,0.0,0.0,,,,,0.0
IND490023AAA,1,0,1,0.0,0.0,0.0,,,,,0.0
IND495671AAA,1,0,1,0.0,0.0,0.0,,,,,0.0
IND491995AAB,1,0,1,0.0,0.0,0.0,,,,,0.0
IND481001AAA,1,0,1,0.0,0.0,0.0,,,,,0.0
IND440014AAA,1,0,1,0.0,0.0,0.0,,,,,0.0
IND734203AAA,1,0,1,0.0,0.0,0.0,,,,,0.0
IND131028AAA,1,0,1,0.0,0.0,0.0,,,,,0.0
IND176001AAA,1,0,1,0.0,0.0,0.0,,,,,0.0
IND176001AAB,1,0,1,0.0,0.0,0.0,,,,,0.0
IND302023AAA,1,0,1,0.0,0.0,0.0,,,,,0.0
IND302033AAB,1,0,1,0.0,0.0,0.0,,,,,0.0
IND331001A1C,1,0,1,0.0,0.0,0.0,,,,,0.0
